{"weights": [[1.65], [1.65], [0.75], [0.75, 0.75], [0.65], [0.65], [0.5], [0.5], [0.65], [0.65], [0.7], [0.7], [0.7], [0.7], [0.75], [0.75, 0.7], [0.9], [0.9, 0.5], [1.0], [1.0], [1.45], [1.45], [0.7], [0.7], [0.6], [0.6, 0.5], [0.75], [0.5], [0.75], [0.75], [1.75], [1.75], [0.5], [0.5], [0.7], [0.7, 0.5], [0.7, 0.75, 0.5], [0.7], [1.0], [1.0], [0.5], [0.5], [0.8], [0.8], [0.5, 0.7], [0.8], [0.8, 0.7], [1.1], [1.1], [3.1], [3.1], [0.7], [0.7], [1.3], [1.3, 0.9], [2.5], [2.5], [0.5], [0.5], [0.7], [0.7], [0.9, 0.85], [0.5], [0.5], [0.6], [0.6], [3.4], [3.4], [0.25], [0.25], [4.1], [4.1], [0.9], [0.9, 1.1], [1.3], [1.3], [4.2], [4.2], [0.5], [0.65], [0.65], [1.25], [1.25], [0.5499999999999683], [0.5499999999999683], [0.6], [0.6], [0.85], [0.5], [0.5], [0.5], [0.5], [0.8], [0.8], [0.5], [0.5], [0.7], [0.7], [0.8], [0.8], [0.8], [0.8], [0.8], [0.8], [0.25], [0.25], [1.0], [1.0], [0.7], [1.1], [0.9], [0.9], [0.5], [0.5], [0.7], [0.7], [0.5], [0.5, 0.75], [0.75], [0.6], [0.6, 0.8], [0.8], [0.85], [0.85, 0.8], [0.8], [1.0], [1.0, 1.0], [1.0], [0.75], [0.75, 0.7], [0.7], [0.75], [0.5], [0.6], [0.6, 0.7], [0.7], [0.7, 1.0], [1.0], [0.85], [0.85, 2.7], [0.7], [0.7, 1.1], [1.1], [1.0], [1.0, 0.7, 0.7], [0.7], [0.75], [0.75, 2.7]], "edges": [[1], [0], [3], [2, 26], [5], [4], [7], [6], [9], [8], [11], [10], [13], [12], [15], [14, 108], [17], [16, 78], [19], [18], [21], [20], [23], [22], [25], [24, 27], [3], [25], [29], [28], [31], [30], [33], [32], [35], [34, 44], [37, 131, 132], [36], [39], [38], [41], [40], [43], [42], [35, 46], [46], [45, 44], [48], [47], [50], [49], [52], [51], [54], [53, 61], [56], [55], [58], [57], [60], [59], [54, 87], [63], [62], [65], [64], [67], [66], [69], [68], [71], [70], [73], [72, 109], [75], [74], [77], [76], [17], [80], [79], [82], [81], [84], [83], [86], [85], [61], [89], [88], [91], [90], [93], [92], [95], [94], [97], [96], [99], [98], [101], [100], [103], [102], [105], [104], [107], [106], [15], [73], [111], [110], [113], [112], [115], [114], [117], [116, 118], [117], [120], [119, 121], [120], [123], [122, 124], [123], [126], [125, 127], [126], [129], [128, 130], [129], [36], [36], [134], [133, 144], [136], [135, 137], [136], [139], [138, 147], [141], [140, 142], [141], [144], [143, 145, 134], [144], [147], [146, 139]], "vertices": [[670.0, 138.47727272727272], [624.0, 138.47727272727272], [124.0, 235.0], [124.0, 138.0], [232.3783783783784, 309.0], [232.3783783783784, 199.0], [710.0, 359.0], [710.0, 339.0], [596.0, 138.49333333333334], [520.0, 138.49333333333334], [260.0, 138.47058823529412], [224.0, 138.47058823529412], [654.0, 529.525641025641], [613.0, 529.525641025641], [603.0, 265.0], [558.0, 265.0], [201.0, 266.0], [152.0, 266.0], [204.0, 449.5], [173.0, 449.5], [329.0, 449.2241379310345], [304.0, 449.2241379310345], [523.0, 418.0], [523.0, 343.0], [468.0, 371.0], [468.0, 343.0], [200.0, 138.0], [498.0, 343.0], [591.0, 529.525641025641], [550.0, 529.525641025641], [377.25581395348837, 192.0], [377.25581395348837, 170.0], [580.0, 198.0], [580.0, 177.0], [152.0, 342.0], [152.0, 316.0], [710.0, 265.0], [710.0, 220.0], [387.0, 449.5], [356.0, 449.5], [375.4186046511628, 387.0], [375.4186046511628, 369.0], [523.0, 310.0], [523.0, 266.0], [201.0, 316.0], [221.0, 342.0], [201.0, 342.0], [106.0, 276.0], [106.0, 265.0], [439.0, 497.5], [429.0, 497.5], [252.0, 266.0], [233.0, 266.0], [378.0, 312.0], [378.0, 291.0], [192.0, 497.0], [181.0, 497.0], [398.0, 343.0], [378.0, 343.0], [551.0, 198.0], [551.0, 175.0], [416.0, 291.0], [631.0, 228.0], [631.0, 218.0], [142.0, 395.0], [142.0, 372.0], [131.0, 497.5], [121.0, 497.5], [319.3095238095238, 232.0], [319.3095238095238, 217.0], [322.0, 497.0], [312.0, 497.0], [280.0, 232.0], [280.0, 208.0], [527.0, 199.0], [527.0, 175.0], [248.0, 497.5], [238.0, 497.5], [152.0, 290.0], [454.0, 425.53125], [437.0, 425.53125], [492.0, 425.04545454545456], [476.0, 425.04545454545456], [661.9893617021278, 156.01063829787236], [645.4893617021277, 139.5106382978723], [232.0, 158.0], [232.0, 140.0], [416.0, 308.0], [631.0, 186.0], [631.0, 176.0], [347.0, 388.0], [347.0, 363.0], [522.0, 390.0], [496.0, 390.0], [578.0, 400.0], [564.0, 400.0], [598.0, 394.0], [598.0, 382.0], [251.0, 310.0], [241.0, 310.0], [200.0, 385.0], [200.0, 373.0], [591.0, 198.0], [591.0, 183.0], [644.5, 398.0], [644.5, 384.0], [192.0, 222.0], [192.0, 212.0], [558.0, 285.0], [294.0, 208.0], [292.0, 220.0], [281.0, 220.0], [631.0, 172.0], [631.0, 160.0], [337.0, 232.0], [337.0, 218.0], [554.0, 343.0], [682.0, 343.0], [682.516129032258, 310.0], [435.33125, 343.0], [435.0, 449.0], [414.0, 449.4871794871795], [494.28767123287673, 372.0], [494.0, 530.0], [528.0, 530.0], [124.5, 374.0], [124.0, 450.0], [145.0, 450.0], [677.0, 529.5238095238095], [710.0, 529.0], [710.0, 514.0], [628.0, 265.39772727272725], [710.0, 313.0], [467.0, 277.0], [485.0, 277.0], [558.0, 310.0], [579.0, 310.0], [579.5, 266.0], [688.0, 138.475], [710.0, 138.0], [251.0, 339.0], [251.0, 449.0], [231.0, 449.5], [523.0, 265.5], [486.0, 265.0], [485.3859649122807, 137.0], [678.0, 172.49180327868854], [710.0, 172.0]]}