{"weights": [[4.45], [4.45, 2.25], [4.95], [4.95], [1.5, 1.5], [1.5, 2.7], [1.5], [1.5, 1.25], [2.65], [2.65], [1.5, 2.75], [1.5], [2.5, 2.7], [2.5, 2.5], [2.75], [2.75], [1.5], [1.5], [2.1], [2.1], [1.9], [1.9], [1.5, 3.0], [2.05], [2.05], [1.5], [1.5], [1.8], [1.8], [2.5], [1.5], [1.5, 1.5], [1.25, 1.05], [1.45], [1.45], [2.25], [2.25], [0.95], [0.95], [2.5], [2.5, 1.5], [2.25], [2.7], [3.1], [3.1, 1.5], [6.5], [6.5, 1.6], [1.7, 1.55, 2.15], [1.7], [2.15], [2.15], [5.2, 2.7], [5.2], [1.5], [2.05], [2.05], [2.85], [2.85], [2.25], [2.25], [2.65], [2.65], [1.3], [1.3], [2.65], [2.65], [1.15], [1.15], [1.55], [1.05], [0.35], [0.35], [1.3], [1.3], [2.0], [2.0], [1.6, 6.35, 1.65], [2.65], [2.65, 2.25], [2.25], [1.5, 2.25], [2.25], [0.75], [0.75, 2.65], [2.65], [1.5, 3.0], [2.35], [2.35, 1.55], [1.55], [2.15, 2.05], [2.05], [2.25], [2.25, 2.75], [6.35], [1.65]], "edges": [[1], [0, 41], [3], [2], [5, 22], [4, 51], [7], [6, 32], [9], [8], [11, 92], [10], [13, 42], [12, 29], [15], [14], [17], [16], [19], [18], [21], [20], [4, 85], [24], [23], [26], [25], [28], [27], [13], [31], [30, 85], [7, 69], [34], [33], [36], [35], [38], [37], [40], [39, 53], [1], [12], [44], [43, 80], [46], [45, 76], [48, 68, 89], [47], [50], [49], [52, 5], [51], [40], [55], [54], [57], [56], [59], [58], [61], [60], [63], [62], [65], [64], [67], [66], [47], [32], [71], [70], [73], [72], [75], [74], [46, 93, 94], [78], [77, 79], [78], [44, 81], [80], [83], [82, 84], [83], [31, 22], [87], [86, 88], [87], [47, 90], [89], [92], [91, 10], [76], [76]], "vertices": [[59.0, 496.0], [59.0, 60.0], [382.5656565656566, 85.0], [382.5656565656566, 58.0], [517.0, 268.0], [417.0, 268.0], [360.0, 220.0], [317.0, 220.0], [815.2479784366577, 324.0], [815.2479784366577, 257.0], [752.0, 154.0], [752.0, 72.0], [580.0, 154.0], [580.0, 72.0], [225.20494335736353, 496.0], [225.20494335736353, 341.0], [163.0, 210.0], [63.0, 210.0], [264.0, 60.40650406504065], [175.0, 60.40650406504065], [752.0, 71.98480243161094], [683.0, 71.98480243161094], [517.0, 325.0], [210.43205574912892, 136.0], [210.43205574912892, 61.0], [237.98058252427185, 496.0], [237.98058252427185, 473.0], [331.0, 476.0], [278.0, 476.0], [647.0, 72.0], [648.0, 406.0], [580.0, 406.0], [317.0, 128.0], [380.0, 321.0125], [353.0, 321.0125], [57.0, 475.0108695652174], [20.0, 475.0108695652174], [383.0, 266.67330677290835], [269.0, 266.67330677290835], [106.0, 450.0], [70.0, 450.0], [108.0, 60.0], [520.0, 154.0], [815.0, 325.0], [752.0, 325.0], [270.0, 343.0], [270.0, 321.0], [240.0, 128.0], [212.0, 128.0], [271.0, 210.0], [240.0, 210.0], [417.0, 291.0], [387.0, 291.0], [70.0, 496.0], [317.0, 127.61111111111111], [300.0, 127.61111111111111], [413.0, 85.0], [383.0, 85.0], [517.0, 84.97452229299363], [481.0, 84.97452229299363], [221.0, 450.3888888888889], [189.0, 450.3888888888889], [306.0, 92.0], [306.0, 65.0], [53.0, 73.37628865979381], [19.0, 73.37628865979381], [380.53846153846155, 138.0], [380.53846153846155, 124.0], [269.0, 128.0], [344.0, 128.0], [134.02702702702703, 296.0], [134.02702702702703, 283.0], [262.0, 400.0], [262.0, 388.0], [346.5, 218.0], [346.5, 207.0], [289.0, 321.0], [383.0, 267.0], [383.0, 475.0], [358.0, 475.97], [752.0, 406.0], [684.0, 406.0124223602484], [394.0, 220.51020408163265], [517.0, 220.0], [517.0, 85.0], [580.0, 325.0], [287.0, 60.12903225806452], [347.0, 60.0], [347.0, 142.0], [240.0, 209.0], [196.0, 209.992], [815.0, 221.0], [815.0, 154.0], [289.36787564766837, 268.0], [319.0, 321.0]]}