{"weights": [[5.55], [5.55, 5.6], [5.25], [5.25], [2.35], [2.35], [1.5], [1.5], [3.0], [3.0], [5.7], [5.7], [1.5], [1.5], [5.35], [5.35], [6.95], [6.95], [1.75], [1.75], [5.5], [5.5], [6.2], [6.2], [1.1], [1.1], [6.0], [6.0], [5.6], [1.8], [1.8], [0.5], [0.5], [3.3], [3.3], [0.7], [0.7], [2.3], [2.3], [0.95], [0.95], [1.8], [1.8], [3.2], [3.2], [1.0], [1.0], [8.0], [8.0], [6.25], [6.25, 6.0], [5.85], [5.85, 5.85, 6.2, 6.2], [5.85], [5.35], [5.35], [1.5], [1.5, 4.35], [4.35], [5.95], [5.95, 5.95, 6.0, 6.0], [5.95], [6.2, 1.5, 6.2], [1.5], [6.2], [6.2, 6.2], [6.2, 6.2], [6.2, 6.2, 6.0], [5.7], [5.7, 5.7, 6.0, 6.0], [5.7], [6.2, 6.0, 6.2], [6.2], [6.2, 6.2, 6.0]], "edges": [[1], [0, 28], [3], [2], [5], [4], [7], [6], [9], [8], [11], [10], [13], [12], [15], [14], [17], [16], [19], [18], [21], [20], [23], [22], [25], [24], [27], [26], [1], [30], [29], [32], [31], [34], [33], [36], [35], [38], [37], [40], [39], [42], [41], [44], [43], [46], [45], [48], [47], [50], [49, 60], [52], [51, 53, 62, 67], [52], [55], [54], [57], [56, 58], [57], [60], [59, 61, 50, 73], [60], [52, 63, 71], [62], [65], [64, 66], [65, 67], [52, 66, 69], [69], [68, 70, 67, 71], [69], [62, 69, 73], [73], [72, 71, 60]], "vertices": [[698.0, 116.0], [446.0, 116.0], [638.0, 428.7392128971076], [441.0, 428.7392128971076], [801.0, 197.49360341151385], [644.0, 197.49360341151385], [784.0, 266.0], [693.0, 266.0], [800.0, 203.0], [730.0, 203.0], [467.0, 234.0], [455.0, 234.0], [269.0, 249.0], [259.0, 249.0], [693.0, 191.0], [693.0, 152.0], [692.0, 306.0], [692.0, 210.0], [704.0, 207.4952380952381], [651.0, 207.4952380952381], [446.0, 422.0], [446.0, 385.0], [392.0, 238.0], [376.0, 238.0], [418.0, 249.0], [407.0, 249.0], [696.0, 306.0], [696.0, 378.0], [446.0, 142.0], [244.0, 233.61194029850745], [227.0, 233.61194029850745], [92.0, 306.0], [92.0, 292.0], [103.0, 264.0], [92.0, 264.0], [393.0, 225.5483870967742], [376.0, 225.5483870967742], [758.0, 231.0], [745.0, 231.0], [245.0, 248.41935483870967], [227.0, 248.41935483870967], [319.0, 249.0], [307.0, 249.0], [724.0, 203.0], [713.0, 203.0], [444.0, 249.0], [433.0, 249.0], [238.0, 225.0], [227.0, 225.0], [451.0, 378.0], [137.0, 378.0], [451.0, 150.54655259184702], [142.0, 150.0], [136.0, 150.54655259184702], [692.9489795918367, 123.0], [692.0, 151.0], [693.0, 210.0], [693.0, 265.0], [644.0, 265.86133333333333], [147.0, 332.89801699716713], [139.0, 332.0], [92.0, 332.89801699716713], [142.0, 194.0], [93.0, 193.3798319327731], [142.0, -116.0], [142.0, -69.0], [142.0, 25.0], [142.0, 72.0], [142.0, 157.0], [142.0, 166.0], [142.0, 193.0], [142.0, 213.0], [142.0, 370.0], [142.0, 307.0]]}