{"vertices": [[59.0, 496.0], [59.0, 60.0], [383.3444525018129, 138.0], [383.3444525018129, 124.0], [517.0, 268.0], [417.0, 268.0], [383.0, 267.5442708333333], [269.0, 267.5442708333333], [163.0, 217.349609375], [63.0, 217.349609375], [271.0, 217.349609375], [242.0, 217.349609375], [238.0, 217.349609375], [197.0, 217.349609375], [815.0, 221.0], [815.0, 154.0], [580.0, 406.0], [580.0, 324.0], [225.20494335736353, 496.0], [225.20494335736353, 341.0], [517.0, 324.0], [264.0, 60.23295454545455], [175.0, 60.23295454545455], [108.0, 60.0], [647.0, 73.0], [580.0, 73.0], [53.0, 73.04540420819491], [19.0, 73.04540420819491], [513.0, 73.04540420819491], [481.0, 73.04540420819491], [210.43205574912892, 136.0], [210.43205574912892, 61.0], [163.0, 209.5], [63.0, 209.5], [238.0, 209.5], [196.0, 209.5], [271.0, 210.0], [239.0, 210.0], [239.28716904276985, 496.0], [239.28716904276985, 473.0], [239.0, 128.0], [331.0, 475.6554934823091], [278.0, 475.6554934823091], [57.0, 475.6554934823091], [20.0, 475.6554934823091], [648.0, 406.0], [317.0, 217.0], [317.0, 128.0], [380.0, 323.68257491675917], [353.0, 323.68257491675917], [289.0, 324.0], [269.0, 324.0], [106.0, 450.0], [70.0, 450.0], [221.0, 450.1808785529716], [189.0, 450.1808785529716], [752.0, 154.0], [269.0, 343.0], [268.8, 400.0], [268.8, 388.0], [239.0, 127.92578125], [212.0, 127.92578125], [317.0, 127.92578125], [300.0, 127.92578125], [269.0, 128.0], [344.0, 128.0], [417.0, 291.0], [387.0, 291.0], [70.0, 496.0], [412.0, 85.0], [383.0, 85.0], [306.0, 92.0], [306.0, 65.0], [134.02702702702703, 296.0], [134.02702702702703, 283.0], [383.3444525018129, 85.0], [383.0, 73.0], [383.3444525018129, 58.0], [413.0, 73.04540420819491], [383.0, 268.0], [383.0, 475.0], [358.0, 475.6554934823091], [360.0, 217.0], [346.0, 217.0], [346.8101694915254, 207.0], [394.0, 217.349609375], [517.0, 217.0], [815.1340782122905, 257.0], [815.0, 324.0], [752.0, 324.0], [752.0, 406.0], [684.0, 406.0091603053435], [752.0, 73.0], [683.0, 73.04540420819491], [580.0, 153.0], [520.0, 153.72943037974684], [319.0, 323.68257491675917], [289.0, 323.0], [289.36787564766837, 268.0], [481.0, 85.48535564853556], [517.0, 85.0], [287.0, 60.23295454545455], [347.0, 61.0], [347.0, 142.0]], "weights": [[4.65], [4.65, 2.35], [0.35], [0.35], [2.25, 1.5], [2.25, 2.6], [1.1], [1.1], [0.25], [0.25], [0.25], [0.25], [0.25], [0.25], [1.5], [1.5, 2.75], [2.75, 2.25], [2.75, 2.85], [3.05], [3.05], [1.5, 2.85], [3.25], [3.25], [2.35], [2.25], [2.25, 2.35], [2.55], [2.55], [0.25], [0.25], [6.05], [6.05], [1.5], [1.5], [1.7], [1.7], [1.5], [1.5, 1.65], [1.5], [1.5], [1.65, 1.35], [2.25], [2.25], [3.55], [3.55], [2.25], [1.35, 1.65], [1.35, 1.5], [0.25], [0.25], [0.25], [0.25, 0.5], [1.9], [1.9, 1.5], [2.55], [2.55], [2.75, 2.25], [0.5], [0.4], [0.4], [1.85], [1.85], [2.05], [2.05], [1.35], [1.5], [4.8, 2.6], [4.8], [1.5], [2.65], [2.65], [1.5], [1.5], [0.3], [0.3], [5.35], [5.35, 5.35, 0.25], [5.35], [0.25], [2.75], [2.75, 2.25], [2.25], [1.65], [1.65, 1.65, 1.75], [1.75], [1.5], [1.5, 2.45], [2.15], [2.15, 2.75], [2.75, 2.75], [2.75, 2.25], [2.25], [2.25, 2.1], [2.1], [2.35, 2.25], [2.25], [0.25], [0.25, 1.65], [1.65], [2.35], [2.35, 2.45], [2.25], [2.25, 1.45], [1.45]], "edges": [[1], [0, 23], [3], [2], [5, 20], [4, 66], [7], [6], [9], [8], [11], [10], [13], [12], [15], [14, 56], [17, 45], [16, 20], [19], [18], [4, 17], [22], [21], [1], [25], [24, 94], [27], [26], [29], [28], [31], [30], [33], [32], [35], [34], [37], [36, 40], [39], [38], [37, 64], [42], [41], [44], [43], [16], [47, 83], [46, 65], [49], [48], [51], [50, 57], [53], [52, 68], [55], [54], [15, 92], [51], [59], [58], [61], [60], [63], [62], [40], [47], [67, 5], [66], [53], [70], [69], [72], [71], [74], [73], [76], [75, 77, 78], [76], [76], [80], [79, 81], [80], [83], [82, 46, 84], [83], [86], [85, 100], [88], [87, 89], [88, 90], [89, 91], [90], [56, 93], [92], [25, 95], [94], [97], [96, 98], [97], [100], [99, 86], [102], [101, 103], [102]]}