{"vertices": [[698.0, 116.0], [446.0, 116.0], [451.0, 377.6077225774717], [136.0, 377.6077225774717], [638.0, 428.7392128971076], [441.0, 428.7392128971076], [451.0, 150.55132699048573], [136.0, 150.55132699048573], [693.0, 191.0], [693.0, 151.0], [693.0, 435.0], [693.0, 378.0], [801.0, 195.8969341161122], [644.0, 195.8969341161122], [147.0, 195.8969341161122], [93.0, 195.8969341161122], [784.0, 266.0], [693.0, 266.0], [103.0, 266.1355140186916], [92.0, 266.1355140186916], [147.0, 332.89801699716713], [92.0, 332.89801699716713], [800.0, 205.53763440860214], [730.0, 205.53763440860214], [704.0, 205.53763440860214], [651.0, 205.53763440860214], [724.0, 205.53763440860214], [713.0, 205.53763440860214], [467.0, 232.52941176470588], [455.0, 232.52941176470588], [393.0, 232.52941176470588], [376.0, 232.52941176470588], [244.0, 232.52941176470588], [227.0, 232.52941176470588], [758.0, 232.52941176470588], [745.0, 232.52941176470588], [269.0, 248.76], [259.0, 248.76], [418.0, 248.76], [407.0, 248.76], [245.0, 248.76], [227.0, 248.76], [319.0, 248.76], [307.0, 248.76], [444.0, 248.76], [433.0, 248.76], [141.7432239657632, 188.0], [141.7432239657632, 157.0], [141.7432239657632, 370.0], [141.7432239657632, 340.0], [446.0, 422.0], [446.0, 385.0], [446.0, 142.0], [92.0, 306.0], [92.0, 292.0], [680.0, 434.0], [680.0, 422.0], [692.9663366336633, 123.0], [692.0, 150.0], [693.0, 267.0], [644.0, 266.1355140186916]], "weights": [[5.35], [5.35, 5.6], [6.15], [6.15], [5.15], [5.15], [6.05], [6.05], [5.25], [5.25], [7.35], [7.35, 1.5], [1.5], [1.5], [1.5], [1.5], [3.95], [3.95], [2.25], [2.25], [7.85], [7.85], [0.25], [0.25], [0.3], [0.3], [0.25], [0.25], [0.45], [0.45], [2.75], [2.75], [2.6], [2.6], [2.5], [2.5], [0.85], [0.85], [0.85], [0.85], [0.95], [0.95], [1.1], [1.1], [0.7], [0.7], [5.55], [5.55], [5.75], [5.75], [5.5], [5.5], [5.6], [0.5], [0.5], [1.5], [1.5], [5.25], [5.25], [1.5, 4.25], [4.25]], "edges": [[1], [0, 52], [3], [2], [5], [4], [7], [6], [9], [8], [11], [10, 59], [13], [12], [15], [14], [17], [16], [19], [18], [21], [20], [23], [22], [25], [24], [27], [26], [29], [28], [31], [30], [33], [32], [35], [34], [37], [36], [39], [38], [41], [40], [43], [42], [45], [44], [47], [46], [49], [48], [51], [50], [1], [54], [53], [56], [55], [58], [57], [11, 60], [59]]}