{"weights": [[3.0000000000000018], [3.0000000000000018], [1.5], [1.5], [2.95], [2.95], [2.75, 2.5], [2.75, 1.3, 2.35], [1.5], [1.5, 1.5], [2.45], [2.45], [1.65], [1.65, 2.5], [2.25], [2.25], [1.3], [1.3], [1.5], [1.5], [1.3, 1.8], [2.35], [3.05, 2.45], [3.05], [1.5], [1.5, 1.5], [1.6], [1.6], [2.25, 2.5], [2.25, 2.25], [1.5], [1.5], [1.6, 2.0], [1.6], [2.5], [1.1], [1.1, 0.5], [1.7], [1.7], [1.25], [1.25, 2.4], [5.35, 2.85], [5.35, 3.85], [1.55], [1.55], [2.35], [2.35], [2.5], [2.25, 2.75], [6.55], [6.55], [2.5], [2.5], [2.4], [0.6], [0.6], [1.5], [2.1], [2.1], [4.65], [4.65], [1.1], [1.1], [2.5], [1.7], [1.7], [2.45], [2.85], [1.8], [1.25], [1.25], [3.85], [0.5], [0.5], [1.0], [1.0], [1.45], [1.45], [1.0], [1.0], [5.4], [5.4], [0.25], [0.25], [1.8, 1.25], [1.8], [0.8], [0.8], [1.0], [1.0], [1.0], [1.0], [2.85], [2.85], [0.95], [0.95], [1.0], [1.0], [0.5], [1.3], [1.3], [2.0], [2.3], [2.3], [1.5], [1.5], [1.4], [1.4], [2.85], [2.85, 2.75], [2.75], [2.75, 2.45], [2.45], [1.5], [1.5, 1.25], [1.6], [1.6, 1.5]], "edges": [[1], [0], [3], [2], [5], [4], [7, 47], [6, 20, 21], [9], [8, 56], [11], [10], [13], [12, 34], [15], [14], [17], [16], [19], [18], [7, 68], [7], [23, 66], [22], [25], [24, 116], [27], [26], [29, 63], [28, 48], [31], [30], [33, 101], [32], [13], [36], [35, 98], [38], [37], [40], [39, 53], [42, 67], [41, 71], [44], [43], [46], [45], [6], [29, 111], [50], [49], [52], [51], [40], [55], [54], [9], [58], [57], [60], [59], [62], [61], [28], [65], [64], [22], [41], [20], [70], [69], [42], [73], [72], [75], [74], [77], [76], [79], [78], [81], [80], [83], [82], [85, 114], [84], [87], [86], [89], [88], [91], [90], [93], [92], [95], [94], [97], [96], [36], [100], [99], [32], [103], [102], [105], [104], [107], [106], [109], [108, 110], [109], [48, 112], [111], [114], [113, 84], [116], [115, 25]], "vertices": [[29.50064850843061, 173.0], [29.50064850843061, 43.0], [30.745029239766083, 436.0], [30.745029239766083, 195.0], [335.62240663900417, 539.0], [335.62240663900417, 330.0], [529.0, 539.0], [529.0, 353.0], [146.0, 242.0], [146.0, 156.0], [302.0, 44.13620071684588], [194.0, 44.13620071684588], [350.0, 216.0], [350.0, 44.0], [529.0, 43.98701298701299], [495.0, 43.98701298701299], [282.0, 283.00214592274676], [124.0, 283.00214592274676], [45.00854700854701, 436.0], [45.00854700854701, 365.0], [426.0, 353.0], [623.0, 353.0], [623.0, 407.0], [623.0, 354.0], [63.0, 463.0], [63.0, 367.0], [282.0, 333.2849002849003], [158.0, 333.2849002849003], [763.0, 407.0], [763.0, 315.0], [54.5, 436.0], [54.5, 366.0], [145.0, 109.0], [145.0, 42.0], [414.0, 44.0], [385.0, 450.0], [385.0, 442.0], [144.0, 213.0], [35.0, 213.0], [436.0, 384.0], [386.0, 384.0], [202.0, 434.0], [155.0, 434.0], [381.0086956521739, 187.0], [381.0086956521739, 148.0], [390.0, 539.0], [336.0, 539.0], [484.0, 539.0], [809.0, 315.0], [231.0, 473.0], [203.0, 473.0], [131.0, 47.0], [131.0, 17.0], [386.0, 352.0], [221.0, 380.0], [165.0, 380.0], [100.0, 156.0], [706.0, 219.0], [693.0, 219.0], [44.52808988764045, 47.0], [44.52808988764045, 17.0], [387.0, 109.0], [387.0, 93.0], [726.0, 407.0], [381.0, 66.0], [381.0, 47.0], [659.0, 407.0], [202.0, 473.0], [426.0, 382.0], [399.0105263157895, 303.0], [399.0105263157895, 271.0], [155.0, 463.0], [322.0, 332.0], [304.0, 332.0], [150.0, 381.0], [139.0, 381.0], [371.0, 168.01785714285714], [352.0, 168.01785714285714], [373.0, 451.0], [373.0, 434.0], [420.0, 220.54545454545453], [408.0, 220.54545454545453], [481.2857142857143, 451.0], [481.2857142857143, 440.0], [557.0, 230.0], [545.0, 230.0], [495.0, 451.0], [495.0, 440.0], [411.0, 450.0], [411.0, 440.0], [47.0, 72.5], [33.0, 72.5], [332.0, 473.0149253731343], [318.0, 473.0149253731343], [262.5357142857143, 140.0], [262.5357142857143, 125.0], [236.0, 139.0], [236.0, 129.0], [374.0, 442.0], [537.0, 217.0], [537.0, 202.0], [129.0, 109.0], [204.0, 103.0], [204.0, 91.0], [477.0, 281.0], [477.0, 270.0], [67.0, 156.0], [57.0, 156.0], [529.0, 44.0], [529.0, 228.0], [398.0, 228.74144486692015], [809.0, 136.0], [532.0, 136.14186369958276], [385.0, 304.2613981762918], [557.0, 304.0], [112.52961672473867, 295.0], [112.0, 367.0]]}