{"weights": [[5.15], [5.15, 1.25], [1.75], [1.75, 2.05], [1.55, 1.25], [1.55, 1.15], [0.75], [0.75], [1.75], [1.75], [1.85], [1.85], [1.25], [1.4], [1.4], [1.55], [1.55], [2.05], [1.15], [1.5], [1.5, 2.75], [8.2], [8.2], [1.85], [1.85], [4.0], [4.0], [2.75], [2.4], [2.4, 2.15], [1.05], [1.05], [1.65], [1.65], [1.25], [0.9], [0.9], [4.3], [4.3], [2.0], [2.0], [0.8], [0.8], [1.65], [1.65, 1.25], [1.25], [5.55], [5.55, 1.3], [1.3], [1.45], [1.45, 2.1], [2.1], [1.4], [1.4, 1.3], [1.3], [1.9], [1.9, 1.5], [1.5], [2.15, 1.55], [1.55]], "edges": [[1], [0, 12], [3], [2, 17], [5, 34], [4, 18], [7], [6], [9], [8], [11], [10], [1], [14], [13], [16], [15], [3], [5], [20], [19, 27], [22], [21], [24], [23], [26], [25], [20], [29], [28, 58], [31], [30], [33], [32], [4], [36], [35], [38], [37], [40], [39], [42], [41], [44], [43, 45], [44], [47], [46, 48], [47], [50], [49, 51], [50], [53], [52, 54], [53], [56], [55, 57], [56], [29, 59], [58]], "vertices": [[315.0, 87.0], [315.0, 21.0], [135.0, 294.0], [135.0, 76.0], [369.0, 527.0], [369.0, 179.0], [315.5840336134454, 281.0], [315.5840336134454, 168.0], [635.0, 20.510344827586206], [596.0, 20.510344827586206], [546.0, 20.50900900900901], [433.0, 20.50900900900901], [354.0, 21.0], [633.0, 175.23368421052632], [490.0, 175.23368421052632], [633.0, 256.84761904761905], [483.0, 256.84761904761905], [206.0, 76.0], [441.0, 179.0], [502.0, 187.0], [491.0, 187.0], [544.0, 187.5], [534.0, 187.5], [367.0, 421.0], [316.0, 421.0], [544.0, 212.0], [544.0, 188.0], [491.0, 208.0], [251.0, 422.0], [227.0, 422.0], [601.0875, 113.0], [601.0875, 83.0], [343.0, 405.73770491803276], [318.0, 405.73770491803276], [395.0, 527.0], [527.0, 144.0], [506.0, 144.0], [356.0, 410.0], [356.0, 398.0], [313.0, 75.0], [302.0, 75.0], [571.0, 35.0], [571.0, 24.0], [635.0, 21.0], [635.0, 526.0], [610.0, 526.9850746268656], [372.0, 257.251968503937], [439.0, 257.0], [439.5, 217.0], [633.0, 275.0], [554.0, 275.0], [554.5, 260.0], [315.85555555555555, 388.0], [315.0, 421.0], [293.0, 421.0], [135.08823529411765, 325.0], [135.0, 338.0], [147.0, 338.0], [227.0, 338.0], [211.0, 337.0810810810811]]}