{"weights": [[1.65], [1.65, 1.45], [3.95, 2.1], [3.95, 0.6, 1.9], [1.55], [1.55, 0.75], [0.75], [1.15], [1.15], [2.15], [2.15], [3.75], [3.75], [3.8], [3.8, 1.75], [0.5], [0.5], [1.5], [1.5, 1.95], [0.65], [0.65], [3.0], [3.0, 1.15], [5.95], [5.95], [1.0500000000000083, 0.6], [1.0500000000000083], [0.9], [0.9], [0.9], [0.9], [7.2, 2.05], [7.2, 2.0], [1.15], [1.55], [1.55, 3.45], [0.8, 2.8], [0.8], [0.95], [0.95], [1.95], [2.8], [0.8000000000000064], [0.8000000000000064], [0.5], [0.5], [1.45], [1.55], [1.55], [1.75], [1.75], [1.05], [1.05], [1.6], [1.6], [1.15], [1.15], [0.7], [0.7], [0.65], [0.65], [1.25], [1.25], [1.7], [1.7], [1.6], [1.6], [0.8, 1.4], [0.8], [1.75, 2.15], [1.5], [1.5], [1.7000000000000095], [1.7000000000000095], [0.5], [0.5], [1.2], [1.2], [0.6], [2.1], [1.4], [2.5], [2.5], [0.5], [0.5], [2.0], [2.15, 1.35], [1.35], [1.4], [1.4, 1.65], [1.65], [1.65, 1.55], [1.55], [1.95], [1.95, 0.75], [0.75], [3.45, 1.5], [1.5], [2.05, 2.0], [2.0], [0.6, 1.5], [1.5], [1.45], [1.45, 1.65, 1.65], [1.65], [1.75], [1.75, 1.9]], "edges": [[1], [0, 46], [3, 79], [2, 78, 106], [5], [4, 6], [5], [8], [7], [10], [9], [12], [11], [14], [13, 69], [16], [15], [18], [17, 40], [20], [19], [22], [21, 33], [24], [23], [26, 100], [25], [28], [27], [30], [29], [32, 98], [31, 85], [22], [35], [34, 96], [37, 41], [36], [39], [38], [18], [36], [43], [42], [45], [44], [1], [48], [47], [50], [49], [52], [51], [54], [53], [56], [55], [58], [57], [60], [59], [62], [61], [64], [63], [66], [65], [68, 80], [67], [14, 86], [71], [70], [73], [72], [75], [74], [77], [76], [3], [2], [67], [82], [81], [84], [83], [32], [69, 87], [86], [89], [88, 103], [91], [90, 92], [91], [94], [93, 95], [94], [35, 97], [96], [31, 99], [98], [25, 101], [100], [103], [102, 104, 89], [103], [106], [105, 3]], "vertices": [[161.0, 225.0], [161.0, 48.0], [706.0, 374.0], [706.0, 308.0], [424.0, 309.0], [99.0, 309.0], [99.0, 515.0], [586.0, 307.29411764705884], [549.0, 307.29411764705884], [340.0, 48.42928039702233], [251.0, 48.42928039702233], [725.0, 433.0], [725.0, 375.0], [730.0, 230.0], [730.0, 201.0], [549.0, 188.0], [430.0, 188.0], [413.0, 27.0], [397.0, 27.0], [260.0, 191.5491329479769], [163.0, 191.5491329479769], [364.0, 306.0], [364.0, 224.0], [505.0, 27.529411764705884], [488.0, 27.529411764705884], [326.0, 187.0], [286.5272727272727, 147.4727272727273], [307.991935483871, 305.0], [307.991935483871, 243.0], [424.3666666666667, 297.0], [424.3666666666667, 259.0], [549.0, 49.0], [549.0, 28.0], [390.0, 224.0], [589.0, 493.0], [547.0, 493.0], [477.0, 321.0], [477.0, 293.0], [573.0, 286.0], [573.0, 250.0], [397.0, 83.0], [420.0, 321.0], [272.0, 184.0], [260.0, 172.0], [287.0, 93.0], [287.0, 81.0], [200.0, 48.0], [481.0, 390.51785714285717], [465.0, 390.51785714285717], [638.0, 28.325], [615.0, 28.325], [659.5121951219512, 203.0], [659.5121951219512, 182.0], [573.0, 249.5], [558.0, 249.5], [331.4315789473684, 82.0], [331.4315789473684, 52.0], [287.62857142857143, 74.0], [287.62857142857143, 52.0], [572.5625, 306.0], [572.5625, 288.0], [237.0, 535.0], [220.0, 535.0], [160.425, 307.0], [160.425, 275.0], [321.0, 132.0], [321.0, 112.0], [219.0, 514.0], [204.0, 514.0], [707.0, 201.0], [704.0, 158.5], [682.0, 158.5], [311.2321428571429, 223.76785714285714], [295.73214285714283, 208.2678571428571], [174.0, 168.0], [163.0, 168.0], [378.5, 185.0], [378.5, 173.0], [693.0, 308.0], [725.0, 374.0], [219.0, 535.0], [432.0, 452.0], [432.0, 442.0], [253.0, 168.0], [240.0, 168.0], [561.0, 28.0], [707.0, 28.0], [679.0, 28.0125], [405.0, 534.5], [422.0, 534.0], [705.5057034220532, 427.0], [705.0, 493.0], [663.0, 493.0081967213115], [287.0, 134.65133171912834], [396.0, 134.0], [396.48837209302326, 110.0], [547.0, 390.0], [524.0, 390.4155844155844], [505.0, 49.0], [505.0, 28.0], [396.0, 187.0], [396.5, 167.0], [445.0, 390.0153846153846], [423.0, 390.0], [422.36673773987206, 363.0], [729.4711538461538, 281.0], [729.0, 308.0]]}