{"vertices": [[343.0, 435.0], [343.0, 17.0], [395.50143266475646, 448.0], [395.50143266475646, 274.0], [486.0, 159.0], [486.0, 89.0], [590.0, 207.0], [446.0, 207.0], [655.0, 159.3029702970297], [562.0, 159.3029702970297], [444.0, 159.3029702970297], [345.0, 159.3029702970297], [527.0, 159.0], [561.0, 16.976576576576576], [452.0, 16.976576576576576], [388.0, 17.0], [657.0, 16.976576576576576], [625.0, 16.976576576576576], [521.0, 274.35164835164835], [438.0, 274.35164835164835], [590.2207357859531, 319.0], [590.2207357859531, 294.0], [590.0, 272.0], [495.0, 482.0], [461.0, 482.0], [654.0, 292.0], [590.0, 292.0], [518.5, 97.0], [518.5, 19.0], [461.0, 448.0], [396.0, 448.0], [394.0, 435.0], [446.0, 272.0], [517.0, 89.0], [657.0, 17.0], [657.0, 447.0], [593.0, 447.52], [653.0, 274.35164835164835], [590.0, 274.0], [554.0, 274.35164835164835], [590.2207357859531, 352.0], [590.0, 482.0], [558.0, 482.3080357142857]], "weights": [[1.5, 1.5], [1.5, 1.25], [6.15], [6.15], [2.55, 1.35], [2.55, 3.3], [1.15, 0.25], [1.15, 1.5], [0.75], [0.75], [1.05], [1.05], [1.35], [1.5], [1.5], [1.25], [1.4], [1.4], [0.95], [0.95], [0.5], [0.5], [0.25], [1.75], [1.75, 1.5], [5.85], [5.85, 1.0], [1.0], [1.0], [1.25, 1.5], [1.25], [1.5], [1.5], [3.3], [1.75], [1.75, 1.55], [1.55], [1.65], [1.65, 1.65, 1.0], [1.65], [0.5], [0.5, 1.25], [1.25]], "edges": [[1, 31], [0, 15], [3], [2], [5, 12], [4, 33], [7, 22], [6, 32], [9], [8], [11], [10], [4], [14], [13], [1], [17], [16], [19], [18], [21], [20], [6], [24], [23, 29], [26], [25, 38], [28], [27], [30, 24], [29], [0], [7], [5], [35], [34, 36], [35], [38], [37, 39, 26], [38], [41], [40, 42], [41]]}