{"vertices": [[315.0, 87.0], [315.0, 21.0], [315.4326923076923, 281.0], [315.4326923076923, 168.0], [135.0, 294.0], [135.0, 76.0], [134.58342303552206, 337.0], [134.58342303552206, 325.0], [369.0, 527.0], [369.0, 176.0], [635.0, 20.583094555873924], [596.0, 20.583094555873924], [546.0, 20.583094555873924], [433.0, 20.583094555873924], [354.0, 21.0], [633.0, 257.0], [483.0, 257.0], [633.0, 176.34859675036927], [490.0, 176.34859675036927], [441.0, 176.0], [206.0, 76.0], [313.0, 75.60126582278481], [302.0, 75.60126582278481], [502.0, 187.0], [491.0, 187.0], [251.0, 422.0], [227.0, 422.0], [315.0, 421.55395683453236], [293.0, 421.55395683453236], [551.0, 275.0], [545.8161764705883, 260.0], [147.0, 337.0], [135.0, 337.0], [491.0, 208.0], [395.0, 527.0], [601.0875, 113.0], [601.0875, 83.0], [343.0, 405.73770491803276], [318.0, 405.73770491803276], [527.0, 144.0], [506.0, 144.0], [356.0, 410.0], [356.0, 398.0], [571.0, 35.0], [571.0, 24.0], [635.0, 21.0], [635.0, 526.0], [610.0, 526.985401459854], [315.4326923076923, 388.0], [315.0, 422.0], [367.0, 422.0], [372.0, 257.0], [439.0, 257.0], [439.5, 217.0], [633.0, 275.0], [555.0, 275.0], [555.5, 260.0], [227.0, 337.0], [211.0, 337.2280701754386], [534.0, 187.46511627906978], [546.0, 187.0], [546.0, 212.0]], "weights": [[1.35], [1.35, 1.45], [1.75], [1.75], [1.75], [1.75, 2.05], [1.25], [1.25], [1.45, 1.25], [1.45, 0.25], [1.85], [1.85], [1.75], [1.75], [1.45], [1.7], [1.7], [1.0], [1.0], [0.25], [2.05], [1.85], [1.85], [3.25], [3.25, 2.25], [1.95], [1.95, 2.8], [1.05], [1.05], [0.25], [0.25], [1.35], [1.35], [2.25], [1.25], [1.0], [1.0], [1.8], [1.8], [0.9], [0.9], [3.9], [3.9], [1.2], [1.2], [1.75], [1.75, 1.35], [1.35], [2.35], [2.35, 2.05], [2.05], [2.1], [2.1, 1.3], [1.3], [1.75], [1.75, 2.2], [2.2], [2.8, 1.45], [1.45], [1.5], [1.5, 2.35], [2.35]], "edges": [[1], [0, 14], [3], [2], [5], [4, 20], [7], [6], [9, 34], [8, 19], [11], [10], [13], [12], [1], [16], [15], [18], [17], [9], [5], [22], [21], [24], [23, 33], [26], [25, 57], [28], [27], [30], [29], [32], [31], [24], [8], [36], [35], [38], [37], [40], [39], [42], [41], [44], [43], [46], [45, 47], [46], [49], [48, 50], [49], [52], [51, 53], [52], [55], [54, 56], [55], [26, 58], [57], [60], [59, 61], [60]]}