{"weights": [[5.5, 1.5], [5.5, 1.25], [1.75, 1.7], [1.75], [0.75], [0.75], [3.35, 2.0], [3.35, 2.4], [1.15, 1.6], [1.15, 1.6], [1.25], [1.25], [1.0], [1.0], [1.55], [1.55], [1.45], [1.45, 0.95, 1.2], [1.25], [1.3], [1.3], [5.0, 1.5], [5.0], [1.75], [1.75, 1.5], [1.7], [2.0], [1.5], [1.6], [1.45], [1.45], [0.95], [2.4], [1.0], [1.0, 1.0, 1.6, 1.6], [1.0], [1.6, 1.2], [1.05], [1.05, 1.15], [1.15], [1.15], [1.15, 1.2], [1.15], [1.15, 1.2]], "edges": [[1, 27], [0, 18], [3, 25], [2], [5], [4], [7, 26], [6, 32], [9, 34], [8, 28], [11], [10], [13], [12], [15], [14], [17], [16, 31, 43], [1], [20], [19], [22, 24], [21], [24], [23, 21], [2], [6], [0], [9], [30], [29], [17], [7], [34], [33, 35, 36, 8], [34], [34, 41], [38], [37, 39], [38], [41], [40, 36], [43], [42, 17]], "vertices": [[343.0, 435.0], [343.0, 17.0], [657.0, 447.0], [657.0, 17.0], [395.50143266475646, 448.0], [395.50143266475646, 274.0], [486.0, 159.0], [486.0, 89.0], [587.0, 207.0], [446.0, 207.0], [561.0, 17.083582089552237], [452.0, 17.083582089552237], [444.0, 159.5], [345.0, 159.5], [521.0, 274.62730627306274], [438.0, 274.62730627306274], [654.0, 292.0], [592.0, 292.0], [388.0, 17.0], [518.5, 97.0], [518.5, 19.0], [461.0, 448.0], [396.0, 448.0], [495.0, 483.0], [461.0, 483.0], [593.0, 447.0], [527.0, 159.0], [394.0, 435.0], [446.0, 272.0], [657.0, 16.53684210526316], [625.0, 16.53684210526316], [592.0, 319.0], [517.0, 89.0], [655.0, 159.5], [587.0, 159.0], [562.0, 159.5], [587.0, 132.0], [591.724025974026, 352.0], [591.0, 482.0], [558.0, 482.0217391304348], [653.0, 274.08], [591.0, 274.0], [554.0, 274.08], [591.0, 275.0]]}