{"vertices": [[706.0, 201.0], [706.0, 28.0], [706.0, 374.0], [706.0, 309.0], [422.593572778828, 297.0], [422.593572778828, 259.0], [161.0, 225.0], [161.0, 48.0], [160.90062111801242, 307.0], [160.90062111801242, 275.0], [424.0, 309.0], [99.0, 309.0], [586.0, 308.6448275862069], [549.0, 308.6448275862069], [706.0, 308.6448275862069], [693.0, 308.6448275862069], [547.0, 48.0], [547.0, 28.0], [340.0, 48.39446870451237], [251.0, 48.39446870451237], [200.0, 48.0], [589.0, 493.0], [547.0, 493.0], [99.0, 515.0], [549.0, 189.3740053050398], [430.0, 189.3740053050398], [260.0, 189.3740053050398], [163.0, 189.3740053050398], [481.0, 390.3131313131313], [465.0, 390.3131313131313], [727.0, 433.0], [727.0, 375.0], [727.0, 230.0], [727.0, 201.0], [413.0, 28.0], [397.0, 28.0], [505.0, 27.81081081081081], [488.0, 27.81081081081081], [706.0, 27.81081081081081], [679.0, 27.81081081081081], [638.0, 27.81081081081081], [615.0, 27.81081081081081], [561.0, 28.0], [364.0, 306.0], [364.0, 224.0], [328.0, 189.0], [286.5272727272727, 147.4727272727273], [307.991935483871, 305.0], [307.991935483871, 243.0], [390.0, 224.0], [397.0, 83.0], [477.0, 321.0], [477.0, 293.0], [573.0, 286.0], [573.0, 250.0], [573.0119047619048, 306.0], [573.0119047619048, 288.0], [420.0, 321.0], [271.8125, 184.1875], [256.0, 168.0], [311.3125, 223.6875], [295.8125, 208.1875], [287.468085106383, 93.0], [287.468085106383, 81.0], [287.468085106383, 74.0], [287.468085106383, 52.0], [659.5121951219512, 203.0], [659.5121951219512, 182.0], [573.0, 249.5], [558.0, 249.5], [331.4315789473684, 82.0], [331.4315789473684, 52.0], [237.0, 535.0], [220.0, 535.0], [321.0, 132.0], [321.0, 112.0], [219.0, 514.0], [204.0, 514.0], [704.0, 158.5], [682.0, 158.5], [174.0, 168.0], [163.0, 168.0], [240.0, 168.0], [378.5, 185.0], [378.5, 173.0], [727.0, 374.0], [219.0, 535.0], [432.0, 452.0], [432.0, 442.0], [706.2788381742739, 427.0], [706.0, 492.0], [663.0, 492.84410646387835], [405.0, 534.5081967213115], [422.0, 534.0], [727.0, 309.0], [727.3744186046512, 281.0], [287.0, 134.65133171912834], [396.0, 134.0], [396.6528301886792, 110.0], [547.0, 390.0], [524.0, 390.3131313131313], [505.0, 48.0], [505.0, 28.0], [396.0, 189.0], [396.6528301886792, 167.0], [445.0, 390.3131313131313], [423.0, 390.0], [422.593572778828, 363.0]], "weights": [[1.4, 1.75], [1.4], [3.45, 2.0], [3.45, 1.45], [0.5], [0.5], [2.05], [2.05, 1.35], [1.7], [1.7], [1.35], [1.35, 0.75], [0.5], [0.5], [0.6], [0.6], [0.75, 6.05], [0.75, 1.75], [2.15], [2.15], [1.35], [2.55], [2.55, 1.25], [0.75], [0.5], [0.5], [0.45], [0.45], [1.75], [1.75], [0.5], [0.5], [2.9], [2.9, 1.75], [6.8], [6.8, 3.35], [5.85], [5.85], [1.35], [1.35], [2.05], [2.05], [1.75], [2.15], [2.15, 1.15], [1.1000000000000087, 0.35], [1.1000000000000087], [1.1], [1.1], [1.15], [3.35], [0.8, 1.8], [0.8], [0.8], [0.8], [0.5], [0.5], [1.8], [3.1000000000000085], [3.1000000000000085, 0.5], [1.750000000000012], [1.750000000000012], [0.5], [0.5], [0.7], [0.7], [1.1], [1.1], [1.4], [1.4], [1.5], [1.5], [1.15], [1.15], [1.5], [1.5], [0.7, 1.0], [0.7], [1.3], [1.3], [0.5], [0.5], [0.5], [1.6], [1.6], [2.0], [1.0], [2.5], [2.5], [1.75], [1.75, 1.25], [1.25], [0.95], [0.95, 1.1], [1.45, 3.15], [3.15], [2.05], [2.05, 0.75], [0.75], [1.25, 1.0], [1.0], [6.05, 2.1], [2.1], [0.35, 1.45], [1.45], [3.95], [3.95, 1.1, 1.1], [1.1]], "edges": [[1, 33], [0], [3, 85], [2, 94], [5], [4], [7], [6, 20], [9], [8], [11], [10, 23], [13], [12], [15], [14], [17, 101], [16, 42], [19], [18], [7], [22], [21, 99], [11], [25], [24], [27], [26], [29], [28], [31], [30], [33], [32, 0], [35], [34, 50], [37], [36], [39], [38], [41], [40], [17], [44], [43, 49], [46, 103], [45], [48], [47], [44], [35], [52, 57], [51], [54], [53], [56], [55], [51], [59], [58, 82], [61], [60], [63], [62], [65], [64], [67], [66], [69], [68], [71], [70], [73], [72], [75], [74], [77, 86], [76], [79], [78], [81], [80], [59], [84], [83], [2], [76], [88], [87], [90], [89, 91], [90], [93], [92, 106], [3, 95], [94], [97], [96, 98], [97], [22, 100], [99], [16, 102], [101], [45, 104], [103], [106], [105, 107, 93], [106]]}