{"weights": [[2.0], [2.0, 0.5], [0.6, 0.9], [0.6, 1.0], [0.7], [0.7], [4.45], [4.45], [1.5], [1.5, 3.0], [0.5], [0.5], [0.5], [0.5], [1.25], [1.25], [4.3], [4.3], [2.25], [2.25], [1.1], [1.1, 0.85], [0.5], [0.5], [0.5], [0.6], [0.6], [1.25], [1.25], [2.95], [2.95], [0.5], [0.5], [0.9], [1.0], [1.1], [1.1], [0.85], [0.5], [0.5], [1.1], [1.1], [0.8], [0.8], [3.5], [3.5], [0.5], [0.5], [2.65], [2.65, 1.5], [2.65], [2.65, 3.0], [0.65], [0.65, 0.6], [0.6], [2.3], [2.3, 1.1], [1.1], [1.0], [1.0, 1.0], [1.0], [0.85], [0.85, 3.0], [3.0], [2.9], [2.9, 1.5], [2.05], [2.05, 1.0], [1.0]], "edges": [[1], [0, 24], [3, 33], [2, 34], [5], [4], [7], [6], [9], [8, 51], [11], [10], [13], [12], [15], [14], [17], [16], [19], [18], [21], [20, 37], [23], [22], [1], [26], [25], [28], [27], [30], [29], [32], [31], [2], [3], [36], [35], [21], [39], [38], [41], [40], [43], [42], [45], [44], [47], [46], [49], [48, 65], [51], [50, 9], [53], [52, 54], [53], [56], [55, 57], [56], [59], [58, 60], [59], [62], [61, 63], [62], [65], [64, 49], [67], [66, 68], [67]], "vertices": [[491.0, 262.0], [463.0, 262.0], [669.0, 442.0], [669.0, 367.0], [602.0, 144.53061224489795], [550.0, 144.53061224489795], [563.7794117647059, 442.0], [563.7794117647059, 397.0], [636.0, 258.0], [605.0, 258.0], [568.4834123222748, 364.0], [568.4834123222748, 295.0], [73.0, 159.0], [73.0, 142.0], [711.0, 335.0], [711.0, 295.0], [585.0, 442.0], [564.0, 442.0], [575.0, 264.1496062992126], [545.0, 264.1496062992126], [252.0, 253.0], [252.0, 197.0], [202.0, 227.0], [202.0, 207.0], [463.0, 239.0], [389.0, 289.0], [337.0, 289.0], [476.0, 144.3095238095238], [447.0, 144.3095238095238], [319.0, 242.42477876106196], [298.0, 242.42477876106196], [476.0, 398.0], [450.0, 398.0], [645.0, 442.0], [680.0, 367.0], [429.0, 397.5], [413.0, 397.5], [267.0, 197.0], [73.0, 230.0], [73.0, 204.0], [310.0, 143.0], [297.0, 143.0], [518.0, 398.0], [504.0, 398.0], [569.0, 364.0], [569.0, 354.0], [202.0, 288.0], [202.0, 274.0], [658.0, 294.84057971014494], [709.0, 294.0], [637.0, 295.0], [605.0, 295.0], [712.4444444444445, 352.0], [712.0, 367.0], [698.0, 367.0], [285.0, 289.0], [252.0, 289.0], [252.5, 274.0], [282.0, 197.48387096774192], [297.0, 197.0], [297.5, 166.0], [670.5830258302583, 178.0], [670.0, 258.0], [658.0, 258.5], [673.0, 234.03763440860214], [709.0, 234.0], [652.0, 145.35714285714286], [670.0, 145.0], [670.0, 161.0]]}