{"vertices": [[389.0, 293.6584938704028], [337.0, 293.6584938704028], [709.0, 335.0], [709.0, 294.0], [491.0, 261.0], [463.0, 261.0], [636.0, 261.0], [605.0, 261.0], [575.0, 260.64639639639637], [545.0, 260.64639639639637], [670.0, 442.0], [670.0, 367.0], [602.0, 144.4972375690608], [550.0, 144.4972375690608], [476.0, 144.4972375690608], [447.0, 144.4972375690608], [310.0, 144.4972375690608], [297.0, 144.4972375690608], [566.0798376184033, 364.0], [566.0798376184033, 295.0], [267.0, 197.0], [252.0, 197.0], [73.0, 159.0], [73.0, 142.0], [73.0, 230.0], [73.0, 204.0], [645.0, 442.0], [252.0, 253.0], [202.0, 227.0], [202.0, 207.0], [202.0, 288.0], [202.0, 274.0], [574.0, 328.0], [574.0, 295.0], [319.0, 235.11659192825113], [299.0, 235.11659192825113], [463.0, 239.0], [319.0, 243.3421052631579], [298.0, 243.3421052631579], [476.0, 397.77777777777777], [450.0, 397.77777777777777], [429.0, 397.77777777777777], [413.0, 397.77777777777777], [518.0, 397.77777777777777], [504.0, 397.77777777777777], [680.0, 367.0], [658.0, 293.6584938704028], [709.0, 293.0], [637.0, 294.0], [605.0, 294.0], [285.0, 294.0], [252.0, 294.0], [252.5, 274.0], [709.4877697841727, 352.0], [709.0, 367.0], [698.0, 367.0], [658.0, 260.64639639639637], [670.0, 260.0], [670.1781914893617, 178.0], [670.0, 161.0], [670.0, 144.0], [652.0, 144.4972375690608], [282.0, 197.48214285714286], [297.0, 197.0], [297.5, 166.0], [673.0, 235.11659192825113], [709.0, 235.0], [566.0798376184033, 397.0], [567.0, 442.0], [585.0, 442.0]], "weights": [[0.25], [0.25], [0.35], [0.35], [0.5], [0.5, 0.7], [2.5], [2.5, 3.0], [0.35], [0.35], [0.25, 0.8], [0.25, 1.1], [0.75], [0.75], [1.15], [1.15], [0.75], [0.75], [0.85], [0.85], [0.75], [0.75, 1.0], [0.5], [0.5], [0.5], [0.5], [0.8], [1.0], [0.5], [0.5], [0.5], [0.5], [3.0], [3.0], [0.25], [0.25], [0.7], [2.85], [2.85], [0.5], [0.5], [0.95], [0.95], [1.15], [1.15], [1.1], [8.35], [8.35, 4.65], [6.45], [6.45, 3.0], [0.25], [0.25, 1.1], [1.1], [0.25], [0.25, 0.7], [0.7], [2.75], [2.75, 0.5], [0.5], [0.5], [0.5, 0.25], [0.25], [1.05], [1.05, 1.0], [1.0], [5.8], [5.8, 4.65], [3.45], [3.45, 1.0], [1.0]], "edges": [[1], [0], [3], [2], [5], [4, 36], [7], [6, 49], [9], [8], [11, 26], [10, 45], [13], [12], [15], [14], [17], [16], [19], [18], [21], [20, 27], [23], [22], [25], [24], [10], [21], [29], [28], [31], [30], [33], [32], [35], [34], [5], [38], [37], [40], [39], [42], [41], [44], [43], [11], [47], [46, 66], [49], [48, 7], [51], [50, 52], [51], [54], [53, 55], [54], [57], [56, 58], [57], [60], [59, 61], [60], [63], [62, 64], [63], [66], [65, 47], [68], [67, 69], [68]]}