{"weights": [[0.85], [0.85], [1.0, 1.0], [1.0, 1.85], [0.75, 1.5], [0.75, 1.1], [1.85], [1.5, 1.05], [1.5], [7.75], [7.75], [0.75], [0.75], [1.0], [1.25, 1.5], [1.25, 1.0], [7.95], [7.95], [1.05, 1.5], [8.5], [8.5], [3.05], [3.05, 5.55], [1.5, 7.1], [1.5, 1.5], [5.55], [1.5], [7.1], [1.1], [1.0], [1.0], [1.0], [1.5, 2.5], [3.6], [3.6, 5.95], [2.5, 1.2], [1.2], [7.95], [7.95, 7.95, 5.95, 5.95], [7.95, 1.0], [1.0, 1.0, 5.95], [1.0], [0.75], [0.75, 1.25], [1.25]], "edges": [[1], [0], [3, 13], [2, 6], [5, 18], [4, 28], [3], [8, 18], [7], [10], [9], [12], [11], [2], [15, 32], [14, 29], [17], [16], [7, 4], [20], [19], [22], [21, 25], [24, 27], [23, 26], [22], [24], [23], [5], [15], [31], [30], [14, 35], [34], [33, 38], [32, 36], [35], [38], [37, 39, 34, 40], [38, 40], [39, 41, 38], [40], [43], [42, 44], [43]], "vertices": [[485.0, 121.5049504950495], [383.0, 121.5049504950495], [704.0, 232.0], [582.0, 232.0], [387.0, 243.0], [264.0, 243.0], [582.0, 122.0], [468.0, 212.0], [468.0, 123.0], [551.2248243559719, 411.0], [551.2248243559719, 360.0], [633.0, 372.4888888888889], [587.0, 372.4888888888889], [704.0, 265.0], [675.0, 346.0], [606.0, 346.0], [559.4652173913043, 411.0], [559.4652173913043, 372.0], [387.0, 212.0], [592.0, 207.0], [592.0, 172.0], [244.0, 327.0], [244.0, 282.0], [405.0, 280.0], [395.0, 280.0], [263.0, 282.0], [395.0, 303.0], [405.0, 302.0], [264.0, 282.0], [606.0, 371.0], [582.0, 121.5], [564.0, 121.5], [675.0, 329.0], [495.921875, 359.0], [495.0, 405.0], [704.0, 329.0], [704.5, 304.0], [485.0, 411.0], [485.0, 395.0], [485.0, 390.0], [480.0, 390.0], [469.0, 390.0], [235.0, 367.44987146529564], [423.0, 368.0], [423.0, 390.0]]}