{"vertices": [[160.91402714932127, 291.0], [160.91402714932127, 125.0], [293.0, 291.0], [161.0, 291.0], [422.0, 126.20560747663552], [388.0, 126.20560747663552], [571.0, 126.20560747663552], [538.0, 126.20560747663552], [497.0, 126.20560747663552], [468.0, 126.20560747663552], [342.0, 126.20560747663552], [320.0, 126.20560747663552], [545.875, 374.0], [545.875, 313.0], [321.0, 96.496], [289.0, 96.496], [245.0, 96.0], [214.0, 96.0], [355.0, 351.5159010600707], [321.0, 351.5159010600707], [571.0, 374.0], [546.0, 374.0], [653.0, 264.0], [653.0, 225.0], [214.0, 128.0], [422.0, 337.0], [406.0, 337.0], [179.0, 454.7977528089888], [160.0, 454.7977528089888], [226.0, 271.0], [226.0, 261.0], [639.0, 264.0], [625.0, 264.0], [653.0, 224.0], [639.0, 224.0], [639.0, 126.0], [616.0, 126.20560747663552], [639.0, 374.0], [615.0, 374.49717514124296], [319.39479905437355, 290.0], [319.0, 454.0], [300.0, 454.7977528089888], [369.0, 351.5159010600707], [406.0, 351.0], [485.49107142857144, 309.0], [485.0, 337.0], [462.0, 337.3030303030303]], "weights": [[1.65], [1.65], [1.2], [1.2], [1.25], [1.25], [0.75], [0.75], [1.45], [1.45], [1.55], [1.55], [2.35], [2.35], [0.75], [0.75], [3.8], [3.8, 1.25], [1.95], [1.95], [1.95], [1.95], [1.7, 1.8], [1.7], [1.25], [3.15], [3.15, 2.0], [0.7], [0.7], [0.5], [0.5], [1.8, 0.5, 3.45], [0.5], [1.6], [1.6, 1.45], [1.45, 0.85], [0.85], [3.45, 1.75], [1.75], [0.95], [0.95, 1.25], [1.25], [4.55], [4.55, 2.0], [2.85], [2.85, 1.85], [1.85]], "edges": [[1], [0], [3], [2], [5], [4], [7], [6], [9], [8], [11], [10], [13], [12], [15], [14], [17], [16, 24], [19], [18], [21], [20], [23, 31], [22], [17], [26], [25, 43], [28], [27], [30], [29], [22, 32, 37], [31], [34], [33, 35], [34, 36], [35], [31, 38], [37], [40], [39, 41], [40], [43], [42, 26], [45], [44, 46], [45]]}