{"weights": [[1.05], [1.05], [1.25], [1.25], [1.25], [1.25], [1.65], [1.65], [0.95], [0.95], [0.75], [0.75], [1.75], [1.75], [1.1], [1.1, 1.25], [1.45], [1.45], [2.2], [2.2], [2.9, 1.7], [2.9], [1.25], [1.55], [1.55], [1.65], [1.65, 2.2], [0.5], [0.5], [1.7, 0.8, 1.65], [1.0], [1.0], [0.8], [1.5], [1.5, 1.25], [1.25, 1.0], [1.0], [0.85], [0.85, 1.4], [1.4], [1.65, 1.85], [1.85], [3.15], [3.15, 2.2], [3.9], [3.9, 1.8], [1.8]], "edges": [[1], [0], [3], [2], [5], [4], [7], [6], [9], [8], [11], [10], [13], [12], [15], [14, 22], [17], [16], [19], [18], [21, 29], [20], [15], [24], [23], [26], [25, 43], [28], [27], [20, 32, 40], [31], [30], [29], [34], [33, 35], [34, 36], [35], [38], [37, 39], [38], [29, 41], [40], [43], [42, 26], [45], [44, 46], [45]], "vertices": [[160.91402714932127, 291.0], [160.91402714932127, 125.0], [293.0, 291.0], [161.0, 291.0], [422.0, 126.05376344086021], [388.0, 126.05376344086021], [545.875, 374.0], [545.875, 313.0], [571.0, 126.43103448275862], [538.0, 126.43103448275862], [321.0, 96.4920634920635], [289.0, 96.4920634920635], [355.0, 351.51908396946567], [321.0, 351.51908396946567], [245.0, 96.0], [214.0, 96.0], [497.0, 126.25757575757575], [468.0, 126.25757575757575], [571.0, 374.0], [546.0, 374.0], [653.0, 264.0], [653.0, 225.0], [214.0, 128.0], [342.0, 125.96774193548387], [320.0, 125.96774193548387], [422.0, 337.0], [406.0, 337.0], [226.0, 271.0], [226.0, 261.0], [639.0, 264.0], [179.0, 454.5135135135135], [160.0, 454.5135135135135], [625.0, 264.0], [653.0, 224.0], [639.0, 224.0], [639.0, 126.0], [616.0, 126.5], [319.39479905437355, 290.0], [319.0, 455.0], [300.0, 455.0], [639.0, 374.0], [615.0, 374.49411764705883], [369.0, 351.5131578947368], [406.0, 351.0], [485.49107142857144, 309.0], [485.0, 337.0], [462.0, 337.5]]}