{"vertices": [[485.0, 121.50434782608696], [383.0, 121.50434782608696], [582.0, 121.50434782608696], [564.0, 121.50434782608696], [704.0, 232.0], [582.0, 232.0], [394.0, 243.0], [264.0, 243.0], [582.0, 122.0], [468.0, 212.0], [468.0, 123.0], [551.2248243559719, 411.0], [551.2248243559719, 360.0], [704.0, 265.0], [675.0, 346.0], [606.0, 346.0], [559.4652173913043, 411.0], [559.4652173913043, 372.0], [394.0, 212.0], [592.0, 207.0], [592.0, 172.0], [244.0, 327.0], [244.0, 281.0], [405.0, 281.0], [394.0, 281.0], [263.0, 281.0], [394.0, 303.0], [405.0, 302.0], [264.0, 281.0], [675.0, 329.0], [235.0, 368.39665970772444], [423.0, 368.0], [423.0, 390.0], [633.0, 368.39665970772444], [606.0, 368.0], [587.0, 368.39665970772444], [704.5, 304.0], [704.0, 329.0], [495.921875, 359.0], [495.0, 405.0], [485.0, 411.0], [485.0, 395.0], [485.0, 390.0], [480.0, 390.0], [469.0, 390.0]], "weights": [[0.85], [0.85], [0.85], [0.85], [1.0, 1.2], [1.0, 6.65], [0.75, 0.25], [0.75, 1.0], [6.65], [1.5, 1.15], [1.5], [7.75], [7.75], [1.2], [1.4, 1.5], [1.4, 1.2], [7.75], [7.75], [1.15, 0.25], [8.5], [8.5], [1.25], [1.25, 1.35], [1.5, 7.1], [1.5, 1.5], [1.35], [1.5], [7.1], [1.0], [1.5, 0.75], [2.65], [2.65, 1.35], [1.35], [0.3], [0.3, 0.3, 1.2], [0.3], [1.4], [1.4, 0.75], [0.5], [0.5, 5.399999999999995], [8.25], [8.25, 8.25, 5.399999999999995, 5.399999999999995], [8.25, 0.8], [0.8, 0.8, 5.399999999999995], [0.8]], "edges": [[1], [0], [3], [2], [5, 13], [4, 8], [7, 18], [6, 28], [5], [10, 18], [9], [12], [11], [4], [15, 29], [14, 34], [17], [16], [9, 6], [20], [19], [22], [21, 25], [24, 27], [23, 26], [22], [24], [23], [7], [14, 37], [31], [30, 32], [31], [34], [33, 35, 15], [34], [37], [36, 29], [39], [38, 41], [41], [40, 42, 39, 43], [41, 43], [42, 44, 41], [43]]}