{"weights": [[1.35], [1.35], [1.15], [1.15, 1.15], [1.0], [1.0], [0.85, 1.0], [0.85, 0.95], [1.15], [2.5], [2.5], [6.5], [6.5], [1.0, 1.0], [1.0, 0.5], [2.25], [2.25], [1.95], [1.95], [1.0], [1.0, 1.0], [2.25], [2.25], [1.0], [1.0], [1.0], [0.95, 0.7], [0.7], [1.5499999999999958], [1.5499999999999958, 1.45], [1.45], [0.5, 1.0], [1.0]], "edges": [[1], [0], [3], [2, 8], [5], [4], [7, 25], [6, 26], [3], [10], [9], [12], [11], [14, 24], [13, 31], [16], [15], [18], [17], [20], [19, 23], [22], [21], [20], [13], [6], [7, 27], [26], [29], [28, 30], [29], [14, 32], [31]], "vertices": [[496.2228116710875, 137.0], [496.2228116710875, 61.0], [289.0, 182.0], [289.0, 62.0], [408.0, 61.5], [373.0, 61.5], [398.0, 280.0], [398.0, 249.0], [341.0, 62.0], [454.0, 279.5], [437.0, 279.5], [488.5, 127.0], [488.5, 103.0], [500.0, 247.0], [500.0, 232.0], [410.0, 177.97826086956522], [391.0, 177.97826086956522], [499.0, 177.98924731182797], [479.0, 177.98924731182797], [470.0, 264.0], [455.0, 264.0], [395.12068965517244, 233.0], [395.12068965517244, 214.0], [455.0, 280.0], [500.0, 263.0], [415.0, 280.0], [288.0, 249.0], [288.49295774647885, 212.0], [500.0, 127.16013071895425], [597.0, 127.0], [597.0, 186.0], [597.0, 232.0], [597.5, 217.0]]}