{"vertices": [[496.6466512702078, 137.0], [496.6466512702078, 61.0], [497.0, 247.0], [497.0, 232.0], [496.6466512702078, 263.0], [496.6466512702078, 249.0], [289.0, 182.0], [289.0, 62.0], [288.6676136363636, 249.0], [288.6676136363636, 212.0], [396.0, 249.0], [289.0, 249.0], [408.0, 61.75], [373.0, 61.75], [341.0, 62.0], [396.0, 280.0], [395.90751445086704, 233.0], [395.90751445086704, 214.0], [454.0, 279.5], [437.0, 279.5], [415.0, 280.0], [488.5, 127.0], [488.5, 103.0], [410.0, 177.9837837837838], [391.0, 177.9837837837838], [499.0, 177.9837837837838], [479.0, 177.9837837837838], [470.0, 264.0], [455.0, 264.0], [455.0, 280.0], [500.0, 127.16013071895425], [597.0, 127.0], [597.0, 186.0], [597.0, 232.0], [597.1027027027027, 217.0]], "weights": [[2.6], [2.6], [0.25], [0.25, 0.5], [0.75], [0.75], [1.25], [1.25, 1.05], [0.75], [0.75], [0.95, 0.5], [0.95], [0.85], [0.85], [1.05], [0.5, 1.0], [3.25], [3.25], [1.0], [1.0], [1.0], [6.7], [6.7], [2.05], [2.05], [2.05], [2.05], [0.75], [0.75, 1.0], [1.0], [1.2499999999999942], [1.2499999999999942, 1.95], [1.95], [0.5, 0.75], [0.75]], "edges": [[1], [0], [3], [2, 33], [5], [4], [7], [6, 14], [9], [8], [11, 15], [10], [13], [12], [7], [10, 20], [17], [16], [19], [18], [15], [22], [21], [24], [23], [26], [25], [28], [27, 29], [28], [31], [30, 32], [31], [3, 34], [33]]}