{"weights": [[3.55, 2.0], [3.55, 1.4], [1.55, 1.6], [1.55, 1.25], [1.45], [1.45, 1.5], [1.85], [1.85], [1.75], [1.75], [1.5, 1.7], [1.5], [1.5], [5.05], [5.05], [1.6], [1.6], [4.15], [4.15, 2.1], [0.8], [0.8, 0.9, 0.5], [2.4], [2.4], [5.15], [5.15, 3.95], [0.5], [0.5], [1.4, 0.7], [1.4], [3.65], [3.65, 5.4], [1.2], [1.2], [1.0], [1.0], [1.25], [1.25], [2.25], [2.25], [1.15], [1.15, 1.7], [1.3], [1.3], [1.45], [1.45, 1.6], [1.6], [1.25], [1.25], [1.15], [1.15, 1.0], [7.050000000000006], [7.050000000000006, 7.85], [0.5], [0.5], [1.05], [1.05], [5.4], [0.5], [0.5], [5.3], [5.3], [1.0], [1.0], [1.5], [1.5], [6.95], [6.95], [1.45], [1.45], [1.4], [1.0], [1.0], [0.9], [1.7], [1.7, 1.5], [1.25], [0.7], [2.0], [2.0], [2.25], [2.25, 2.05], [0.9], [0.9], [1.4], [1.4], [0.5], [0.5], [2.0], [0.7], [0.7], [1.0], [0.5], [1.5], [1.1], [1.1], [1.55], [1.55], [0.6], [0.6], [3.35], [3.35, 7.85], [0.55], [0.55, 1.35], [1.35], [3.8], [3.8, 2.05], [3.95, 1.85], [1.85], [2.25], [2.25, 2.0], [2.0], [2.25], [2.25, 2.1], [1.6, 1.35], [1.35], [2.65], [2.65, 1.5], [1.5], [1.75], [1.75, 2.2], [2.2], [1.2], [1.2, 0.7], [0.7], [3.05], [3.05, 1.75], [1.75]], "edges": [[1, 87], [0, 69], [3, 45], [2, 75], [5], [4, 12], [7], [6], [9], [8], [11, 40], [10], [5], [14], [13], [16], [15], [18], [17, 112], [20], [19, 72, 91], [22], [21], [24], [23, 106], [26], [25], [28, 76], [27], [30], [29, 56], [32], [31], [34], [33], [36], [35], [38], [37], [40], [39, 10], [42], [41], [44], [43, 113], [2], [47], [46], [49], [48, 90], [51], [50, 100], [53], [52], [55], [54], [30], [58], [57], [60], [59], [62], [61], [64], [63], [66], [65], [68], [67], [1], [71], [70], [20], [74], [73, 92], [3], [27], [78], [77], [80], [79, 105], [82], [81], [84], [83], [86], [85], [0], [89], [88], [49], [20], [74], [94], [93], [96], [95], [98], [97], [100], [99, 51], [102], [101, 103], [102], [105], [104, 80], [24, 107], [106], [109], [108, 110], [109], [112], [111, 18], [44, 114], [113], [116], [115, 117], [116], [119], [118, 120], [119], [122], [121, 123], [122], [125], [124, 126], [125]], "vertices": [[774.0, 254.0], [774.0, 19.0], [53.0, 416.0], [53.0, 121.0], [507.0, 254.0], [469.0, 254.0], [667.0, 254.0], [540.0, 254.0], [462.56302521008405, 513.0], [462.56302521008405, 359.0], [670.0, 44.0], [609.0, 44.0], [469.0, 282.0], [478.3703703703704, 362.0], [478.3703703703704, 255.0], [193.30769230769232, 324.0], [193.30769230769232, 259.0], [619.0, 513.0], [598.0, 513.0], [481.0, 253.0], [481.0, 203.0], [268.0, 123.36236933797909], [214.0, 123.36236933797909], [216.0, 383.0], [195.0, 383.0], [695.0, 154.0], [681.0, 154.0], [729.0, 154.0], [729.0, 141.0], [150.0, 435.0], [150.0, 416.0], [160.0, 321.0], [150.0, 321.0], [235.0, 273.7647058823529], [196.0, 273.7647058823529], [460.0, 383.0327868852459], [439.0, 383.0327868852459], [482.0, 513.0], [463.0, 513.0], [698.0, 19.0], [670.0, 19.0], [684.0, 116.5], [672.0, 116.5], [432.0, 97.0], [415.0, 97.0], [69.0, 416.0], [314.0, 120.97435897435898], [300.0, 120.97435897435898], [772.0, 214.0], [731.0, 214.0], [619.0, 194.0], [639.0, 173.0], [434.0, 203.0], [418.0, 203.0], [192.0, 120.97142857142858], [180.0, 120.97142857142858], [163.0, 416.0], [167.0, 262.0], [155.0, 262.0], [245.0, 264.0], [245.0, 254.0], [369.0, 120.97435897435898], [355.0, 120.97435897435898], [156.0, 121.0], [145.0, 121.0], [109.0, 432.0], [98.0, 432.0], [743.0, 254.0253164556962], [716.0, 254.0253164556962], [746.0, 19.0], [90.0, 321.0], [68.0, 321.0], [506.0, 203.0], [480.0, 58.0], [480.0, 44.0], [69.0, 121.0], [703.0, 154.0], [654.5, 267.0], [654.5, 256.0], [534.0, 533.0], [519.0, 533.0], [672.0, 149.0], [672.0, 131.0], [104.0, 120.5], [93.0, 120.5], [301.0, 315.0], [301.0, 303.0], [759.0, 254.0], [85.0, 262.0], [70.0, 262.0], [731.0, 227.0], [462.0, 203.0], [496.0, 44.0], [539.5, 254.0], [539.5, 236.0], [253.0, 383.4583333333333], [240.0, 383.4583333333333], [639.0, 252.0], [639.0, 233.0], [535.0, 200.13333333333333], [639.0, 200.0], [301.59, 325.0], [301.0, 383.0], [277.0, 383.02985074626866], [498.0, 513.0091743119266], [519.0, 513.0], [195.0, 416.0], [180.0, 416.4651162790698], [635.0, 512.9479166666666], [654.0, 512.0], [654.5, 500.0], [583.0, 532.9473684210526], [598.0, 532.0], [415.0, 121.0], [401.0, 121.02777777777777], [465.0, 96.97872340425532], [480.0, 96.0], [480.0, 85.0], [85.0, 416.4727272727273], [97.0, 416.0], [97.0, 432.0], [717.0, 116.48148148148148], [729.0, 116.0], [729.0, 129.0], [391.0, 383.0], [367.0, 383.0], [366.0416666666667, 364.0]]}