{"weights": [[1.75, 1.55], [1.75, 1.95], [2.55], [2.55], [1.25, 1.65], [1.25, 2.15], [2.05], [2.05], [1.5], [1.5], [1.3], [1.3], [2.15, 2.1], [0.7], [0.7], [0.95], [0.95], [2.15], [2.15, 0.5], [2.05], [2.05], [1.85], [1.85], [2.8, 2.4], [2.8, 0.9], [1.85], [1.85, 1.95, 3.75], [2.55], [2.55], [1.95, 1.35], [1.95, 2.5], [1.05], [1.05, 1.0], [1.25], [1.25], [5.55], [5.55], [1.85], [1.85], [0.65], [0.65], [2.0], [2.0], [1.75], [1.75], [1.3], [1.3], [0.95], [0.95], [6.65], [6.65], [0.9], [1.35], [1.35], [1.55], [2.55], [2.55], [7.8], [7.8], [1.65], [3.55], [3.55, 1.0], [0.5, 1.0], [0.5], [0.7], [0.7, 1.3], [1.95], [1.2], [1.2], [0.9], [0.9, 1.3], [1.85], [1.85], [2.05], [2.05], [1.3], [1.6], [1.6], [2.1], [1.0], [2.5], [0.8], [0.8], [0.5], [2.4], [1.0], [1.0], [1.95], [1.85], [1.85, 2.25], [2.25], [1.0], [1.0, 2.0], [2.55], [2.55, 2.15], [2.15], [1.35, 1.4], [1.4], [2.25], [2.25, 1.85], [1.85], [2.15], [2.15, 1.8], [1.8], [1.0], [1.0, 1.3], [1.85], [1.85, 2.0], [1.0], [1.0, 3.75], [6.7], [6.7, 0.85], [0.85]], "edges": [[1, 54], [0, 66], [3], [2], [5, 59], [4, 12], [7], [6], [9], [8], [11], [10], [5, 78], [14], [13], [16], [15], [18], [17, 83], [20], [19], [22], [21], [24, 84], [23, 51], [26], [25, 87, 109], [28], [27], [30, 96], [29, 80], [32], [31, 62], [34], [33], [36], [35], [38], [37], [40], [39], [42], [41], [44], [43], [46], [45], [48], [47], [50], [49], [24], [53], [52], [0], [56], [55], [58], [57], [4], [61], [60, 79], [63, 32], [62], [65], [64, 105], [1], [68], [67], [70], [69, 75], [72], [71], [74], [73], [70], [77], [76], [12], [61], [30], [82], [81], [18], [23], [86], [85], [26], [89], [88, 90], [89], [92], [91, 107], [94], [93, 95], [94], [29, 97], [96], [99], [98, 100], [99], [102], [101, 103], [102], [105], [104, 65], [107], [106, 92], [109], [108, 26], [111], [110, 112], [111]], "vertices": [[24.0, 195.0], [24.0, 53.0], [23.70440251572327, 509.0], [23.70440251572327, 264.0], [204.0, 526.0], [204.0, 316.0], [799.5454545454545, 241.0], [799.5454545454545, 224.0], [140.49659863945578, 321.0], [140.49659863945578, 299.0], [706.5022421524664, 317.0], [706.5022421524664, 194.0], [310.0, 316.0], [784.0, 329.4516129032258], [767.0, 329.4516129032258], [116.54736842105264, 247.0], [116.54736842105264, 194.0], [407.0, 335.0], [345.0, 335.0], [483.0, 334.50757575757575], [416.0, 334.50757575757575], [200.0, 110.0], [151.0, 110.0], [719.0, 346.0], [719.0, 330.0], [433.0, 53.0], [411.0, 53.0], [305.0, 53.445945945945944], [285.0, 53.445945945945944], [620.0, 316.0], [515.0, 316.0], [797.0, 380.0], [745.0, 380.0], [735.0, 277.7761194029851], [707.0, 277.7761194029851], [132.0, 304.10791366906477], [118.0, 304.10791366906477], [694.0, 53.493975903614455], [672.0, 53.493975903614455], [537.0, 280.8809523809524], [520.0, 280.8809523809524], [152.0, 53.5], [130.0, 53.5], [538.0, 53.53623188405797], [518.0, 53.53623188405797], [61.0, 277.5], [26.0, 277.5], [797.0, 277.5068493150685], [760.0, 277.5068493150685], [705.0, 304.45231607629427], [674.0, 304.45231607629427], [657.0, 330.0], [55.0, 509.0], [24.0, 509.0], [61.0, 195.0], [286.4782608695652, 112.0], [286.4782608695652, 94.0], [147.48192771084337, 320.0], [147.48192771084337, 297.0], [227.0, 526.0], [105.0, 350.0], [105.0, 330.0], [745.0, 403.0], [721.0, 403.0], [101.0, 403.0], [79.0, 403.0], [44.0, 53.0], [439.0, 516.5], [416.0, 516.5], [288.0, 313.0], [288.0, 280.0], [150.52542372881356, 110.0], [150.52542372881356, 93.0], [537.0952380952381, 112.0], [537.0952380952381, 94.0], [303.0, 280.0], [23.50769230769231, 241.0], [23.50769230769231, 224.0], [310.0, 329.0], [46.0, 330.0], [515.0, 329.0], [761.0, 329.0], [657.0, 329.0], [345.0, 314.0], [704.0, 346.0], [109.0, 244.0], [99.0, 244.0], [391.0, 53.47540983606557], [799.553128103277, 264.0], [799.0, 509.0], [769.0, 509.9856115107914], [763.0, 194.5], [800.0, 194.0], [689.3076923076923, 394.0], [689.0, 510.0], [720.0, 510.0], [620.0, 516.0], [596.0, 516.5], [134.8558225508318, 394.0], [134.0, 509.0], [120.0, 509.468085106383], [624.0, 110.49253731343283], [673.0, 110.0], [673.4745762711865, 93.0], [28.0, 380.5], [79.0, 380.0], [779.0, 53.47826086956522], [800.0, 53.0], [384.0, 525.5106382978723], [411.0, 525.0], [117.0, 318.0], [117.0, 278.0], [88.0, 277.4807692307692]]}