{"weights": [[2.2500000000000018], [2.2500000000000018], [2.15, 1.85], [2.15, 1.7], [0.75], [0.75, 1.5], [2.25], [2.25], [1.75], [1.75], [1.85, 1.5], [2.149999999999999], [2.149999999999999], [1.25], [1.25], [0.7], [0.7], [0.5], [0.5], [0.8], [0.8], [1.75], [1.75, 2.3], [1.35], [1.35], [2.3], [1.2], [1.2], [0.5], [0.5], [0.95], [0.95], [1.7], [1.85], [1.85, 1.85], [1.85], [4.2], [4.2, 2.05], [2.05], [0.95], [0.95, 1.0], [1.0]], "edges": [[1], [0], [3, 10], [2, 32], [5], [4, 10], [7], [6], [9], [8], [2, 5], [12], [11], [14], [13], [16], [15], [18], [17], [20], [19], [22], [21, 25], [24], [23], [22], [27], [26], [29], [28], [31], [30], [3], [34], [33, 35], [34], [37], [36, 38], [37], [40], [39, 41], [40]], "vertices": [[549.0, 30.974358974358974], [500.0, 30.974358974358974], [549.0, 288.0], [342.0, 288.0], [660.0, 463.0], [660.0, 250.0], [442.0, 30.996138996138995], [337.0, 30.996138996138995], [549.0, 225.0], [549.0, 31.0], [549.0, 250.0], [279.0, 30.971223021582734], [250.0, 30.971223021582734], [341.7061994609164, 496.0], [341.7061994609164, 336.0], [498.0, 223.59333333333333], [409.0, 223.59333333333333], [192.0, 272.0], [181.0, 272.0], [272.0, 272.0], [254.0, 272.0], [173.0, 53.0], [173.0, 31.0], [498.14666666666665, 286.0], [498.14666666666665, 256.0], [192.0, 31.0], [367.0, 496.0], [342.0, 496.0], [270.0, 312.0], [257.0, 312.0], [223.64705882352942, 344.0], [223.64705882352942, 322.0], [342.0, 307.0], [172.47543461829176, 129.0], [172.0, 455.0], [198.0, 455.0], [282.4657534246575, 381.0], [282.0, 454.0], [256.0, 454.51612903225805], [524.0, 496.51063829787233], [550.0, 496.0], [550.0, 461.0]]}