{"vertices": [[172.0, 53.0], [172.0, 31.0], [549.0, 30.98762886597938], [500.0, 30.98762886597938], [442.0, 30.98762886597938], [337.0, 30.98762886597938], [279.0, 30.98762886597938], [250.0, 30.98762886597938], [192.0, 31.0], [549.0, 288.0], [342.0, 288.0], [660.0, 463.0], [660.0, 250.0], [549.0, 225.0], [549.0, 31.0], [549.0, 250.0], [341.7398568019093, 497.0], [341.7398568019093, 336.0], [342.0, 307.0], [367.0, 497.0], [342.0, 497.0], [498.0, 223.59333333333333], [409.0, 223.59333333333333], [192.0, 272.0], [181.0, 272.0], [272.0, 272.0], [254.0, 272.0], [498.14666666666665, 286.0], [498.14666666666665, 256.0], [270.0, 312.0], [257.0, 312.0], [223.64705882352942, 344.0], [223.64705882352942, 322.0], [172.47810734463278, 129.0], [172.0, 455.0], [198.0, 455.0], [549.4853090172239, 461.0], [549.0, 496.0], [524.0, 496.5052631578947], [282.4657534246575, 381.0], [282.0, 454.0], [256.0, 454.51630434782606]], "weights": [[3.45], [3.45, 2.05], [1.5], [1.5], [2.35], [2.35], [2.25], [2.25], [2.05], [2.35, 2.25], [2.35, 1.45], [0.75], [0.75, 1.5], [2.0], [2.0], [2.25, 1.5], [1.05], [1.05], [1.45], [1.25], [1.25], [0.65], [0.65], [0.5], [0.5], [1.0], [1.0], [0.9], [0.9], [0.7], [0.7], [0.65], [0.65], [1.75], [1.75, 2.15], [2.15], [0.7], [0.7, 0.95], [0.95], [2.55], [2.55, 1.85], [1.85]], "edges": [[1], [0, 8], [3], [2], [5], [4], [7], [6], [1], [10, 15], [9, 18], [12], [11, 15], [14], [13], [9, 12], [17], [16], [10], [20], [19], [22], [21], [24], [23], [26], [25], [28], [27], [30], [29], [32], [31], [34], [33, 35], [34], [37], [36, 38], [37], [40], [39, 41], [40]]}