{"vertices": [[220.0, 494.0], [220.0, 227.0], [414.0, 73.0], [414.0, 16.0], [610.4879406307978, 186.0], [610.4879406307978, 175.0], [237.0, 38.0], [237.0, 16.0], [363.0, 252.0], [363.0, 187.0], [362.65625, 299.0], [362.65625, 282.0], [314.0, 16.0], [414.0, 15.51923076923077], [397.0, 15.51923076923077], [307.60555555555555, 255.0], [307.60555555555555, 218.0], [307.60555555555555, 301.0], [307.60555555555555, 282.0], [506.0, 376.5027932960894], [416.0, 376.5027932960894], [291.1593533487298, 129.0], [291.1593533487298, 62.0], [291.1593533487298, 35.0], [291.1593533487298, 18.0], [414.0, 301.0], [308.0, 301.0], [506.0, 301.25043177892917], [488.0, 301.25043177892917], [606.0, 301.25043177892917], [586.0, 301.25043177892917], [361.0, 227.3945205479452], [314.0, 227.3945205479452], [237.0, 227.0], [435.0, 529.0], [435.0, 495.0], [417.0, 187.0], [462.0, 529.0], [430.0, 423.0], [415.0, 423.0], [252.0, 494.0], [235.0, 494.0], [435.0, 494.0], [414.0, 494.0], [278.0, 127.0], [247.0, 127.0], [284.0, 120.0], [284.0, 110.0], [398.0, 494.44711538461536], [544.0083682008368, 386.0], [544.0, 529.0], [517.0, 529.0214592274679], [610.4879406307978, 234.0], [610.0, 345.0], [584.0, 345.0769230769231], [610.0, 156.0], [610.0, 138.0], [596.0, 138.31460674157304], [237.49101796407186, 83.0], [306.0, 227.0], [523.0045871559633, 67.0], [523.0, 138.0], [540.0, 138.0]], "weights": [[1.0, 1.25], [1.0, 1.35], [0.25], [0.25], [1.2], [1.2], [1.5], [1.5, 1.85], [1.05], [1.05, 0.9], [0.75], [0.75], [1.85], [1.75], [1.75], [1.0], [1.0], [1.1], [1.1], [0.85], [0.85], [2.65], [2.65], [0.25], [0.25], [1.75, 2.05], [1.75], [3.95], [3.95], [0.95], [0.95], [0.25], [0.25], [1.35, 1.75, 2.05], [2.35, 2.25], [2.35], [0.9], [2.25], [1.2], [1.2], [1.25], [1.25, 1.25], [2.45], [2.45, 2.05, 1.25], [0.5], [0.5], [6.0], [6.0], [1.25], [2.45], [2.45, 2.0], [2.0], [1.75], [1.75, 2.65], [2.65], [1.75], [1.75, 1.75], [1.75], [1.75], [2.05], [4.25], [4.25, 1.75], [1.75]], "edges": [[1, 41], [0, 33], [3], [2], [5], [4], [7], [6, 12], [9], [8, 36], [11], [10], [7], [14], [13], [16], [15], [18], [17], [20], [19], [22], [21], [24], [23], [26, 43], [25], [28], [27], [30], [29], [32], [31], [1, 58, 59], [35, 37], [34], [9], [34], [39], [38], [41], [40, 0], [43], [42, 25, 48], [45], [44], [47], [46], [43], [50], [49, 51], [50], [53], [52, 54], [53], [56], [55, 57], [56], [33], [33], [61], [60, 62], [61]]}