{"weights": [[1.0, 1.6], [1.0, 1.6], [4.35, 2.55], [4.35, 1.75], [1.65], [1.65, 1.85], [1.15], [1.15, 1.0], [1.85], [1.449999999999999], [1.449999999999999], [1.75], [1.75], [0.75], [0.75], [2.3], [2.3], [1.75], [2.4, 2.15], [2.4, 2.55], [4.35], [4.35], [1.0], [2.15], [1.0], [1.0], [1.5], [1.5], [2.0, 2.05], [2.0], [1.75], [1.75], [2.05], [0.75], [0.75], [1.0], [1.0], [1.6], [0.8], [0.8], [1.8], [1.8], [1.6], [1.6], [0.5], [0.5], [6.0], [6.0], [1.6], [2.2], [2.2, 2.25], [2.25], [2.1], [2.1, 2.45], [2.45], [1.75], [1.75, 1.9], [1.9], [1.6], [1.6, 0.5, 0.5], [0.5], [2.15, 0.5], [2.15], [0.5], [0.5, 1.75], [1.75]], "edges": [[1, 37], [0, 48], [3, 19], [2, 17], [5], [4, 8], [7], [6, 22], [5], [10], [9], [12], [11], [14], [13], [16], [15], [3], [19, 23], [18, 2], [21], [20], [7], [18], [25], [24], [27], [26], [29, 32], [28], [31], [30], [28], [34], [33], [36], [35], [0], [39], [38], [41], [40], [43], [42], [45], [44], [47], [46], [1], [50], [49, 51], [50], [53], [52, 54], [53], [56], [55, 57], [56], [59], [58, 60, 64], [59], [62, 63], [61], [61], [59, 65], [64]], "vertices": [[220.0, 495.0], [220.0, 228.0], [413.0, 494.0], [413.0, 302.0], [237.0, 38.0], [237.0, 16.0], [363.0, 252.0], [363.0, 187.0], [314.0, 16.0], [418.0, 15.523076923076923], [397.0, 15.523076923076923], [418.0, 73.0], [418.0, 16.0], [506.0, 376.5027932960894], [416.0, 376.5027932960894], [290.885, 129.0], [290.885, 62.0], [308.0, 302.0], [435.0, 529.0], [435.0, 494.0], [506.0, 297.55555555555554], [488.0, 297.55555555555554], [417.0, 187.0], [462.0, 529.0], [430.0, 423.0], [415.0, 423.0], [252.0, 495.0], [237.0, 495.0], [610.0, 138.0], [596.0, 138.0], [307.50847457627117, 302.0], [307.50847457627117, 282.0], [610.0, 156.0], [294.4848484848485, 35.0], [294.4848484848485, 18.0], [362.5, 299.0], [362.5, 282.0], [235.0, 495.0], [606.0, 302.0], [586.0, 302.0], [610.5, 186.0], [610.5, 175.0], [413.0, 495.0], [398.0, 495.0], [278.0, 127.0], [247.0, 127.0], [284.0, 120.0], [284.0, 110.0], [238.0, 228.0], [544.0083682008368, 386.0], [544.0, 529.0], [517.0, 529.008695652174], [610.4966292134832, 234.0], [610.0, 345.0], [584.0, 345.0769230769231], [523.0045871559633, 67.0], [523.0, 138.0], [540.0, 138.0], [308.0, 255.0], [308.0, 221.0], [361.0, 221.0], [-978.0, 221.0], [237.0, 225.0], [237.0, 221.0], [238.0, 221.0], [237.50257289879931, 83.0]]}