{"vertices": [[198.0, 196.0], [198.0, 80.0], [374.0, 512.0], [374.0, 333.0], [532.0, 94.0], [532.0, 80.0], [301.9154589371981, 317.0], [301.9154589371981, 302.0], [302.0, 115.0], [302.0, 80.0], [449.0, 333.0], [213.0, 279.03015075376885], [202.0, 279.03015075376885], [348.0, 115.0], [309.0, 115.0], [432.0, 114.88571428571429], [421.0, 114.88571428571429], [445.0, 79.99431818181819], [430.0, 79.99431818181819], [309.0, 79.99431818181819], [290.0, 79.99431818181819], [216.0, 80.0], [532.0, 79.99431818181819], [518.0, 79.99431818181819], [309.0, 80.0], [275.3636363636364, 314.0], [275.3636363636364, 301.0], [275.3636363636364, 279.0], [275.3636363636364, 269.0], [387.0, 512.0], [312.0, 382.0], [302.0, 382.0], [372.0, 381.7560975609756], [361.0, 381.7560975609756], [246.0, 377.0], [246.0, 367.0], [198.07896995708154, 229.0], [198.0, 478.0], [224.0, 478.0], [532.183908045977, 167.0], [532.0, 333.0], [477.0, 333.1231343283582], [532.183908045977, 473.0], [532.0, 511.0], [521.0, 511.5], [629.0, 475.0], [629.0, 279.0], [534.0, 279.03015075376885], [302.0, 478.0], [274.0, 478.48936170212767]], "weights": [[1.25], [1.25, 1.25], [0.85, 1.0], [0.85, 2.25], [1.45], [1.45], [0.25], [0.25], [0.25], [0.25], [2.25], [0.25], [0.25], [5.05], [5.05, 2.0], [1.35], [1.35], [1.75], [1.75], [1.25], [1.25], [1.25], [3.95], [3.95], [2.0], [1.15], [1.15], [0.7], [0.7], [1.0], [1.55], [1.55, 0.55], [1.55], [1.55], [0.9], [0.9], [1.45], [1.45, 1.75], [1.75], [1.25], [1.25, 1.35], [1.35], [0.65], [0.65, 1.2], [1.2], [0.75], [0.75, 0.75], [0.75], [0.55, 1.75], [1.75]], "edges": [[1], [0, 21], [3, 29], [2, 10], [5], [4], [7], [6], [9], [8], [3], [12], [11], [14], [13, 24], [16], [15], [18], [17], [20], [19], [1], [23], [22], [14], [26], [25], [28], [27], [2], [31], [30, 48], [33], [32], [35], [34], [37], [36, 38], [37], [40], [39, 41], [40], [43], [42, 44], [43], [46], [45, 47], [46], [31, 49], [48]]}