{"weights": [[0.95, 1.2], [0.95, 2.4], [1.4], [1.4, 1.25], [0.95], [0.95], [2.4], [0.6], [0.6], [1.0], [1.0], [4.85], [4.85, 3.35], [3.35], [1.4], [1.4], [1.8], [1.8], [1.25], [1.25], [1.25], [1.1], [1.1], [1.7, 1.45], [1.7], [1.2], [1.6], [1.6, 1.35], [1.9], [1.9], [0.8], [0.8], [1.45], [1.2], [1.2], [1.1], [1.1], [1.35], [1.35, 1.5], [1.5], [1.5], [1.5, 1.25], [1.25], [1.35, 1.75], [1.75], [1.3], [1.3, 1.1], [1.1]], "edges": [[1, 25], [0, 6], [3], [2, 20], [5], [4], [1], [8], [7], [10], [9], [12], [11, 13], [12], [15], [14], [17], [16], [19], [18], [3], [22], [21], [24, 32], [23], [0], [27], [26, 43], [29], [28], [31], [30], [23], [34], [33], [36], [35], [38], [37, 39], [38], [41], [40, 42], [41], [27, 44], [43], [46], [45, 47], [46]], "vertices": [[374.0, 512.0], [374.0, 333.0], [198.0, 196.0], [198.0, 80.0], [629.0, 475.0], [629.0, 280.0], [449.0, 333.0], [306.0, 317.0], [306.0, 302.0], [629.0, 279.5], [534.0, 279.5], [348.0, 115.0], [307.0, 115.0], [307.0, 80.0], [445.0, 80.02380952380952], [430.0, 80.02380952380952], [432.0, 114.5], [421.0, 114.5], [307.0, 79.97727272727273], [290.0, 79.97727272727273], [216.0, 80.0], [275.5217391304348, 314.0], [275.5217391304348, 301.0], [532.0, 80.0], [518.0, 80.0], [387.0, 512.0], [312.0, 381.0], [300.0, 381.0], [372.0, 382.0], [361.0, 382.0], [213.0, 271.0], [202.0, 271.0], [532.0, 94.0], [275.0, 279.0], [275.0, 269.0], [246.0, 377.0], [246.0, 367.0], [198.11138310893512, 229.0], [198.0, 478.0], [224.0, 478.0], [532.0, 167.0], [532.0, 333.0], [477.0, 333.99367088607596], [300.0, 478.0], [274.0, 478.4842105263158], [533.5, 473.0], [533.0, 511.0], [521.0, 511.5]]}