{"weights": [[1.5], [1.5], [1.65], [1.65, 1.25], [2.25], [2.25, 0.85, 3.55], [1.75], [1.75], [1.75], [1.75], [1.0], [1.0, 1.75, 2.1], [0.85], [1.25], [1.25], [1.75], [1.75], [1.1], [1.1], [0.95], [0.95], [1.75], [5.65], [5.65], [1.45, 1.5], [1.45, 1.5], [0.95], [0.95, 1.7], [0.8], [0.8], [1.0], [1.0], [1.85], [1.85], [0.95], [0.95], [2.1], [1.25], [1.35], [1.35], [2.15], [2.15, 1.85], [0.9], [0.9], [3.55], [1.7], [0.7], [0.7], [1.5, 1.45], [1.45], [1.6, 1.65], [1.6], [1.85], [1.0], [1.0], [0.25], [0.25], [0.9], [0.9], [0.75], [0.75], [1.2], [1.2], [0.85], [0.85], [1.0], [1.0], [0.8], [0.8], [0.75], [0.75], [0.75], [0.75], [0.25], [0.25], [1.0], [1.0], [1.95], [1.95], [0.8], [0.8], [0.7], [0.7], [0.7], [0.7], [0.9], [0.9], [1.0], [1.0], [0.6], [0.6], [0.5], [0.5], [2.1], [2.1], [0.6], [0.6], [1.0], [1.0], [0.7], [0.7], [5.85], [5.85, 1.75], [1.75], [1.55], [1.55, 1.5], [1.65, 1.3], [1.3]], "edges": [[1], [0], [3], [2, 37], [5], [4, 12, 44], [7], [6], [9], [8], [11], [10, 21, 36], [5], [14], [13], [16], [15], [18], [17], [20], [19], [11], [23], [22], [25, 48], [24, 105], [27], [26, 45], [29], [28], [31], [30], [33], [32], [35], [34], [11], [3], [39], [38], [41], [40, 52], [43], [42], [5], [27], [47], [46], [24, 49], [48], [51, 106], [50], [41], [54], [53], [56], [55], [58], [57], [60], [59], [62], [61], [64], [63], [66], [65], [68], [67], [70], [69], [72], [71], [74], [73], [76], [75], [78], [77], [80], [79], [82], [81], [84], [83], [86], [85], [88], [87], [90], [89], [92], [91], [94], [93], [96], [95], [98], [97], [100], [99], [102], [101, 103], [102], [105], [104, 25], [50, 107], [106]], "vertices": [[632.0, 331.0], [632.0, 159.0], [260.0, 301.0], [260.0, 160.0], [463.0, 159.0], [446.0, 159.0], [528.0, 447.5392670157068], [479.0, 447.5392670157068], [412.0, 448.4920634920635], [364.0, 448.4920634920635], [508.0, 280.0], [508.0, 159.0], [446.0, 280.0], [498.63157894736844, 411.0], [498.63157894736844, 318.0], [632.0, 158.50387596899225], [597.0, 158.50387596899225], [461.5, 369.0], [461.5, 318.0], [363.0, 280.4065420560748], [262.0, 280.4065420560748], [540.0, 159.0], [259.921875, 449.0], [259.921875, 428.0], [229.0, 390.0], [229.0, 339.0], [473.0, 280.0], [473.0, 260.0], [581.0, 363.0], [581.0, 353.0], [408.5, 204.0], [408.5, 192.0], [306.0, 449.0], [260.0, 449.0], [630.0, 301.73275862068965], [581.0, 301.73275862068965], [489.0, 159.0], [291.0, 160.0], [553.48, 225.0], [553.48, 212.0], [348.0, 162.0], [348.0, 136.0], [360.0, 172.0], [360.0, 161.0], [446.0, 137.0], [448.0, 260.0], [544.4782608695652, 406.0], [544.4782608695652, 394.0], [260.0, 390.0], [260.0, 403.0], [580.0, 326.0], [553.0, 326.0], [361.0, 136.0], [562.0, 382.0], [562.0, 371.0], [328.2857142857143, 80.0], [328.2857142857143, 69.0], [551.0, 364.0], [551.0, 353.0], [544.5238095238095, 382.0], [544.5238095238095, 371.0], [346.5, 80.0], [346.5, 69.0], [241.52380952380952, 376.0], [241.52380952380952, 354.0], [533.5, 406.0], [533.5, 394.0], [329.0, 388.0], [329.0, 376.0], [361.5217391304348, 80.0], [361.5217391304348, 68.0], [397.4347826086956, 388.0], [397.4347826086956, 375.0], [525.5, 225.0], [525.5, 212.0], [409.5, 492.0], [409.5, 481.0], [446.0, 136.53191489361703], [432.0, 136.53191489361703], [556.0, 202.0], [556.0, 192.0], [583.4583333333334, 406.0], [583.4583333333334, 393.0], [542.0, 203.0], [542.0, 192.0], [604.0, 224.0], [604.0, 214.0], [329.0, 222.0], [329.0, 211.0], [589.0, 225.0], [589.0, 213.0], [420.0, 204.0], [420.0, 192.0], [302.5, 222.0], [302.5, 211.0], [319.0, 222.0], [319.0, 211.0], [334.0, 80.0], [334.0, 70.0], [368.0, 204.0], [368.0, 192.0], [632.4179104477612, 357.0], [632.0, 447.0], [586.0, 447.48333333333335], [260.16, 325.0], [260.0, 339.0], [580.0, 278.0], [546.0, 278.5]]}