{"weights": [[1.55, 1.5], [1.55, 1.5], [1.05], [1.05, 1.1], [1.6499999999999944, 1.15], [1.6499999999999944, 1.25], [1.5500000000000056, 0.9], [1.5500000000000056, 1.0], [4.85], [4.85], [0.65], [0.65], [1.25, 1.0499999999999803], [1.25, 0.649999999999969], [1.65], [1.65, 1.8], [1.65], [1.65], [1.6], [1.6, 1.149999999999973], [1.45], [1.45], [5.25, 1.0], [5.25, 1.55], [0.75], [0.75], [0.65], [0.65], [1.25], [2.8], [2.8], [1.0], [1.0], [1.0], [1.0], [0.7], [0.7], [1.25], [1.25], [1.149999999999973, 1.65, 0.95], [1.5], [1.5], [0.9], [1.45], [1.45], [1.1], [3.2, 1.8], [3.2], [1.1999999999999855, 0.7999999999999743], [1.1999999999999855], [0.6], [0.6, 1.0, 0.5], [1.65, 1.45], [1.65], [1.0499999999999803], [1.5], [1.5], [0.75], [0.75], [1.25], [1.25], [1.15], [1.15], [1.45], [1.55], [0.85], [0.85], [1.2], [1.2], [2.15], [2.15], [4.299999999999978, 0.25], [4.299999999999978], [0.649999999999969], [0.6], [0.6, 0.65], [1.45], [1.45], [2.25], [2.25], [1.0], [0.5999999999999647], [0.5999999999999647], [1.0], [1.0], [1.2], [1.2], [1.65], [0.7999999999999743], [1.25], [1.25, 0.95], [1.75], [1.75, 1.25], [0.65, 1.7], [1.7], [0.85], [0.85, 1.0], [1.0], [0.8], [0.8, 1.15], [1.15], [1.35], [1.35, 8.1], [8.1], [0.25, 1.15], [0.5, 1.2], [1.2], [0.9], [0.9, 1.25], [1.35], [1.35, 1.4], [1.4], [1.25], [1.25, 1.45], [1.45]], "edges": [[1, 55], [0, 56], [3], [2, 45], [5, 104], [4, 28], [7, 42], [6, 83], [9], [8], [11], [10], [13, 54], [12, 73], [15], [14, 46], [17], [16], [19], [18, 39], [21], [20], [23, 80], [22, 64], [25], [24], [27], [26], [5], [30], [29], [32], [31], [34], [33], [36], [35], [38], [37], [19, 87, 90], [41], [40], [6], [44], [43], [3], [47, 15], [46], [49, 88], [48], [51], [50, 84, 105], [53, 63], [52], [12], [0], [1], [58], [57], [60], [59], [62], [61], [52], [23], [66], [65], [68], [67], [70], [69], [72, 104], [71], [13], [75], [74, 93], [77], [76], [79], [78], [22], [82], [81], [7], [51], [86], [85], [39], [48], [90], [89, 39], [92], [91, 108], [75, 94], [93], [96], [95, 97], [96], [99], [98, 100], [99], [102], [101, 103], [102], [71, 4], [51, 106], [105], [108], [107, 92], [110], [109, 111], [110], [113], [112, 114], [113]], "vertices": [[511.0, 500.0], [511.0, 427.0], [602.0, 76.0], [548.0, 76.0], [508.0, 114.0], [508.0, 77.0], [509.0, 233.0], [509.0, 178.0], [508.0, 76.97727272727273], [493.0, 76.97727272727273], [88.3974358974359, 309.0], [88.3974358974359, 262.0], [607.0, 258.0], [607.0, 210.0], [339.0, 266.0], [282.0, 266.0], [450.0, 427.45454545454544], [415.0, 427.45454545454544], [628.0, 338.0], [598.0, 338.0], [262.0, 250.03333333333333], [231.0, 250.03333333333333], [185.0, 174.0], [185.0, 150.0], [500.0, 296.49056603773585], [473.0, 296.49056603773585], [555.1948051948052, 311.0], [555.1948051948052, 249.0], [527.0, 77.0], [324.0, 110.0], [291.0, 110.0], [495.0, 264.51162790697674], [473.0, 264.51162790697674], [648.0, 337.5], [630.0, 337.5], [89.3, 392.0], [89.3, 357.0], [387.0, 265.98387096774195], [366.0, 265.98387096774195], [644.0, 295.0], [660.0, 427.0], [631.0, 427.0], [539.0, 233.0], [658.9906542056075, 140.0], [658.9906542056075, 106.0], [548.0, 106.0], [282.0, 250.0], [264.0, 250.0], [563.0, 188.0], [528.0, 154.0], [387.0, 324.0], [387.0, 282.0], [186.0, 251.0], [186.0, 230.0], [555.0, 311.0], [535.0, 500.0], [495.0, 427.0], [547.0, 130.4814814814815], [533.0, 130.4814814814815], [340.0, 427.97727272727275], [324.0, 427.97727272727275], [193.0, 428.95348837209303], [178.0, 428.95348837209303], [207.0, 251.0], [209.0, 150.0], [235.51923076923077, 220.0], [235.51923076923077, 193.0], [297.9574468085106, 80.0], [297.9574468085106, 63.0], [609.0, 378.1224489795918], [590.0, 378.1224489795918], [528.0, 177.0], [539.0, 165.0], [593.24, 195.76000000000002], [88.0, 259.0], [88.0, 230.0], [104.0, 429.9230769230769], [90.0, 429.9230769230769], [677.0, 140.0], [659.0, 140.0], [203.0, 174.0], [648.0, 313.0], [636.75, 302.25], [528.0, 178.0], [387.0, 266.0], [682.5, 313.0], [682.5, 297.0], [644.0, 313.0], [573.9999999999999, 177.0], [732.4678663239074, 169.0], [732.0, 295.0], [713.0, 426.52054794520546], [734.0, 426.0], [185.0, 230.0], [185.02, 212.0], [262.3719512195122, 139.0], [262.0, 220.0], [236.0, 220.0], [630.399209486166, 406.0], [630.0, 500.0], [607.0, 500.01612903225805], [367.0, 325.3032258064516], [434.0, 325.0], [434.0, 306.0], [528.0, 114.0], [433.0, 282.0], [433.5, 265.0], [682.0, 337.45652173913044], [734.0, 337.0], [399.41379310344826, 63.0], [399.0, 77.0], [411.0, 77.0], [340.45454545454544, 249.0], [341.0, 428.0], [362.0, 428.0]]}