{"weights": [[1.8], [1.8], [1.75], [1.75], [2.15], [2.15, 1.75], [1.65], [1.65], [1.75], [1.85], [1.85], [1.0], [1.0], [3.25], [3.25], [0.85], [0.85], [1.5], [1.5], [1.5, 1.85], [1.5], [0.8], [0.8], [2.05], [2.05], [0.95], [0.95], [1.0], [1.0], [1.25], [1.25], [1.25], [1.25], [2.0, 1.05], [2.0, 3.600000000000007, 1.5], [1.8], [1.8], [2.400000000000003], [2.400000000000003], [3.600000000000007], [0.95], [0.95], [0.75], [0.75], [1.1], [1.1], [1.5], [1.85, 1.45], [1.45], [1.15], [1.15, 1.15, 1.15], [1.15], [1.15], [6.05], [6.05, 1.55], [1.55], [1.2], [1.2, 1.05], [1.0, 1.5], [1.0, 1.75], [1.75], [1.25], [1.25, 1.2], [1.2], [0.75], [0.75, 1.5]], "edges": [[1], [0], [3], [2], [5], [4, 8], [7], [6], [5], [10], [9], [12], [11], [14], [13], [16], [15], [18], [17], [20, 47], [19], [22], [21], [24], [23], [26], [25], [28], [27], [30], [29], [32], [31], [34, 57], [33, 39, 46], [36], [35], [38], [37], [34], [41], [40], [43], [42], [45], [44], [34], [19, 48], [47], [50], [49, 51, 52], [50], [50], [54], [53, 55], [54], [57], [56, 33], [59, 65], [58, 60], [59], [62], [61, 63], [62], [65], [64, 58]], "vertices": [[443.0, 38.51310861423221], [375.0, 38.51310861423221], [275.8484848484849, 357.0], [275.8484848484849, 246.0], [331.0, 39.0], [274.0, 39.0], [615.0, 37.986666666666665], [486.0, 37.986666666666665], [274.0, 202.0], [482.0, 357.0], [276.0, 357.0], [372.0, 176.5], [277.0, 176.5], [482.0, 366.49367088607596], [442.0, 366.49367088607596], [598.7173913043479, 80.0], [598.7173913043479, 40.0], [599.8275862068965, 173.0], [599.8275862068965, 109.0], [698.0, 37.0], [679.0, 37.0], [633.0, 183.48936170212767], [609.0, 183.48936170212767], [588.0, 354.6488095238095], [548.0, 354.6488095238095], [449.094674556213, 353.0], [449.094674556213, 290.0], [696.0, 182.0], [666.0, 182.0], [665.955223880597, 182.0], [665.955223880597, 157.0], [695.0, 125.734375], [668.0, 125.734375], [408.0, 215.0], [385.0, 215.0], [343.0, 352.0], [343.0, 330.0], [600.0, 173.0], [576.7375, 150.26250000000005], [397.74999999999994, 202.74999999999994], [372.4864864864865, 352.0], [372.4864864864865, 333.0], [384.48387096774195, 297.0], [384.48387096774195, 281.0], [721.0, 255.5], [702.0, 255.5], [385.0, 227.0], [698.0, 353.0], [656.0, 353.6849315068493], [598.0, 149.25], [541.0, 149.0], [451.0, 149.25], [541.4867549668874, 40.0], [546.3951612903226, 206.0], [546.0, 365.0], [515.0, 365.2857142857143], [277.0, 299.5104895104895], [408.0, 299.0], [418.0, 89.0], [418.0, 149.0], [392.0, 149.51546391752578], [721.0, 256.0], [721.0, 304.0], [702.0, 304.5], [393.2616822429907, 41.0], [394.0, 89.0]]}