{"vertices": [[443.0, 38.4206268958544], [375.0, 38.4206268958544], [331.0, 38.0], [275.0, 38.0], [615.0, 38.4206268958544], [486.0, 38.4206268958544], [275.0, 202.0], [588.0, 356.32067510548524], [548.0, 356.32067510548524], [372.0, 178.91475409836065], [277.0, 178.91475409836065], [633.0, 178.91475409836065], [609.0, 178.91475409836065], [696.0, 179.0], [666.0, 179.0], [482.0, 366.43548387096774], [442.0, 366.43548387096774], [544.0, 366.43548387096774], [515.0, 366.43548387096774], [599.4813559322034, 80.0], [599.4813559322034, 40.0], [411.0, 300.040625], [277.0, 300.040625], [413.0, 300.0], [413.0, 257.0], [391.6969696969697, 89.0], [391.6969696969697, 41.0], [391.6969696969697, 297.0], [391.6969696969697, 282.0], [392.0, 226.0], [392.0, 217.0], [449.094674556213, 353.0], [449.094674556213, 290.0], [665.955223880597, 179.0], [665.955223880597, 157.0], [695.0, 125.734375], [668.0, 125.734375], [343.0, 352.0], [343.0, 330.0], [397.74999999999994, 202.74999999999994], [414.0, 89.0], [392.0, 89.0], [372.4864864864865, 352.0], [372.4864864864865, 333.0], [721.0, 255.5], [702.0, 255.5], [383.72972972972974, 227.0], [383.72972972972974, 216.0], [383.72972972972974, 297.0], [383.72972972972974, 281.0], [679.0, 38.4206268958544], [698.0, 38.0], [275.03431839847474, 246.0], [275.0, 356.0], [482.0, 356.0], [656.0, 356.32067510548524], [698.0, 356.0], [515.0, 356.32067510548524], [544.0, 356.0], [544.1958456973293, 366.0], [544.1958456973293, 206.0], [598.0, 149.30892448512586], [544.0, 149.0], [451.0, 149.30892448512586], [544.1958456973293, 40.0], [392.0, 149.30892448512586], [414.0, 149.0], [599.4813559322034, 173.0], [599.0, 161.0], [599.4813559322034, 109.0], [599.0, 173.0], [576.7375, 150.26250000000005], [702.0, 300.040625], [721.0, 300.0], [721.0, 256.0]], "weights": [[1.75], [1.75], [1.5], [1.5, 1.95], [1.45], [1.45], [1.95], [1.7], [1.7], [0.3], [0.3], [0.25], [0.25], [2.45], [2.45], [1.85], [1.85], [1.25], [1.25], [0.9], [0.9], [0.5], [0.5], [0.25], [0.25, 2.15], [0.5], [0.5], [0.25], [0.25], [0.25], [0.25, 2.15, 1.7500000000000078], [1.45], [1.45], [1.25], [1.25], [0.85], [0.85], [1.5], [1.5], [1.7500000000000078], [1.5, 0.25], [1.5], [0.95], [0.95], [1.2], [1.2], [1.15], [1.15], [0.5], [0.5], [0.5], [0.5, 1.95], [1.95], [1.95, 1.25], [1.25], [0.5], [0.5, 1.95], [0.25], [0.25, 0.4, 0.4], [0.4], [0.4], [0.75], [0.75, 0.75, 0.75], [0.75], [0.75], [1.75], [1.75, 0.25], [1.85], [1.85, 1.85, 2.3000000000000043, 2.3000000000000043], [1.85], [2.3000000000000043], [2.3000000000000043], [0.25], [0.25, 0.85], [0.85]], "edges": [[1], [0], [3], [2, 6], [5], [4], [3], [8], [7], [10], [9], [12], [11], [14], [13], [16], [15], [18], [17], [20], [19], [22], [21], [24], [23, 30], [26], [25], [28], [27], [30], [29, 24, 39], [32], [31], [34], [33], [36], [35], [38], [37], [30], [41, 66], [40], [43], [42], [45], [44], [47], [46], [49], [48], [51], [50, 56], [53], [52, 54], [53], [56], [55, 51], [58], [57, 59, 60], [58], [58], [62], [61, 63, 64], [62], [62], [66], [65, 40], [68], [67, 69, 70, 71], [68], [68], [68], [73], [72, 74], [73]]}