{"weights": [[0.95], [0.95], [1.25], [1.25], [0.5], [0.5, 0.7], [1.15], [1.15], [1.25], [1.25, 1.25], [0.75], [0.75], [0.85], [0.85, 0.5500000000000045], [1.25], [1.25], [0.5500000000000044, 0.5], [0.5500000000000044, 1.65], [2.9, 1.0], [2.9], [1.65], [3.25, 1.9], [3.25, 1.4], [0.5500000000000045], [1.0], [1.0, 0.7], [0.6], [0.6], [1.25], [0.5], [0.5], [1.9], [3.5], [3.5], [1.0], [0.5], [0.95], [0.95, 1.4], [1.35], [1.35, 0.85], [0.85], [1.1], [1.1, 1.2], [1.2], [4.05], [4.05, 4.05, 0.6000000000000048, 0.6000000000000048], [4.05], [0.6000000000000048], [0.6000000000000048]], "edges": [[1], [0], [3], [2], [5], [4, 25], [7], [6], [9], [8, 28], [11], [10], [13], [12, 23], [15], [14], [17, 35], [16, 20], [19, 34], [18], [17], [22, 31], [21, 37], [13], [25], [24, 5], [27], [26], [9], [30], [29], [21], [33], [32], [18], [16], [37], [36, 22], [39], [38, 40], [39], [42], [41, 43], [42], [45], [44, 46, 47, 48], [45], [45], [45]], "vertices": [[552.5555555555555, 171.0], [552.5555555555555, 125.0], [552.9979797979798, 363.0], [552.9979797979798, 197.0], [353.0, 224.0], [326.0, 224.0], [295.00956937799043, 387.0], [295.00956937799043, 316.0], [381.0, 131.0], [381.0, 10.0], [427.50331125827813, 295.0], [427.50331125827813, 219.0], [378.0, 377.0], [378.0, 324.0], [552.0075187969925, 99.0], [552.0075187969925, 53.0], [428.0, 175.0], [409.0, 157.0], [552.0, 10.0], [535.0, 10.0], [409.0, 173.0], [279.0, 289.0], [279.0, 245.0], [350.2361111111111, 295.7638888888889], [354.0, 266.0], [326.0, 266.0], [383.0, 241.0], [383.0, 223.0], [398.0, 10.0], [374.0, 224.0], [359.0, 224.0], [292.0, 289.0], [554.0, 395.0], [544.0, 395.0], [552.0, 27.0], [428.0, 191.0], [294.4028985507246, 88.0], [294.0, 245.0], [489.8861788617886, 295.0], [489.0, 410.0], [470.0, 410.51428571428573], [390.5, 335.0], [390.0, 410.0], [409.0, 410.0], [416.06451612903226, 312.0], [416.0, 303.0], [416.06451612903226, 295.0], [416.0, 312.0], [394.75, 290.25]]}