{"weights": [[1.0], [1.0, 1.5], [0.95], [0.95], [1.25], [1.25, 1.5], [0.5], [0.5], [0.75], [0.75, 1.5, 1.25], [0.95], [0.95], [1.2], [1.2], [0.5], [0.5], [1.25], [3.8], [3.8], [0.5, 2.0, 1.25], [0.5], [1.45], [1.45, 1.0], [1.5], [1.25], [1.25], [0.5], [0.5], [0.7], [0.7], [0.7], [0.7], [0.75], [0.75], [0.5], [0.5], [0.5], [0.5], [0.9], [0.9], [0.5], [0.5], [1.0], [1.0, 1.25], [1.25], [2.0, 1.0], [1.0], [0.75], [0.75, 0.5], [0.5], [1.25, 1.5], [1.5], [1.3], [1.3, 1.0]], "edges": [[1], [0, 23], [3], [2], [5], [4, 9], [7], [6], [9], [8, 5, 16], [11], [10], [13], [12], [15], [14], [9], [18], [17], [20, 45, 50], [19], [22], [21, 53], [1], [25], [24], [27], [26], [29], [28], [31], [30], [33], [32], [35], [34], [37], [36], [39], [38], [41], [40], [43], [42, 44], [43], [19, 46], [45], [48], [47, 49], [48], [19, 51], [50], [53], [52, 22]], "vertices": [[566.0, 194.0], [566.0, 44.0], [416.0, 165.0], [416.0, 22.0], [192.0, 151.0], [192.0, 22.0], [566.0, 329.0], [566.0, 294.0], [267.0, 60.0], [267.0, 22.0], [267.5147058823529, 215.0], [267.5147058823529, 109.0], [192.5, 258.0], [192.5, 177.0], [513.0, 167.0], [499.0, 167.0], [305.0, 22.0], [461.0, 44.0], [417.0, 44.0], [416.0, 294.0], [416.0, 206.0], [355.0, 439.0], [331.0, 439.0], [520.0, 44.0], [416.0, 21.990654205607477], [379.0, 21.990654205607477], [546.0, 167.0], [521.0, 167.0], [282.0, 253.0], [253.0, 253.0], [206.0, 345.0], [194.0, 345.0], [580.0, 91.43478260869566], [567.0, 91.43478260869566], [480.0, 167.0], [467.0, 167.0], [261.0, 319.0], [250.0, 319.0], [440.0, 206.0], [425.0, 206.0], [497.0, 167.0], [486.0, 167.0], [192.5, 284.0], [192.0, 461.0], [244.0, 461.0], [565.0, 294.0], [565.5, 243.0], [588.495145631068, 91.0], [588.0, 143.0], [567.0, 143.0], [416.0, 439.0], [392.0, 439.0], [280.0, 461.0], [331.0, 461.0]]}