{"vertices": [[552.7054263565891, 171.0], [552.7054263565891, 125.0], [552.7054263565891, 363.0], [552.7054263565891, 197.0], [552.7054263565891, 99.0], [552.7054263565891, 53.0], [294.6317689530686, 387.0], [294.6317689530686, 316.0], [353.0, 224.0], [326.0, 224.0], [382.0, 224.0], [359.0, 224.0], [382.0, 131.0], [382.0, 10.0], [381.90366088631987, 411.0], [381.90366088631987, 323.0], [382.0, 241.0], [426.6978021978022, 313.0], [426.6978021978022, 219.0], [427.0, 191.0], [427.0, 174.0], [391.0, 411.0], [391.0, 336.0], [410.0, 158.0], [398.0, 10.0], [410.0, 173.0], [410.2439024390244, 306.0], [410.2439024390244, 295.0], [279.0, 289.0], [279.0, 245.0], [372.7361111111111, 318.2638888888889], [350.2361111111111, 295.7638888888889], [354.0, 266.0], [326.0, 266.0], [409.0, 411.0], [410.0, 306.0], [394.75, 290.25], [292.0, 289.0], [554.0, 395.0], [544.0, 395.0], [553.0, 27.0], [553.0, 10.0], [535.0, 10.010989010989011], [294.6317689530686, 88.0], [294.0, 245.0], [489.8861788617886, 295.0], [489.0, 410.0], [470.0, 410.5072463768116]], "weights": [[1.05], [1.05], [1.25], [1.25], [1.25], [1.25], [1.15], [1.15], [0.5], [0.5, 1.2], [0.5, 0.8], [0.5], [1.15], [1.15, 1.15], [0.25], [0.25], [0.8], [0.45], [0.45], [0.5], [0.5, 0.6500000000000051], [1.0, 0.9], [1.0], [0.6500000000000051, 1.55], [1.15], [1.55], [6.25], [6.25], [1.35, 1.7], [1.35, 1.2], [0.5500000000000044], [0.5500000000000044], [0.6], [0.6, 1.2], [0.9], [0.6000000000000048], [0.6000000000000048], [1.7], [2.3], [2.3], [0.45], [0.45, 3.05], [3.05], [0.85], [0.85, 1.2], [1.3], [1.3, 0.8], [0.8]], "edges": [[1], [0], [3], [2], [5], [4], [7], [6], [9], [8, 33], [11, 16], [10], [13], [12, 24], [15], [14], [10], [18], [17], [20], [19, 23], [22, 34], [21], [20, 25], [13], [23], [27], [26], [29, 37], [28, 44], [31], [30], [33], [32, 9], [21], [36], [35], [28], [39], [38], [41], [40, 42], [41], [44], [43, 29], [46], [45, 47], [46]]}