{"vertices": [[192.0, 151.0], [192.0, 22.0], [192.41283292978207, 258.0], [192.41283292978207, 177.0], [566.0, 194.0], [566.0, 44.0], [565.5370370370371, 329.0], [565.5370370370371, 297.0], [565.5370370370371, 294.0], [565.5370370370371, 243.0], [416.7, 296.0], [416.7, 206.0], [566.0, 296.0], [417.0, 296.0], [268.0, 60.0], [268.0, 22.0], [267.50180505415165, 215.0], [267.50180505415165, 109.0], [305.0, 22.0], [417.0, 21.99538106235566], [379.0, 21.99538106235566], [513.0, 167.0], [499.0, 167.0], [546.0, 167.0], [521.0, 167.0], [480.0, 167.0], [467.0, 167.0], [497.0, 167.0], [486.0, 167.0], [520.0, 44.0], [355.0, 439.0], [331.0, 439.0], [282.0, 253.0], [253.0, 253.0], [206.0, 345.0], [194.0, 345.0], [580.0, 91.43478260869566], [567.0, 91.43478260869566], [261.0, 319.0], [250.0, 319.0], [440.0, 206.0], [425.0, 206.0], [192.41283292978207, 284.0], [192.0, 461.0], [244.0, 461.0], [417.0, 165.0], [417.0, 44.0], [417.0, 22.0], [461.0, 44.0], [417.0, 438.0], [392.0, 438.9782608695652], [588.495145631068, 91.0], [588.0, 143.0], [567.0, 143.0], [280.0, 461.0032894736842], [331.0, 461.0]], "weights": [[0.95], [0.95, 1.25], [0.85], [0.85], [1.5], [1.5, 1.6], [0.5], [0.5], [0.75], [0.75], [0.25], [0.25], [1.5], [1.5, 1.55], [0.75], [0.75, 1.25, 1.25], [0.7], [0.7], [1.25], [1.25], [1.25], [0.5], [0.5], [0.5], [0.5], [0.5], [0.5], [0.5], [0.5], [1.6], [3.55], [3.55, 1.0], [0.8], [0.8], [0.5], [0.5], [0.6], [0.6], [0.6], [0.6], [1.0], [1.0], [0.75], [0.75, 1.25], [1.25], [4.65], [4.65, 4.65, 1.6], [4.65], [1.6], [1.55, 1.25], [1.25], [0.75], [0.75, 0.8], [0.8], [1.25], [1.25, 1.0]], "edges": [[1], [0, 15], [3], [2], [5], [4, 29], [7], [6], [9], [8], [11], [10], [13], [12, 49], [15], [14, 1, 18], [17], [16], [15], [20], [19], [22], [21], [24], [23], [26], [25], [28], [27], [5], [31], [30, 55], [33], [32], [35], [34], [37], [36], [39], [38], [41], [40], [43], [42, 44], [43], [46], [45, 47, 48], [46], [46], [13, 50], [49], [52], [51, 53], [52], [55], [54, 31]]}