{"weights": [[2.6, 2.6], [2.6, 2.5], [1.5, 2.85], [1.5, 2.35], [2.75], [2.75], [2.35, 1.5], [2.65], [2.65], [2.55], [2.55, 1.5], [2.85, 2.25], [2.75], [2.75], [2.85], [2.85], [2.5], [2.6], [0.7], [0.7], [2.25, 2.75], [2.75]], "edges": [[1, 17], [0, 16], [3, 11], [2, 6], [5], [4], [3, 10], [8], [7], [10], [9, 6], [2, 20], [13], [12], [15], [14], [1], [0], [19], [18], [11, 21], [20]], "vertices": [[236.0, 515.0], [236.0, 66.0], [627.0, 315.0], [627.0, 8.0], [385.0, 213.42957746478874], [239.0, 213.42957746478874], [307.0, 8.0], [624.0, 102.62658227848101], [430.0, 102.62658227848101], [385.0, 102.0], [307.0, 102.0], [513.0, 315.0], [385.0, 158.56206088992974], [312.0, 158.56206088992974], [630.0, 516.0], [513.0, 516.0], [304.0, 66.0], [259.0, 515.0], [556.0, 199.0], [556.0, 189.0], [513.0, 515.0], [489.0, 515.52]]}