{"vertices": [[236.0, 516.0], [236.0, 66.0], [627.0, 315.0], [627.0, 8.0], [385.0, 213.42957746478874], [239.0, 213.42957746478874], [307.0, 8.0], [624.0, 102.41034031413612], [430.0, 102.41034031413612], [385.0, 102.0], [307.0, 102.0], [513.0, 315.0], [385.0, 158.56206088992974], [312.0, 158.56206088992974], [630.0, 516.0], [513.0, 516.0], [259.0, 516.0], [304.0, 66.0], [556.0, 199.0], [556.0, 189.0], [489.0, 516.1244343891402]], "weights": [[2.7, 2.45], [2.7, 2.7], [1.5, 2.75], [1.5, 2.35], [2.75], [2.75], [2.35, 2.65], [2.55], [2.55], [1.5], [1.5, 2.65], [2.75, 2.25], [2.75], [2.75], [2.75], [2.75, 2.25, 2.65], [2.45], [2.7], [0.6], [0.6], [2.65]], "edges": [[1, 16], [0, 17], [3, 11], [2, 6], [5], [4], [3, 10], [8], [7], [10], [9, 6], [2, 15], [13], [12], [15], [14, 11, 20], [0], [1], [19], [18], [15]]}