{"vertices": [[235.4976076555024, 159.0], [235.4976076555024, 57.0], [235.4976076555024, 235.0], [235.4976076555024, 198.0], [235.0, 36.0], [235.0, 6.0], [582.4846796657382, 278.0], [582.4846796657382, 268.0], [582.4846796657382, 320.0], [582.4846796657382, 310.0], [411.0, 318.4983164983165], [357.0, 318.4983164983165], [291.0, 6.0], [457.0, 114.40616966580977], [408.0, 114.40616966580977], [513.0, 114.40616966580977], [487.0, 114.40616966580977], [427.0, 124.75], [408.0, 124.75], [407.0, 142.0], [419.7619047619048, 128.76190476190482], [407.0, 6.0], [351.0, 6.5], [582.0, 242.0], [582.0, 114.0], [569.0, 114.40616966580977], [582.4846796657382, 397.0], [582.0, 415.0], [564.0, 415.0], [582.4846796657382, 346.0], [582.0, 362.0], [548.0, 362.5036496350365], [455.0104712041885, 316.0], [455.0, 363.0], [490.0, 363.0], [455.0104712041885, 397.0], [455.0, 415.0], [473.0, 415.0], [235.4976076555024, 274.0], [236.0, 318.0], [330.0, 318.0]], "weights": [[0.95], [0.95], [1.05], [1.05], [0.75], [0.75, 1.1], [1.15], [1.15], [1.15], [1.15], [1.5], [1.5], [1.1], [5.900000000000001], [5.900000000000001], [0.45], [0.45], [1.5], [1.5], [0.500000000000004, 0.7], [0.500000000000004], [0.7, 1.0], [1.0], [0.85], [0.85, 0.25], [0.25], [0.75], [0.75, 1.5], [1.5], [0.75], [0.75, 0.75], [0.75], [1.85], [1.85, 0.75], [0.75], [4.25], [4.25, 1.3], [1.3], [0.75], [0.75, 0.75], [0.75]], "edges": [[1], [0], [3], [2], [5], [4, 12], [7], [6], [9], [8], [11], [10], [5], [14], [13], [16], [15], [18], [17], [20, 21], [19], [19, 22], [21], [24], [23, 25], [24], [27], [26, 28], [27], [30], [29, 31], [30], [33], [32, 34], [33], [36], [35, 37], [36], [39], [38, 40], [39]]}