{"weights": [[1.1], [1.1, 0.5], [3.35, 1.05], [3.35, 1.25], [1.000000000000008, 0.9500000000000076], [1.000000000000008, 0.75], [0.75], [0.75], [0.75, 1.05], [1.5, 4.9], [1.5, 0.75], [6.75, 1.0], [6.75, 0.9500000000000076], [0.9500000000000076], [0.9500000000000076], [1.25], [1.05], [1.05], [0.9500000000000076, 1.1500000000000092], [4.9, 1.0], [1.45], [1.45], [0.9500000000000076], [1.0], [1.0, 0.9], [1.45, 0.75], [1.45, 0.7], [1.0], [0.7, 1.7], [0.7, 0.75], [1.000000000000008], [1.000000000000008], [1.7], [0.7], [0.7], [0.5], [1.1500000000000092], [3.7], [3.7], [0.75], [0.75], [0.7], [0.75, 1.0], [0.9, 1.0], [1.0], [0.85], [0.85, 0.75], [0.75]], "edges": [[1], [0, 35], [3, 8], [2, 15], [5, 22], [4, 8], [7], [6], [5, 2], [10, 19], [9, 40], [12, 42], [11, 18], [14], [13], [3], [17], [16], [12, 36], [9, 27], [21], [20], [4], [24], [23, 43], [26, 39], [25, 41], [19], [29, 32], [28, 42], [31], [30], [28], [34], [33], [1], [18], [38], [37], [25], [10], [26], [29, 11], [24, 44], [43], [46], [45, 47], [46]], "vertices": [[385.0, 28.0], [269.0, 28.0], [214.0, 214.0], [214.0, 146.0], [203.0, 333.0], [249.0, 287.0], [590.0, 205.49618320610688], [524.0, 205.49618320610688], [249.0, 214.0], [214.0, 57.0], [150.0, 57.0], [409.0, 373.0], [336.0, 373.0], [437.7619047619048, 144.2380952380952], [415.2619047619048, 121.73809523809521], [150.0, 146.0], [149.51724137931035, 146.0], [149.51724137931035, 130.0], [290.0, 419.0], [214.0, 28.0], [559.0, 472.97777777777776], [544.0, 472.97777777777776], [220.27049180327867, 349.7295081967213], [560.0, 473.0], [560.0, 429.0], [377.0, 10.0], [338.0, 10.0], [247.0, 28.0], [471.0, 473.0], [471.0, 429.0], [501.25, 207.75], [478.25, 184.75], [486.0, 473.0], [551.0, 313.0], [532.0, 313.0], [269.0, 54.0], [272.75409836065575, 402.24590163934425], [557.0, 252.0], [547.0, 252.0], [377.0, 26.0], [150.0, 73.0], [338.0, 25.0], [409.0, 429.0], [679.0, 429.0], [679.5, 392.0], [680.0, 335.0], [680.0, 205.0], [647.0, 205.4920634920635]]}