{"vertices": [[680.0, 335.0], [680.0, 207.0], [385.0, 28.0], [269.0, 28.0], [247.0, 28.0], [214.0, 28.0], [214.0, 215.0], [214.0, 146.0], [214.0, 57.0], [203.0, 333.0], [249.0, 287.0], [680.0, 206.9957805907173], [647.0, 206.9957805907173], [590.0, 206.9957805907173], [524.0, 206.9957805907173], [250.0, 206.9957805907173], [215.0, 206.9957805907173], [250.0, 287.0], [250.0, 207.0], [150.0, 57.0], [409.0, 373.0], [336.0, 373.0], [437.7558139534884, 144.2441860465116], [415.2558139534884, 121.7441860465116], [501.2558139534884, 207.7441860465116], [478.2558139534884, 184.7441860465116], [150.0, 146.0], [149.51785714285714, 146.0], [149.51785714285714, 130.0], [150.0, 73.0], [290.0, 419.0], [559.0, 472.98850574712645], [544.0, 472.98850574712645], [486.0, 473.0], [471.0, 473.0], [220.26229508196724, 349.73770491803276], [272.76229508196724, 402.23770491803276], [560.0, 473.0], [560.0, 429.0], [377.0, 10.0], [338.0, 10.0], [471.0, 429.0], [551.0, 313.0], [532.0, 313.0], [269.0, 54.0], [248.0, 215.0], [557.0, 252.0], [547.0, 252.0], [377.0, 26.0], [338.0, 25.0], [409.0, 429.0], [679.0, 429.0], [679.5030303030303, 392.0]], "weights": [[0.75], [0.75], [1.0], [1.0, 0.5], [1.2], [1.2, 1.25], [0.75, 1.1], [0.75, 0.95], [1.25, 1.25], [0.6000000000000048, 0.8000000000000064], [0.6000000000000048], [0.5], [0.5], [0.5], [0.5], [0.25], [0.25], [0.85], [0.85], [1.25, 0.85], [1.25, 1.0], [1.25, 1.000000000000008], [1.100000000000008], [1.100000000000008], [0.9000000000000071], [0.9000000000000071], [0.95], [0.9], [0.9], [0.85], [1.000000000000008, 0.9500000000000076], [1.45], [1.45], [1.35], [1.35, 0.95], [0.8000000000000064], [0.9500000000000076], [1.2], [1.2, 0.85], [1.45, 0.75], [1.45, 0.7], [0.95, 0.75], [1.2], [1.2], [0.5], [1.1], [3.6], [3.6], [0.75], [0.7], [0.75, 1.0], [0.85, 0.95], [0.95]], "edges": [[1], [0], [3], [2, 44], [5], [4, 8], [7, 45], [6, 26], [5, 19], [10, 35], [9], [12], [11], [14], [13], [16], [15], [18], [17], [8, 29], [21, 50], [20, 30], [23], [22], [25], [24], [7], [28], [27], [19], [21, 36], [32], [31], [34], [33, 41], [9], [30], [38], [37, 51], [40, 48], [39, 49], [34, 50], [43], [42], [3], [6], [47], [46], [39], [40], [41, 20], [38, 52], [51]]}