{"weights": [[0.85], [0.85], [1.4], [1.4], [1.1], [1.1], [2.0], [2.0], [1.8], [1.8], [5.3], [5.3], [1.0], [1.0, 0.75], [1.55], [1.55], [0.75], [1.1], [1.1], [0.9], [0.9], [1.5], [1.5], [1.1], [1.1], [1.1], [1.1], [4.600000000000001, 0.75], [4.600000000000001], [0.75, 1.0], [1.0], [1.55], [1.55, 0.95], [0.95], [4.35], [4.35, 1.5], [1.5], [1.1], [1.1, 1.1], [1.1], [1.25], [1.25, 1.5], [1.5]], "edges": [[1], [0], [3], [2], [5], [4], [7], [6], [9], [8], [11], [10], [13], [12, 16], [15], [14], [13], [18], [17], [20], [19], [22], [21], [24], [23], [26], [25], [28, 29], [27], [27, 30], [29], [32], [31, 33], [32], [35], [34, 36], [35], [38], [37, 39], [38], [41], [40, 42], [41]], "vertices": [[235.4975369458128, 159.0], [235.4975369458128, 57.0], [235.5, 235.0], [235.5, 198.0], [582.0, 242.0], [582.0, 112.0], [411.0, 318.5], [357.0, 318.5], [582.5, 278.0], [582.5, 268.0], [330.0, 318.0], [236.0, 318.0], [291.0, 6.0], [235.0, 6.0], [457.0, 115.09872611464968], [408.0, 115.09872611464968], [235.0, 36.0], [235.5, 318.0], [235.5, 274.0], [513.0, 111.50980392156863], [487.0, 111.50980392156863], [427.0, 124.75], [408.0, 124.75], [582.0, 111.5], [569.0, 111.5], [582.0, 320.0], [582.0, 310.0], [407.0, 142.0], [419.7619047619048, 128.76190476190482], [407.0, 6.0], [351.0, 6.5], [455.007299270073, 316.0], [455.0, 363.0], [490.0, 363.0], [582.4864864864865, 397.0], [582.0, 415.0], [564.0, 415.0], [548.0, 362.5], [582.0, 362.0], [582.5, 346.0], [455.01851851851853, 397.0], [455.0, 415.0], [473.0, 415.0]]}