{"vertices": [[129.54449152542372, 258.0], [129.54449152542372, 78.0], [129.54449152542372, 364.0], [129.54449152542372, 324.0], [129.54449152542372, 510.0], [129.54449152542372, 495.0], [713.0, 213.0], [713.0, 130.0], [418.90513219284605, 486.0], [418.90513219284605, 242.0], [645.0, 31.5012987012987], [615.0, 31.5012987012987], [268.0, 31.5012987012987], [177.0, 31.5012987012987], [350.0, 31.5012987012987], [331.0, 31.5012987012987], [430.0, 488.0], [368.0, 488.0], [645.0, 154.0], [645.0, 32.0], [368.0, 429.0], [368.0, 518.0], [280.736, 518.0], [280.736, 454.0], [280.736, 245.0], [280.736, 227.0], [518.0, 166.0148514851485], [489.0, 166.0148514851485], [430.0, 428.0], [373.0, 1.0], [351.0, 1.0], [377.98514851485146, 518.0], [377.98514851485146, 489.0], [247.7663551401869, 235.0], [247.7663551401869, 217.0], [351.0, 32.0], [387.0, 429.0], [610.0, 428.987012987013], [600.0, 428.987012987013], [278.0, 510.4651162790698], [252.0, 510.4651162790698], [160.0, 510.0], [130.0, 510.0], [410.0, 354.0], [410.0, 337.0], [713.0, 129.51351351351352], [693.0, 129.51351351351352], [446.0, 213.00375939849624], [549.0, 32.0], [493.0, 32.0], [379.46428571428567, 365.46428571428567], [390.0, 354.0], [416.46428571428567, 328.46428571428567], [410.0, 354.31413612565444], [471.0, 1.4685714285714286], [493.0, 1.0], [702.0, 428.987012987013], [713.0, 428.0]], "weights": [[0.85], [0.85], [0.85], [0.85], [0.7], [0.7], [1.0, 1.25, 1.0], [1.0], [0.8], [0.8], [1.25], [1.25], [0.75], [0.75], [1.1], [1.1], [3.75, 1.1], [3.75, 0.3, 8.25], [1.25], [1.25], [0.3, 1.25], [8.25], [0.65], [0.65], [3.0], [3.0], [3.25], [3.25], [1.1], [2.5], [2.5, 2.0], [1.5], [1.5], [5.5499999999999945], [5.5499999999999945], [2.0], [1.25], [1.25], [1.25], [5.05], [5.05], [0.25], [0.25], [1.5], [1.5], [0.75], [0.75], [1.25], [0.95], [0.95, 3.3], [3.900000000000007], [3.900000000000007, 3.900000000000007, 1.5], [3.900000000000007], [1.5], [2.5], [2.5, 3.3], [1.25], [1.25, 1.0]], "edges": [[1], [0], [3], [2], [5], [4], [7, 47, 57], [6], [9], [8], [11], [10], [13], [12], [15], [14], [17, 28], [16, 20, 21], [19], [18], [17, 36], [17], [23], [22], [25], [24], [27], [26], [16], [30], [29, 35], [32], [31], [34], [33], [30], [20], [38], [37], [40], [39], [42], [41], [44], [43], [46], [45], [6], [49], [48, 55], [51], [50, 52, 53], [51], [51], [55], [54, 49], [57], [56, 6]]}