{"weights": [[0.95], [0.95], [3.9], [3.9], [1.1, 1.25, 1.0], [1.1], [0.7500000000000018], [0.7500000000000018], [1.5, 1.0], [1.5, 8.5], [1.25], [1.25], [1.1], [1.1, 1.25], [1.0], [1.0], [3.4], [3.4], [1.0], [3.15], [3.15], [2.5], [2.5, 2.3], [8.5], [2.35], [2.35], [2.05], [2.05], [1.25], [1.3, 1.0], [1.3], [1.0], [1.0], [8.35], [8.35], [1.5], [1.5], [0.6], [0.6], [1.3], [1.3], [0.9], [0.9], [1.25], [1.0], [1.0, 1.0], [2.55], [2.55, 3.600000000000011], [3.600000000000011], [2.500000000000004], [2.500000000000004, 2.500000000000004, 5.45], [2.500000000000004], [5.45], [2.5], [2.5, 1.0], [2.3, 1.0], [1.0]], "edges": [[1], [0], [3], [2], [5, 43, 29], [4], [7], [6], [9, 18], [8, 23], [11], [10], [13], [12, 28], [15], [14], [17], [16], [8], [20], [19], [22], [21, 55], [9], [25], [24], [27], [26], [13], [30, 4], [29], [32], [31], [34], [33], [36], [35], [38], [37], [40], [39], [42], [41], [4], [45], [44, 54], [47], [46, 48], [47], [50], [49, 51, 52], [50], [50], [54], [53, 45], [22, 56], [55]], "vertices": [[129.50279329608938, 258.0], [129.50279329608938, 78.0], [418.90513219284605, 486.0], [418.90513219284605, 242.0], [713.0, 213.0], [713.0, 130.0], [645.0, 31.508196721311474], [615.0, 31.508196721311474], [430.0, 488.0], [368.0, 488.0], [645.0, 154.0], [645.0, 32.0], [366.0, 488.0], [366.0, 429.0], [268.0, 31.5], [177.0, 31.5], [518.0, 166.0148514851485], [489.0, 166.0148514851485], [430.0, 428.0], [280.05102040816325, 245.0], [280.05102040816325, 227.0], [373.0, 1.0], [350.0, 1.0], [368.0, 518.0], [247.7663551401869, 235.0], [247.7663551401869, 217.0], [129.70967741935485, 364.0], [129.70967741935485, 324.0], [387.0, 429.0], [713.0, 429.0], [702.0, 429.0], [160.0, 508.0], [130.0, 508.0], [379.4869565217391, 518.0], [379.4869565217391, 489.0], [410.0, 354.0], [410.0, 337.0], [713.0, 129.51351351351352], [693.0, 129.51351351351352], [610.0, 429.0], [600.0, 429.0], [129.52380952380952, 508.0], [129.52380952380952, 495.0], [446.0, 213.00375939849624], [549.0, 32.0], [493.0, 32.0], [281.17763157894734, 454.0], [281.0, 511.0], [252.0, 511.6666666666667], [379.46428571428567, 365.46428571428567], [390.0, 354.0], [416.46428571428567, 328.46428571428567], [410.0, 354.31413612565444], [471.0, 1.4523809523809523], [493.0, 1.0], [350.0, 31.0], [331.0, 31.5]]}