{"vertices": [[527.9933523266857, 349.0], [527.9933523266857, 328.0], [527.9933523266857, 270.0], [527.9933523266857, 78.0], [527.9933523266857, 310.0], [527.9933523266857, 287.0], [302.5462962962963, 221.0], [302.5462962962963, 123.0], [303.0, 74.0], [303.0, 48.0], [302.5462962962963, 362.0], [302.5462962962963, 327.0], [387.0, 274.0], [294.0, 274.0], [453.0, 253.0], [453.0, 216.0], [391.0, 486.0], [391.0, 416.0], [332.0, 48.0], [526.0, 390.0], [481.0, 390.0], [521.0, 253.0], [509.0, 253.0], [468.0, 253.0], [339.5890410958904, 415.0], [339.5890410958904, 373.0], [468.0, 216.0], [391.0, 415.0], [340.0, 415.0], [476.0, 78.49350649350649], [437.0, 78.49350649350649], [419.0, 486.0], [478.0, 172.0], [478.0, 148.0], [455.0, 148.0], [436.0, 148.0], [372.0, 172.0], [372.0, 162.0], [527.9933523266857, 366.0], [527.0, 485.0], [500.0, 485.5], [435.0, 113.0], [435.0, 48.0], [405.0, 48.48245614035088]], "weights": [[1.35], [1.35], [1.25], [1.25], [1.55], [1.55], [1.15], [1.15], [0.7], [0.7, 0.75], [0.75], [0.75], [0.5], [0.5], [0.7, 0.9], [0.7, 1.1], [1.25, 1.2], [1.25], [0.75], [0.5], [0.5], [0.5], [0.5], [0.9, 1.1], [0.8], [0.8], [1.1, 1.1], [1.0], [1.0], [1.05], [1.05], [1.2], [0.7], [0.7], [0.5], [0.5], [1.0], [1.0], [1.25], [1.25, 1.3], [1.3], [0.5], [0.5, 0.75], [0.75]], "edges": [[1], [0], [3], [2], [5], [4], [7], [6], [9], [8, 18], [11], [10], [13], [12], [15, 23], [14, 26], [17, 31], [16], [9], [20], [19], [22], [21], [14, 26], [25], [24], [23, 15], [28], [27], [30], [29], [16], [33], [32], [35], [34], [37], [36], [39], [38, 40], [39], [42], [41, 43], [42]]}