{"weights": [[1.5, 1.5], [1.5], [1.25], [1.25], [0.85], [0.85, 0.7000000000000056], [1.25], [1.25], [1.45, 1.5], [1.45, 3.65], [1.5], [1.5], [1.25], [1.25, 1.1], [1.2], [1.2, 1.7], [6.9], [6.9], [1.4], [1.4, 2.4500000000000037], [1.7, 2.0500000000000043], [3.25], [3.25], [1.75, 1.1], [1.75, 0.5], [1.25], [1.25], [0.5], [0.5], [1.45], [1.45, 1.5], [1.0], [1.0], [1.5], [0.5], [0.5], [1.5], [1.0], [1.0], [1.5], [1.5], [1.5], [0.75], [0.75, 0.8], [0.95], [0.95, 1.4], [0.9], [0.9], [1.4, 1.2], [0.7000000000000056, 0.500000000000004], [2.0500000000000043], [0.5], [0.5], [0.5], [1.0], [1.0, 1.1], [0.500000000000004], [1.1], [0.8], [2.4500000000000037], [1.100000000000005], [1.100000000000005, 0.65], [1.2], [0.7], [0.7], [3.65, 1.25], [1.25], [0.65, 0.65, 1.4], [0.65], [1.4]], "edges": [[1, 33], [0], [3], [2], [5], [4, 49], [7], [6], [9, 36], [8, 65], [11], [10], [13], [12, 55], [15], [14, 20], [17], [16], [19], [18, 59], [15, 50], [22], [21], [24, 57], [23, 53], [26], [25], [28], [27], [30], [29, 41], [32], [31], [0], [35], [34], [8], [38], [37], [40], [39], [30], [43], [42, 58], [45], [44, 48], [47], [46], [45, 62], [5, 56], [20], [52], [51], [24], [55], [54, 13], [49], [23], [43], [19], [61], [60, 67], [48], [64], [63], [9, 66], [65], [61, 68, 69], [67], [67]], "vertices": [[218.0, 545.0], [218.0, 368.0], [217.95760598503742, 217.0], [217.95760598503742, 81.0], [324.0, 396.0], [324.0, 216.0], [549.0, 189.0], [549.0, 101.0], [394.0, 545.0], [394.0, 374.0], [549.0, 307.0], [549.0, 229.0], [237.0, 104.0], [237.0, 4.0], [547.0, 154.0], [417.0, 154.0], [448.0, 517.0], [448.0, 375.0], [417.0, 371.0], [417.0, 290.0], [417.0, 236.0], [549.0, 100.89732142857143], [513.0, 100.89732142857143], [486.0, 100.0], [417.0, 100.0], [217.99583333333334, 328.0], [217.99583333333334, 247.0], [547.0, 263.0], [440.0, 263.0], [472.0, 98.0], [472.0, 42.0], [367.0, 3.5], [334.0, 3.5], [264.0, 545.0], [325.0, 156.0948275862069], [220.0, 156.0948275862069], [349.0, 545.0], [256.0, 397.5], [220.0, 397.5], [392.0, 42.0], [368.0, 42.0], [433.0, 42.0], [251.0, 244.0], [251.0, 217.0], [333.0, 397.0], [308.0, 397.0], [251.0, 273.0], [220.0, 273.0], [308.0, 378.0], [354.0, 186.0], [440.3581081081081, 213.35810810810813], [323.0, 241.0], [282.0, 241.0], [417.0, 125.0], [270.0, 4.0], [250.0, 4.0], [325.0, 156.0], [486.0, 125.0], [218.0, 217.0], [440.3376623376623, 313.6623376623377], [382.0113636363636, 131.98863636363637], [367.0, 117.0], [322.0, 378.0], [322.0, 273.0], [311.0, 273.0], [549.0, 374.0], [549.0144927536232, 347.0], [367.0, 98.0], [367.0, 4.0], [384.0, 98.5]]}