{"vertices": [[780.1005229517722, 211.0], [780.1005229517722, 82.0], [780.1005229517722, 443.0], [780.1005229517722, 313.0], [456.0, 461.0], [456.0, 326.0], [330.0, 272.0], [330.0, 155.0], [330.0880230880231, 106.0], [330.0880230880231, 46.0], [531.0, 150.0], [531.0, 67.0], [531.0, 211.0], [531.0, 198.0], [123.83791821561339, 524.0], [123.83791821561339, 264.0], [783.0, 263.42194744976814], [530.0, 263.42194744976814], [75.0, 263.42194744976814], [37.0, 263.42194744976814], [328.0, 263.42194744976814], [292.0, 263.42194744976814], [390.0, 41.98687664041995], [177.0, 41.98687664041995], [65.42857142857143, 398.0], [65.42857142857143, 339.0], [65.42857142857143, 304.0], [65.42857142857143, 268.0], [65.42857142857143, 49.0], [65.42857142857143, 39.0], [390.0, 156.0], [390.0, 42.0], [238.81057268722466, 402.0], [238.81057268722466, 381.0], [776.0, 424.0], [705.0, 424.0], [529.0, 423.9721649484536], [459.0, 423.9721649484536], [183.0, 524.0], [124.0, 524.0], [705.0, 100.0], [705.0, 67.0], [776.0, 100.0], [527.0, 99.99695740365111], [460.0, 99.99695740365111], [413.0, 457.9883870967742], [335.0, 457.9883870967742], [482.0, 355.30967741935484], [460.0, 355.30967741935484], [120.0, 380.0], [69.0, 380.0], [552.0, 67.0], [705.0, 66.52061855670104], [684.0, 66.52061855670104], [602.0, 367.0], [602.0, 348.0], [582.0, 368.0], [582.0, 348.0], [276.0, 401.0], [276.0, 381.0], [177.0, 400.0], [172.0, 390.0], [456.0477560414269, 77.0], [456.0, 198.0], [330.0880230880231, 319.0], [330.0, 524.0], [272.0, 524.5], [531.0594713656387, 374.0], [531.0, 458.0], [551.0, 458.0], [531.0594713656387, 313.0], [531.0, 326.0], [251.0, 263.42194744976814], [213.0, 263.0], [176.0, 263.42194744976814], [65.42857142857143, 101.0], [65.0, 155.0], [38.0, 155.14236706689536], [390.48440366972477, 324.0], [390.0, 355.0], [452.0, 355.0], [239.0, 155.0], [238.81057268722466, 46.0], [705.0, 457.0], [684.0, 457.9883870967742], [484.4895104895105, 328.0], [484.0, 364.0], [460.0, 364.0], [213.0, 155.0], [182.0, 155.14236706689536], [238.0, 155.0]], "weights": [[2.4], [2.4], [3.25], [3.25], [1.5], [1.5, 2.05], [1.25], [1.25, 1.0], [0.25], [0.25], [6.25], [6.25, 2.95], [1.65], [1.65, 2.0], [8.35], [8.35], [1.05], [1.05], [1.05], [1.05], [1.55], [1.55], [3.25], [3.25], [1.85], [1.85], [2.75], [2.75], [3.25], [3.25], [1.75], [1.75], [0.25], [0.25], [3.25], [3.25, 1.5], [3.25], [3.25], [3.2], [3.2], [4.95, 3.45], [4.95], [3.45], [3.25], [3.25], [3.25], [3.25], [0.25], [0.25], [3.8], [3.8], [2.95], [2.75], [2.75], [0.7], [0.7], [0.6], [0.6], [0.6], [0.6], [0.5000000000000088], [0.5000000000000088], [1.5], [1.5, 2.0], [1.65], [1.65, 3.0], [3.0], [1.95], [1.95, 3.25], [3.25], [1.3], [1.3, 2.05], [0.25], [0.25, 0.25, 2.0], [0.25], [5.25], [5.25, 3.1], [3.1], [2.65], [2.65, 1.2], [1.2], [1.0, 1.75], [1.75], [1.5, 3.25], [3.25], [4.75], [4.75, 2.1], [2.1], [2.0, 0.75, 0.75], [0.75], [0.75]], "edges": [[1], [0], [3], [2], [5], [4, 71], [7], [6, 81], [9], [8], [11], [10, 51], [13], [12, 63], [15], [14], [17], [16], [19], [18], [21], [20], [23], [22], [25], [24], [27], [26], [29], [28], [31], [30], [33], [32], [35], [34, 83], [37], [36], [39], [38], [41, 42], [40], [40], [44], [43], [46], [45], [48], [47], [50], [49], [11], [53], [52], [55], [54], [57], [56], [59], [58], [61], [60], [63], [62, 13], [65], [64, 66], [65], [68], [67, 69], [68], [71], [70, 5], [73], [72, 74, 88], [73], [76], [75, 77], [76], [79], [78, 80], [79], [7, 82], [81], [35, 84], [83], [86], [85, 87], [86], [73, 89, 90], [88], [88]]}