{"vertices": [[217.9846547314578, 545.0], [217.9846547314578, 368.0], [217.9846547314578, 217.0], [217.9846547314578, 81.0], [217.9846547314578, 328.0], [217.9846547314578, 247.0], [324.0, 396.0], [324.0, 216.0], [548.9386712095401, 307.0], [548.9386712095401, 229.0], [394.0, 545.0], [394.0, 374.0], [322.0, 374.0], [308.0, 374.0], [237.0, 104.0], [237.0, 4.0], [547.0, 155.0], [417.0, 155.0], [323.0, 154.99202127659575], [220.0, 154.99202127659575], [448.0, 517.0], [448.0, 375.0], [417.0, 371.0], [417.0, 290.0], [417.0, 237.0], [417.0, 125.0], [417.0, 100.0], [486.0, 100.0], [547.0, 263.0], [440.0, 263.0], [472.0, 98.0], [472.0, 42.0], [367.0, 3.5], [334.0, 3.5], [270.0, 4.0], [250.0, 4.0], [264.0, 545.0], [218.0, 545.0], [349.0, 545.0], [256.0, 397.496062992126], [220.0, 397.496062992126], [333.0, 397.0], [309.0, 397.0], [392.0, 42.0], [368.0, 42.0], [433.0, 42.0], [251.0, 244.0], [251.0, 217.0], [251.0, 273.0], [220.0, 273.0], [322.0, 273.0], [311.0, 273.0], [308.0, 397.0], [354.0, 186.0], [440.3581081081081, 213.35810810810813], [323.0, 241.0], [282.0, 241.0], [323.0, 155.0], [486.0, 125.0], [218.0, 217.0], [440.3376623376623, 313.6623376623377], [382.0113636363636, 131.98863636363637], [367.0, 117.0], [549.0, 189.0], [549.0, 100.0], [513.0, 100.00359712230215], [548.9386712095401, 347.0], [548.0, 374.0], [367.0, 100.0], [367.0, 4.0], [384.0, 100.00359712230215]], "weights": [[5.95], [5.95], [1.25], [1.25], [1.55], [1.55], [0.5], [0.5, 0.750000000000006], [1.25], [1.25], [2.25, 1.5], [2.25, 3.5], [0.25], [0.25, 1.4], [1.35], [1.35, 1.0], [0.75], [0.75, 0.5], [0.25], [0.25], [7.1], [7.1], [0.9], [0.9, 2.100000000000001], [0.5, 2.400000000000003], [0.5], [0.5, 1.9], [1.9, 0.9], [0.5], [0.5], [1.45], [1.45, 1.7], [1.0], [1.0], [1.0], [1.0, 1.0], [1.5], [1.5], [1.5], [0.75], [0.75], [1.65], [1.65], [1.7], [1.7], [1.7], [1.05], [1.05, 0.7], [1.0], [1.0], [0.6], [0.6], [1.4], [0.750000000000006, 0.500000000000004], [2.400000000000003], [0.6], [0.6], [0.500000000000004], [0.9], [0.7], [2.100000000000001], [1.3500000000000068], [1.3500000000000068, 4.95], [1.35], [1.35, 3.3], [3.3], [1.35], [1.35, 3.5], [4.95, 4.95, 0.5], [4.95], [0.5]], "edges": [[1], [0], [3], [2], [5], [4], [7], [6, 53], [9], [8], [11, 38], [10, 67], [13], [12, 52], [15], [14, 35], [17], [16, 24], [19], [18], [21], [20], [23], [22, 60], [17, 54], [26], [25, 27], [26, 58], [29], [28], [31], [30, 45], [33], [32], [35], [34, 15], [37], [36], [10], [40], [39], [42], [41], [44], [43], [31], [47], [46, 59], [49], [48], [51], [50], [13], [7, 57], [24], [56], [55], [53], [27], [47], [23], [62], [61, 68], [64], [63, 65], [64], [67], [66, 11], [62, 69, 70], [68], [68]]}