{"weights": [[1.25], [1.25], [1.5], [1.5], [0.75], [0.75], [0.5], [0.5], [0.6, 0.6], [0.6, 1.0], [1.25, 1.0], [1.25], [0.75], [0.75, 0.75], [0.5], [0.5], [0.5], [0.5], [1.7], [1.7], [1.65], [1.65], [0.75], [0.8, 0.6], [0.8, 1.0], [0.75], [0.75], [1.0], [1.0], [0.95], [0.95], [1.0], [0.8], [0.8], [0.5], [0.5], [0.5], [0.5], [1.35], [1.35, 1.0], [1.0], [0.6], [0.6, 0.75], [0.75]], "edges": [[1], [0], [3], [2], [5], [4], [7], [6], [9, 23], [8, 24], [11, 31], [10], [13], [12, 22], [15], [14], [17], [16], [19], [18], [21], [20], [13], [24, 8], [23, 9], [26], [25], [28], [27], [30], [29], [10], [33], [32], [35], [34], [37], [36], [39], [38, 40], [39], [42], [41, 43], [42]], "vertices": [[527.983870967742, 349.0], [527.983870967742, 328.0], [528.0, 270.0], [528.0, 78.0], [302.57766990291265, 221.0], [302.57766990291265, 123.0], [387.0, 274.0], [294.0, 274.0], [453.0, 253.0], [453.0, 216.0], [391.0, 486.0], [391.0, 416.0], [332.0, 48.0], [302.0, 48.0], [526.0, 390.0], [481.0, 390.0], [521.0, 253.0], [509.0, 253.0], [339.5890410958904, 415.0], [339.5890410958904, 373.0], [527.9166666666666, 310.0], [527.9166666666666, 287.0], [302.0, 74.0], [468.0, 253.0], [468.0, 216.0], [302.4927536231884, 362.0], [302.4927536231884, 327.0], [391.0, 415.0], [340.0, 415.0], [476.0, 78.49350649350649], [437.0, 78.49350649350649], [419.0, 486.0], [478.0, 172.0], [478.0, 148.0], [455.0, 148.0], [436.0, 148.0], [372.0, 172.0], [372.0, 162.0], [527.9971988795518, 366.0], [527.0, 485.0], [500.0, 485.5], [435.0, 113.0], [435.0, 48.0], [405.0, 48.49122807017544]]}