{"weights": [[3.25], [3.25], [2.45], [2.45], [1.5], [1.5, 1.85], [2.15], [2.15], [1.5], [1.5], [1.5], [1.5], [8.45], [8.45], [2.0], [2.0], [1.45], [1.45], [3.35], [3.35, 1.5], [2.1, 1.85], [2.1], [3.25], [3.25], [7.2], [7.2], [2.0], [2.0], [3.1], [3.1], [2.15], [2.15, 2.85], [6.45], [6.45, 3.25], [1.8], [1.8], [3.5], [3.5], [1.7, 2.25], [1.7], [3.5], [3.5], [3.25], [2.75], [2.75], [3.5], [3.5], [2.85], [2.75], [2.75], [4.3], [4.3], [0.8], [0.8], [0.5], [0.5], [1.0], [1.0], [0.6], [0.6], [1.6], [1.6, 2.0], [0.5000000000000088], [0.5000000000000088], [3.5], [3.5, 2.0], [1.35], [1.35, 3.1], [3.1], [4.15], [4.15, 3.25], [3.25], [2.75], [2.75, 4.25], [4.25], [1.75], [1.75, 1.45], [1.45], [2.25, 1.65], [1.65], [2.55], [2.55, 2.4], [2.4], [1.5, 3.25], [3.25], [2.25], [2.25, 2.0], [2.0]], "edges": [[1], [0], [3], [2], [5], [4, 20], [7], [6], [9], [8], [11], [10], [13], [12], [15], [14], [17], [16], [19], [18, 83], [21, 5], [20], [23], [22], [25], [24], [27], [26], [29], [28], [31], [30, 47], [33], [32, 42], [35], [34], [37], [36], [39, 78], [38], [41], [40], [33], [44], [43], [46], [45], [31], [49], [48], [51], [50], [53], [52], [55], [54], [57], [56], [59], [58], [61], [60, 65], [63], [62], [65], [64, 61], [67], [66, 68], [67], [70], [69, 71], [70], [73], [72, 74], [73], [76], [75, 77], [76], [38, 79], [78], [81], [80, 82], [81], [19, 84], [83], [86], [85, 87], [86]], "vertices": [[780.1002331002331, 211.0], [780.1002331002331, 82.0], [780.1008111239861, 443.0], [780.1008111239861, 313.0], [456.0, 461.0], [456.0, 326.0], [123.83791821561339, 524.0], [123.83791821561339, 264.0], [783.0, 262.0], [530.0, 262.0], [390.0, 41.98687664041995], [177.0, 41.98687664041995], [65.28571428571429, 398.0], [65.28571428571429, 339.0], [390.0, 156.0], [390.0, 42.0], [251.0, 265.02272727272725], [176.0, 265.02272727272725], [776.0, 424.0], [705.0, 424.0], [532.0, 326.0], [532.0, 313.0], [529.0, 424.01024590163934], [459.0, 424.01024590163934], [75.0, 266.2857142857143], [37.0, 266.2857142857143], [213.5, 264.0], [213.5, 154.0], [183.0, 524.0], [124.0, 524.0], [531.0, 150.0], [531.0, 66.0], [776.0, 100.0], [705.0, 100.0], [327.0, 106.0], [327.0, 46.0], [413.0, 458.0], [335.0, 458.0], [330.0, 154.0], [239.0, 154.0], [527.0, 100.0], [460.0, 100.0], [705.0, 67.0], [65.5260663507109, 304.0], [65.5260663507109, 268.0], [120.0, 380.0], [69.0, 380.0], [552.0, 66.0], [705.0, 66.58695652173913], [684.0, 66.58695652173913], [65.5, 49.0], [65.5, 39.0], [602.0, 367.0], [602.0, 348.0], [582.0, 368.0], [582.0, 348.0], [245.0, 402.0], [245.0, 381.0], [276.0, 401.0], [276.0, 381.0], [532.0, 211.0], [532.0, 198.0], [177.0, 400.0], [172.0, 390.0], [456.0034965034965, 77.0], [456.0, 198.0], [330.7831753554502, 319.0], [330.0, 524.0], [272.0, 524.5], [531.0292682926829, 374.0], [531.0, 458.0], [551.0, 458.0], [65.48603351955308, 101.0], [65.0, 158.0], [38.0, 158.01796407185628], [238.51039260969978, 46.0], [238.0, 153.0], [182.0, 153.96774193548387], [330.0, 264.0], [292.0, 264.8151260504202], [390.42452830188677, 324.0], [390.0, 354.0], [452.0, 354.0], [705.0, 457.0], [684.0, 457.94690265486724], [484.4895104895105, 328.0], [484.0, 362.0], [460.0, 362.5]]}