{"vertices": [[541.0, 259.4831081081081], [379.0, 259.4831081081081], [672.0, 259.4831081081081], [643.0, 259.4831081081081], [620.0, 259.4831081081081], [593.0, 259.4831081081081], [484.0, 150.0679347826087], [314.0, 150.0679347826087], [246.49861495844874, 199.0], [246.49861495844874, 149.0], [246.0, 328.0], [246.0, 259.0], [673.5050251256281, 220.0], [673.5050251256281, 134.0], [556.0, 451.0], [556.0, 330.0], [448.0, 295.0], [351.0, 295.0], [590.0, 294.50961538461536], [528.0, 294.50961538461536], [271.0, 294.50961538461536], [248.0, 294.50961538461536], [457.0, 451.0], [430.0, 451.0], [638.0, 450.97553516819573], [612.0, 450.97553516819573], [520.0, 450.97553516819573], [486.0, 450.97553516819573], [582.0, 451.0], [531.0, 206.0], [531.0, 96.0], [531.0, 258.0], [531.0, 231.0], [360.0, 432.0], [330.0, 432.0], [350.719696969697, 260.0], [350.719696969697, 174.0], [350.719696969697, 390.0], [350.719696969697, 350.0], [351.0, 323.0], [351.0, 418.0], [351.0, 390.0], [177.0, 225.5], [142.0, 225.5], [247.0, 226.0], [208.0, 226.0], [639.0, 451.0], [639.0, 360.0], [556.0, 329.5], [477.0, 329.5], [452.0, 329.5], [432.0, 329.5], [382.0, 390.0], [430.0, 432.0], [405.4054054054054, 234.0], [405.4054054054054, 151.0], [405.4054054054054, 257.0], [405.4054054054054, 236.0], [245.0, 179.88819875776397], [142.0, 179.88819875776397], [448.0, 179.88819875776397], [407.0, 179.88819875776397], [575.0, 96.0], [674.0, 96.4969696969697], [633.0, 96.4969696969697], [592.0, 360.0], [386.0, 360.3496932515337], [354.0, 360.3496932515337], [475.0, 186.0], [475.0, 151.0], [208.0, 274.0], [325.0, 517.0], [305.0, 517.0], [373.0, 517.0], [351.0, 517.0], [383.5, 331.0], [383.5, 296.0], [177.0, 274.0], [177.0, 226.0], [404.0, 188.0], [351.0, 188.0], [444.0, 257.0], [444.0, 240.0], [444.0, 199.0], [444.0, 187.0], [330.0, 421.0], [317.0, 259.0], [247.0, 259.0], [578.0, 259.4831081081081], [592.0, 259.0], [675.0, 150.0679347826087], [691.0, 150.0], [691.0, 198.0], [673.5050251256281, 248.0], [673.0, 360.0], [295.0, 294.50961538461536], [317.0, 294.0], [375.0, 432.39428571428573], [406.0, 390.49038461538464], [430.0, 390.0], [430.4133858267717, 296.0], [430.0, 360.0], [407.0, 360.3496932515337], [557.0, 360.3496932515337], [246.49861495844874, 385.0], [247.0, 418.0]], "weights": [[1.25], [1.25], [0.75], [0.75], [0.75], [0.75], [0.5], [0.5], [0.8], [0.8], [0.75], [0.75], [0.85], [0.85], [0.7, 1.05], [0.7], [0.75], [0.75, 0.25], [0.75], [0.75], [0.75], [0.75], [7.55], [7.55, 1.65], [1.25], [1.25], [1.25], [1.25], [1.05], [0.5], [0.5, 0.75], [0.9], [0.9], [1.05], [1.05, 0.7], [0.65], [0.65], [0.25], [0.25], [0.25], [0.25, 1.1], [0.25, 0.7], [1.0], [1.0], [1.3, 0.8], [1.3, 0.75], [1.5], [1.5, 0.25, 0.25], [1.0], [1.0], [1.5], [1.5], [0.7], [1.65, 7.1, 0.75], [1.1], [1.1], [1.05], [1.05], [0.3], [0.3], [0.25], [0.25], [0.75], [0.7], [0.7], [0.25, 0.25, 1.1], [0.25], [0.25], [0.7], [0.7], [0.75], [0.5], [0.5], [0.5], [0.5], [1.1], [1.1], [0.75], [0.75], [0.8], [0.8], [0.9], [0.9], [0.9], [0.9], [0.7], [0.75, 0.6], [0.75, 0.8], [0.75], [0.75, 1.1], [0.25], [0.25, 0.5], [0.5], [1.05], [1.05, 0.25], [0.85], [0.85, 0.6], [7.1], [0.75], [0.75, 0.75], [0.7], [0.7, 0.25], [0.25], [0.25], [0.75], [0.75, 1.1]], "edges": [[1], [0], [3], [2], [5], [4], [7], [6], [9], [8], [11], [10], [13], [12], [15, 28], [14], [17], [16, 39], [19], [18], [21], [20], [23], [22, 53], [25], [24], [27], [26], [14], [30], [29, 62], [32], [31], [34], [33, 85], [36], [35], [38], [37], [17], [41, 105], [40, 52], [43], [42], [45, 87], [44, 70], [47], [46, 65, 94], [49], [48], [51], [50], [41], [23, 97, 99], [55], [54], [57], [56], [59], [58], [61], [60], [30], [64], [63], [47, 103, 89], [67], [66], [69], [68], [45], [72], [71], [74], [73], [76], [75], [78], [77], [80], [79], [82], [81], [84], [83], [34], [87, 96], [86, 44], [89], [88, 65], [91], [90, 92], [91], [94], [93, 47], [96], [95, 86], [53], [99], [98, 53], [101], [100, 102], [101], [65], [105], [104, 40]]}