{"weights": [[1.1], [1.1], [0.75], [0.75], [0.75], [0.75], [0.5, 1.45], [0.5], [1.3], [1.3, 1.9], [1.0], [1.0], [1.3], [1.3, 0.6], [4.9], [4.9, 0.75], [1.4], [1.4, 0.8], [1.0, 0.6, 0.5], [1.0, 0.75, 0.9], [1.3], [1.3], [1.25], [1.25], [1.0], [1.0], [0.85], [0.85], [0.9], [0.9, 1.1, 0.5], [0.7, 1.1], [0.7, 0.75], [0.5], [0.5], [0.7], [0.7], [1.1, 0.6], [0.75], [0.5], [0.5], [0.75], [0.75], [1.0], [1.0], [0.75], [1.45], [0.6, 0.8, 1.5], [0.8, 1.1], [0.8], [0.9], [0.9], [0.6], [0.6], [0.6], [1.1], [1.1], [0.7], [0.7], [0.75], [1.0], [1.0], [0.5], [0.6], [0.5, 1.1], [0.9], [0.9], [1.3], [1.3], [0.5], [0.5], [1.05], [1.05], [0.5], [0.5], [1.9], [1.9], [0.9], [0.8], [1.1], [1.0], [1.0, 1.1], [0.85], [0.85, 0.6], [0.6, 0.85], [0.75], [0.75, 0.8], [0.85, 1.1], [1.25], [1.25, 1.5], [0.95], [0.95, 0.75], [0.75], [0.75], [0.75, 0.8], [0.8], [7.45], [7.45, 1.0], [1.0, 0.7, 1.9], [0.7], [0.5], [0.5, 1.0], [1.0]], "edges": [[1], [0], [3], [2], [5], [4], [7, 45], [6], [9], [8, 97], [11], [10], [13], [12, 62], [15], [14, 37], [17], [16, 77], [19, 46, 61], [18, 58, 76], [21], [20], [23], [22], [25], [24], [27], [26], [29], [28, 36, 63], [31, 86], [30, 44], [33], [32], [35], [34], [29, 53], [15], [39], [38], [41], [40], [43], [42], [31], [6], [18, 85, 88], [48, 78], [47], [50], [49], [52], [51], [36], [55], [54], [57], [56], [19], [60], [59], [18], [13], [29, 80], [65], [64], [67], [66], [69], [68], [71], [70], [73], [72], [75], [74], [19], [17], [47], [80], [79, 63], [82], [81, 83], [82, 86], [85], [84, 46], [83, 30], [88], [87, 46], [90], [89, 91], [90], [93], [92, 94], [93], [96], [95, 97], [96, 98, 9], [97], [100], [99, 101], [100]], "vertices": [[541.0, 259.4968944099379], [379.0, 259.4968944099379], [484.0, 149.49704142011834], [314.0, 149.49704142011834], [673.508875739645, 220.0], [673.508875739645, 134.0], [556.0, 451.0], [556.0, 330.0], [457.0, 451.0], [430.0, 451.0], [246.5, 199.0], [246.5, 149.0], [448.0, 294.0], [353.0, 294.0], [531.0, 206.0], [531.0, 96.0], [360.0, 432.0], [330.0, 432.0], [592.0, 363.0], [592.0, 259.0], [349.5, 260.0], [349.5, 174.0], [520.0, 450.96938775510205], [486.0, 450.96938775510205], [556.0, 329.5], [477.0, 329.5], [246.0, 328.0], [246.0, 259.0], [382.0, 390.0], [353.0, 390.0], [247.0, 226.0], [208.0, 226.0], [405.44444444444446, 234.0], [405.44444444444446, 151.0], [245.0, 178.14166666666668], [142.0, 178.14166666666668], [353.0, 355.0], [575.0, 96.0], [475.0, 186.0], [475.0, 151.0], [672.0, 259.49122807017545], [643.0, 259.49122807017545], [590.0, 294.5], [528.0, 294.5], [208.0, 274.0], [582.0, 451.0], [638.0, 363.0], [444.0, 185.0], [407.0, 185.0], [674.0, 96.5], [633.0, 96.5], [325.0, 517.0], [305.0, 517.0], [386.0, 355.0], [383.5, 331.0], [383.5, 296.0], [404.0, 188.0], [351.0, 188.0], [620.0, 259.0], [271.0, 294.5], [248.0, 294.5], [557.0, 363.0], [353.0, 323.0], [353.0, 418.0], [531.0, 258.0], [531.0, 231.0], [452.0, 329.5], [432.0, 329.5], [444.0, 257.0], [444.0, 240.0], [405.4878048780488, 257.0], [405.4878048780488, 236.0], [373.0, 517.0], [351.0, 517.0], [405.0, 173.0], [405.0, 156.0], [578.0, 259.0], [330.0, 421.0], [444.0, 199.0], [246.5, 385.0], [246.0, 418.0], [295.0, 294.58], [317.0, 294.0], [317.0, 259.0], [673.5021834061135, 248.0], [673.0, 363.0], [247.0, 259.0], [612.0, 450.9866666666667], [638.0, 450.0], [142.0, 225.49253731343285], [177.0, 225.0], [177.0, 274.0], [430.50387596899225, 296.0], [430.0, 355.0], [407.0, 355.0], [406.0, 390.4791666666667], [430.0, 390.0], [430.0, 432.0], [375.0, 432.48623853211006], [691.0, 198.0], [691.0, 156.0], [675.0, 156.5]]}