{"weights": [[1.25, 1.7], [1.25, 1.25], [1.55], [1.55], [1.25], [4.65], [4.65], [1.25], [1.25], [1.5, 1.5], [1.5, 1.15], [0.95], [0.95], [1.35], [1.35], [4.0], [4.0, 7.05], [1.5, 7.05], [1.95], [1.95], [1.5], [1.5], [1.45], [1.45], [1.35], [1.35], [1.55], [1.55], [4.35], [4.35], [1.75], [1.75, 1.1999999999999855], [1.7, 2.35, 2.0], [1.7], [1.0499999999999963], [1.0499999999999963], [1.7], [1.8, 1.5], [1.8], [1.1999999999999855], [1.25], [1.25], [1.15, 1.75], [1.75], [1.5, 2.15, 3.65], [2.15], [3.65, 1.9], [1.9], [1.15], [1.15, 1.15, 1.65], [1.15], [1.65], [1.55], [1.55, 1.55, 1.05], [1.55], [1.05], [2.35], [2.0], [1.25], [1.25, 2.15], [2.15], [1.45], [1.45, 1.15], [1.15]], "edges": [[1, 36], [0, 4], [3], [2], [1], [6], [5], [8], [7], [10, 17], [9, 42], [12], [11], [14], [13], [16], [15, 17], [9, 16], [19], [18], [21], [20], [23], [22], [25], [24], [27], [26], [29], [28], [31], [30, 39], [33, 56, 57], [32], [35], [34], [0], [38, 44], [37], [31], [41], [40], [10, 43], [42], [37, 45, 46], [44], [44, 47], [46], [49], [48, 50, 51], [49], [49], [53], [52, 54, 55], [53], [53], [32], [32], [59], [58, 60], [59], [62], [61, 63], [62]], "vertices": [[79.0, 507.0], [79.0, 163.0], [474.0, 162.4505119453925], [396.0, 162.4505119453925], [356.0, 163.0], [357.0, 456.3333333333333], [321.0, 456.3333333333333], [528.016393442623, 415.0], [528.016393442623, 289.0], [734.0, 379.0], [708.0, 379.0], [487.4968152866242, 365.0], [487.4968152866242, 286.0], [225.0, 237.0452488687783], [81.0, 237.0452488687783], [708.0, 461.0], [708.0, 430.0], [734.0, 430.0], [526.0, 315.5034013605442], [489.0, 315.5034013605442], [395.0, 387.0], [395.0, 320.0], [531.0, 456.3080568720379], [469.0, 456.3080568720379], [707.0, 300.9811320754717], [671.0, 300.9811320754717], [205.0, 505.9736842105263], [192.0, 505.9736842105263], [515.0, 377.68918918918916], [500.0, 377.68918918918916], [586.0, 507.0], [578.0, 507.0], [558.0, 302.0], [530.0, 302.0], [658.804347826087, 508.804347826087], [672.804347826087, 494.804347826087], [91.0, 507.0], [423.0, 389.0], [423.0, 377.0], [566.25, 494.75], [485.0, 317.96875], [474.0, 317.96875], [708.0, 161.0], [665.0, 161.3581081081081], [320.0, 389.0], [320.1625, 287.0], [320.0, 506.0], [307.0, 506.4222222222222], [320.04583333333335, 250.0], [320.0, 236.0], [320.04583333333335, 165.0], [257.0, 236.67256637168143], [601.0, 162.24242424242425], [558.0, 162.0], [528.0, 162.24242424242425], [558.2833333333333, 239.0], [558.304347826087, 272.0], [596.0, 302.0], [438.0, 318.0], [367.0, 318.0], [367.48039215686276, 290.0], [432.0, 456.0], [388.0, 456.0], [388.0833333333333, 423.0]]}