{"vertices": [[79.0, 507.0], [79.0, 163.0], [474.0, 162.9213341724355], [396.0, 162.9213341724355], [356.0, 163.0], [708.0, 162.9213341724355], [665.0, 162.9213341724355], [708.0, 382.0], [708.0, 163.0], [708.0, 461.0], [708.0, 430.0], [728.0, 387.9468690702087], [514.0, 387.9468690702087], [501.0, 387.9468690702087], [357.0, 456.2530120481928], [321.0, 456.2530120481928], [531.0, 456.2530120481928], [469.0, 456.2530120481928], [432.0, 456.2530120481928], [382.0, 456.2530120481928], [528.016393442623, 415.0], [528.016393442623, 289.0], [734.0, 377.0], [515.0, 376.6353591160221], [500.0, 376.6353591160221], [225.0, 236.9191616766467], [81.0, 236.9191616766467], [487.4968152866242, 365.0], [487.4968152866242, 286.0], [734.0, 430.0], [526.0, 317.05867346938777], [489.0, 317.05867346938777], [485.0, 317.05867346938777], [474.0, 317.05867346938777], [707.0, 301.46084337349396], [671.0, 301.46084337349396], [558.0, 301.46084337349396], [530.0, 301.46084337349396], [392.9614035087719, 387.0], [392.9614035087719, 320.0], [392.9614035087719, 454.0], [392.9614035087719, 423.0], [205.0, 506.5416666666667], [192.0, 506.5416666666667], [586.0, 507.0], [578.0, 507.0], [91.0, 507.0], [658.804347826087, 508.804347826087], [672.804347826087, 494.804347826087], [423.0, 388.0], [423.0, 377.0], [566.25, 494.75], [601.0, 162.9213341724355], [558.0, 162.0], [528.0, 162.9213341724355], [558.289156626506, 239.0], [320.0, 388.0], [320.1258064516129, 287.0], [320.0, 506.0], [307.0, 506.5416666666667], [320.1258064516129, 250.0], [320.0, 236.0], [320.1258064516129, 165.0], [257.0, 236.9191616766467], [558.289156626506, 272.0], [558.0, 301.0], [596.0, 301.0], [438.0, 317.0], [368.0, 317.0], [367.48039215686276, 290.0]], "weights": [[1.25, 1.25], [1.25, 1.25], [1.75], [1.75], [1.25], [1.5], [1.5], [1.25, 0.3, 1.5], [1.25], [3.95], [3.95, 7.05], [0.3], [0.25], [0.25], [1.65], [1.65], [1.35], [1.35], [4.45], [4.45], [1.35], [1.35], [1.5, 1.5], [3.0], [3.0], [1.25], [1.25], [5.35], [5.35], [1.5, 7.05], [0.5], [0.5], [1.45], [1.45], [1.25], [1.25], [1.25], [1.25], [0.5], [0.5], [0.25], [0.25], [1.5], [1.5], [1.95], [1.95, 1.1000000000000008], [1.25], [1.1000000000000008], [1.1000000000000008], [1.7, 0.85], [1.7], [1.1000000000000008], [1.45], [1.45, 1.45, 0.95], [1.45], [0.95], [0.85, 1.95, 1.15], [1.95], [1.15, 1.75], [1.75], [1.35], [1.35, 1.35, 1.65], [1.35], [1.65], [2.25], [2.25, 1.55], [1.55], [1.35], [1.35, 2.15], [2.15]], "edges": [[1, 46], [0, 4], [3], [2], [1], [6], [5], [8, 11, 22], [7], [10], [9, 29], [7], [13], [12], [15], [14], [17], [16], [19], [18], [21], [20], [7, 29], [24], [23], [26], [25], [28], [27], [22, 10], [31], [30], [33], [32], [35], [34], [37], [36], [39], [38], [41], [40], [43], [42], [45], [44, 51], [0], [48], [47], [50, 56], [49], [45], [53], [52, 54, 55], [53], [53], [49, 57, 58], [56], [56, 59], [58], [61], [60, 62, 63], [61], [61], [65], [64, 66], [65], [68], [67, 69], [68]]}