{"vertices": [[348.0, 484.0], [348.0, 323.0], [348.0, 225.0], [348.0, 63.0], [771.5666666666667, 322.0], [771.5666666666667, 193.0], [412.0, 484.0], [647.0, 484.0248138957816], [585.0, 484.0248138957816], [537.0, 484.0248138957816], [475.0, 484.0248138957816], [43.0, 63.0], [379.0, 63.0], [471.0, 63.28636134876699], [418.0, 63.28636134876699], [593.0, 63.28636134876699], [565.0, 63.28636134876699], [656.0, 63.28636134876699], [637.0, 63.28636134876699], [169.0, 322.0883074407195], [158.0, 322.0883074407195], [796.0, 322.0], [772.0, 322.0], [208.0, 322.0883074407195], [197.0, 322.0883074407195], [657.0, 322.0883074407195], [646.0, 322.0883074407195], [769.0, 225.18472222222223], [633.0, 225.18472222222223], [478.0, 225.0], [245.0, 389.9145299145299], [140.0, 389.9145299145299], [346.0, 389.9145299145299], [278.0, 389.9145299145299], [566.0, 389.9145299145299], [546.0, 389.9145299145299], [529.0, 262.0], [529.0, 225.0], [582.0, 322.0], [582.0, 225.0], [43.0, 103.0], [796.0, 378.0], [772.0, 378.0], [566.0, 377.92937853107344], [545.0, 377.92937853107344], [479.0, 279.0], [443.0, 279.0], [443.0, 318.0], [442.8, 409.0], [442.8, 392.0], [247.0, 332.29411764705884], [235.0, 332.29411764705884], [229.0, 332.29411764705884], [217.0, 332.29411764705884], [716.0, 355.0], [716.0, 340.0], [423.9347826086956, 408.0], [423.9347826086956, 392.0], [637.52, 355.0], [637.52, 342.0], [649.0, 355.0], [649.0, 342.0], [678.0, 132.36363636363637], [666.0, 132.36363636363637], [698.3333333333334, 326.0], [698.3333333333334, 313.0], [698.3333333333334, 355.0], [698.3333333333334, 342.0], [411.0, 408.0], [401.0, 408.0], [489.0, 408.0], [475.0, 408.0], [455.51724137931035, 408.0], [455.51724137931035, 393.0], [475.0, 395.0], [745.0, 144.0], [745.0, 134.0], [401.0, 393.0], [348.2648546144121, 274.0], [479.0, 323.0], [772.0, 484.0], [710.0, 484.0248138957816], [772.0, 99.0], [772.0, 63.0], [749.0, 63.28636134876699], [529.0, 322.0], [529.413407821229, 292.0], [529.413407821229, 206.0], [107.0, 390.0], [43.0, 390.0], [43.32398753894081, 352.0], [774.0, 389.9145299145299], [802.0, 389.0], [802.4938820912124, 314.0], [582.445652173913, 202.0]], "weights": [[1.75, 2.25], [1.75, 2.05, 0.5], [1.5, 2.05], [1.5, 5.55, 2.35], [1.85], [1.85], [2.25], [2.25], [2.25], [2.25], [2.25], [5.55, 1.95], [2.35], [1.85], [1.85], [2.75], [2.75], [2.25], [2.25], [1.1], [1.1], [8.45], [8.45], [1.2], [1.2], [0.65], [0.65], [1.75], [1.75], [2.05], [1.75], [1.75], [1.75], [1.75], [0.25], [0.25], [2.15], [2.15, 1.75, 5.850000000000003], [2.1, 0.25], [2.1, 4.15, 5.850000000000003], [1.95], [1.5], [1.5, 2.25], [4.95], [4.95], [3.15], [3.15, 1.95], [1.95], [0.25], [0.25], [0.8], [0.8], [0.5], [0.5], [1.0], [1.0], [0.25], [0.25], [1.65], [1.65], [1.3], [1.3], [0.6], [0.6], [0.25], [0.25], [0.5], [0.5], [1.0], [1.0, 1.0], [1.4], [1.4, 1.1], [1.25], [1.25], [1.1], [1.6], [1.6], [1.0], [2.05], [0.5], [2.25, 2.05], [2.05], [1.75], [1.75, 5.85], [5.85], [0.25, 2.35], [2.35], [1.75], [2.2], [2.2, 1.75], [1.75], [0.5], [0.5, 1.5], [1.5], [4.15]], "edges": [[1, 6], [0, 78, 79], [3, 29], [2, 11, 12], [5], [4], [0], [8], [7], [10], [9], [3, 40], [3], [14], [13], [16], [15], [18], [17], [20], [19], [22], [21], [24], [23], [26], [25], [28], [27], [2], [31], [30], [33], [32], [35], [34], [37], [36, 87, 39], [39, 85], [38, 94, 37], [11], [42], [41, 80], [44], [43], [46], [45, 47], [46], [49], [48], [51], [50], [53], [52], [55], [54], [57], [56], [59], [58], [61], [60], [63], [62], [65], [64], [67], [66], [69], [68, 77], [71], [70, 74], [73], [72], [71], [76], [75], [69], [1], [1], [42, 81], [80], [83], [82, 84], [83], [38, 86], [85], [37], [89], [88, 90], [89], [92], [91, 93], [92], [39]]}