{"weights": [[2.05, 2.5], [2.05, 2.05], [1.85, 2.25], [1.85, 1.95, 2.3500000000000023], [2.5], [1.9], [1.9], [1.95, 2.15], [2.05], [2.05], [2.05], [1.75], [1.75], [2.3500000000000023], [2.1], [2.1], [2.25], [2.3], [2.3], [2.25], [2.25], [2.05], [2.05], [1.4], [1.4], [2.25], [2.25], [8.25], [8.25, 1.85], [3.15], [3.15, 2.0], [2.15], [2.0], [2.55], [2.55], [3.85], [3.85], [2.1], [2.1], [0.25], [0.25], [0.85], [0.85], [1.3], [1.3], [2.25], [2.25, 2.25], [1.85], [1.85], [0.25], [0.25], [1.45], [1.45], [1.1], [1.1], [1.65], [1.65], [0.6], [0.6], [2.1], [2.1], [1.7], [1.7], [2.3], [2.3, 1.0], [1.65], [1.65], [1.2], [1.2], [0.9, 0.9], [0.9], [1.3], [1.3], [1.0], [1.3], [1.3], [0.9], [1.85, 2.15], [2.15], [2.25, 3.95, 7.6], [3.95], [2.75], [2.75, 7.6], [2.75], [2.75, 4.0], [4.0], [1.5], [1.5, 1.5], [1.5], [1.5], [1.5, 2.25], [2.25], [1.5], [1.5, 1.5], [1.5]], "edges": [[1, 4], [0, 8], [3, 16], [2, 7, 13], [0], [6], [5], [3, 31], [1], [10], [9], [12], [11], [3], [15], [14], [2], [18], [17], [20], [19], [22], [21], [24], [23], [26], [25], [28], [27, 77], [30], [29, 32], [7], [30], [34], [33], [36], [35], [38], [37], [40], [39], [42], [41], [44], [43], [46], [45, 79], [48], [47], [50], [49], [52], [51], [54], [53], [56], [55], [58], [57], [60], [59], [62], [61], [64], [63, 73], [66], [65], [68], [67], [70, 76], [69], [72], [71], [64], [75], [74], [69], [28, 78], [77], [46, 80, 82], [79], [82], [81, 79], [84], [83, 85], [84], [87], [86, 88], [87], [90], [89, 91], [90], [93], [92, 94], [93]], "vertices": [[348.0, 484.0], [348.0, 354.0], [348.0, 224.0], [348.0, 63.0], [412.0, 484.0], [647.0, 483.9967105263158], [585.0, 483.9967105263158], [44.0, 63.0], [479.0, 320.3510638297872], [769.0, 224.7922077922078], [633.0, 224.7922077922078], [245.0, 390.4987951807229], [140.0, 390.4987951807229], [379.0, 63.0], [346.0, 390.5], [278.0, 390.5], [478.0, 224.0], [529.5, 228.0], [529.5, 206.0], [537.0, 483.9901960784314], [475.0, 483.9901960784314], [471.0, 64.37209302325581], [418.0, 64.37209302325581], [169.0, 327.5], [158.0, 327.5], [593.0, 65.09352517985612], [565.0, 65.09352517985612], [796.0, 381.0], [772.0, 381.0], [479.0, 279.0], [442.0, 279.0], [44.0, 103.0], [442.0, 318.0], [528.9064748201439, 326.0], [528.9064748201439, 292.0], [566.0, 378.74251497005986], [545.0, 378.74251497005986], [656.0, 64.9888888888889], [637.0, 64.9888888888889], [444.5, 409.0], [444.5, 392.0], [247.0, 332.45454545454544], [235.0, 332.45454545454544], [716.0, 355.0], [716.0, 340.0], [530.0, 262.0], [530.0, 228.0], [348.15340909090907, 354.0], [348.15340909090907, 274.0], [423.9347826086956, 408.0], [423.9347826086956, 392.0], [637.52, 355.0], [637.52, 342.0], [649.0, 355.0], [649.0, 342.0], [678.0, 132.36363636363637], [666.0, 132.36363636363637], [696.0, 326.0], [696.0, 313.0], [699.5, 355.0], [699.5, 342.0], [208.0, 328.0], [197.0, 328.0], [411.0, 408.0], [401.0, 408.0], [455.51724137931035, 408.0], [455.51724137931035, 393.0], [657.0, 324.0], [646.0, 324.0], [475.0, 408.0], [475.0, 395.0], [745.0, 144.0], [745.0, 134.0], [401.0, 393.0], [229.0, 332.0], [217.0, 332.0], [489.0, 408.0], [772.0, 484.0], [710.0, 484.12099644128114], [582.0, 228.0], [582.25, 202.0], [529.0, 326.0], [582.0, 326.0], [749.0, 65.39370078740157], [772.0, 65.0], [772.0, 99.0], [802.0, 389.0], [802.0, 316.0], [775.0, 316.5], [43.0974025974026, 352.0], [43.0, 391.0], [107.0, 391.0], [771.3404958677686, 193.0], [772.0, 324.0], [796.0, 324.0]]}