{"vertices": [[321.0, 57.570048309178745], [267.0, 57.570048309178745], [574.0, 57.570048309178745], [491.0, 57.570048309178745], [246.0, 58.0], [151.0, 58.0], [460.0, 57.570048309178745], [411.0, 57.570048309178745], [376.0, 57.570048309178745], [356.0, 57.570048309178745], [194.50467289719626, 410.0], [194.50467289719626, 356.0], [195.0, 265.0], [195.0, 211.0], [426.0, 283.0], [426.0, 211.0], [426.5, 394.0], [426.5, 310.0], [573.8862973760932, 335.0], [573.8862973760932, 308.0], [574.0, 114.0], [574.0, 58.0], [573.8862973760932, 216.0], [573.8862973760932, 206.0], [337.0, 211.0], [376.0, 211.0], [300.5895765472313, 156.0], [300.5895765472313, 60.0], [300.5895765472313, 210.0], [300.5895765472313, 184.0], [151.0, 215.0], [151.0, 190.0], [151.0, 84.0], [514.0, 42.26593406593407], [457.0, 42.26593406593407], [338.4237288135593, 139.0], [338.4237288135593, 114.0], [376.5111111111111, 283.0], [376.5111111111111, 237.0], [299.0, 118.59574468085107], [243.0, 118.59574468085107], [220.0, 410.0], [195.0, 410.0], [425.0, 259.0], [378.0, 259.0], [573.8862973760932, 428.0], [573.0, 393.0], [573.8862973760932, 365.0], [481.0, 393.17857142857144], [573.8862973760932, 492.0], [573.0, 526.0], [541.0, 526.3483146067416], [401.27950310559004, 410.0], [401.0, 526.0], [431.0, 526.0], [338.4237288135593, 370.0], [338.0, 410.0], [312.0, 410.4891304347826]], "weights": [[0.5], [0.5], [2.8], [2.8], [0.5], [0.5, 0.5], [0.5], [0.5], [0.5], [0.5], [0.85], [0.85], [0.75], [0.75, 0.5], [1.0], [1.0, 0.7], [1.0], [1.0], [0.95], [0.95], [0.5], [0.5], [0.75], [0.75], [0.5], [0.7], [1.45], [1.45], [1.15], [1.15], [1.3], [1.3], [0.5], [4.8], [4.8], [1.45], [1.45], [0.95], [0.95], [0.6], [0.6], [0.75], [0.75], [0.6], [0.6], [0.75], [0.75, 0.75, 0.5], [0.75], [0.5], [0.25], [0.25, 0.75], [0.75], [0.6], [0.6, 0.6], [0.6], [0.25], [0.25, 0.8], [0.8]], "edges": [[1], [0], [3], [2], [5], [4, 32], [7], [6], [9], [8], [11], [10], [13], [12, 24], [15], [14, 25], [17], [16], [19], [18], [21], [20], [23], [22], [13], [15], [27], [26], [29], [28], [31], [30], [5], [34], [33], [36], [35], [38], [37], [40], [39], [42], [41], [44], [43], [46], [45, 47, 48], [46], [46], [50], [49, 51], [50], [53], [52, 54], [53], [56], [55, 57], [56]]}