{"vertices": [[601.0, 95.49791376912378], [529.0, 95.49791376912378], [332.0, 95.0], [107.0, 95.0], [320.0, 258.0], [107.0, 258.0], [453.0, 343.0], [320.0, 343.0], [392.0, 80.38536585365854], [328.0, 80.38536585365854], [430.4976525821596, 183.0], [430.4976525821596, 78.0], [453.0, 396.4954128440367], [371.0, 396.4954128440367], [117.49651972157773, 314.0], [117.49651972157773, 260.0], [320.0, 394.0], [320.0, 439.0], [521.0, 175.49142857142857], [477.0, 175.49142857142857], [107.0, 109.0], [106.51724137931035, 258.0], [106.51724137931035, 244.0], [536.0, 443.0], [562.9551886792453, 415.95518867924534], [482.0, 284.5], [525.0, 284.0], [697.0, 95.49791376912378], [760.0, 95.0], [597.0, 377.5078369905956], [760.0, 377.0], [430.4976525821596, 227.0], [430.0, 284.0], [470.0, 80.38536585365854], [525.0, 80.0], [320.0, 284.0], [118.0, 443.0], [117.49651972157773, 385.0]], "weights": [[1.75], [1.75], [1.75], [1.75, 1.85], [2.25, 2.2], [2.25], [2.65], [2.65, 2.0], [1.75], [1.75], [1.75], [1.75], [1.85], [1.85], [1.75], [1.75], [2.0, 2.0], [2.0], [1.75], [1.75], [1.85], [1.75], [1.75], [2.100000000000001, 0.25], [2.100000000000001], [2.0], [2.0, 2.85], [1.75], [1.75, 1.75], [1.75], [1.75, 1.75], [1.75], [1.75, 2.0], [3.25], [3.25, 2.85], [2.2, 2.0], [0.25, 1.75], [1.75]], "edges": [[1], [0], [3], [2, 20], [5, 35], [4], [7], [6, 16], [9], [8], [11], [10], [13], [12], [15], [14], [7, 17], [16], [19], [18], [3], [22], [21], [24, 36], [23], [26], [25, 34], [28], [27, 30], [30], [29, 28], [32], [31, 35], [34], [33, 26], [4, 32], [23, 37], [36]]}