{"weights": [[0.7], [0.7], [0.75], [0.75], [0.95], [0.95, 0.5], [0.85], [0.85], [4.75], [4.75], [0.9], [0.9, 0.5], [0.7], [0.7, 0.5], [0.5], [0.85], [0.85], [0.7], [0.7], [0.75], [0.75], [0.95], [0.95], [6.05], [6.05], [0.5], [1.0], [1.0], [1.65], [1.65], [1.3], [1.3], [1.3], [1.3], [0.95], [0.95], [0.75], [0.75], [1.0], [1.0], [0.6], [0.6], [0.75], [0.75], [0.5], [0.75], [0.75, 0.75, 0.85], [0.75], [0.85], [0.55], [0.55, 0.8], [0.8], [0.5], [0.5, 0.75], [0.75], [0.5], [0.5, 0.75], [0.75]], "edges": [[1], [0], [3], [2], [5], [4, 25], [7], [6], [9], [8], [11], [10, 14], [13], [12, 44], [11], [16], [15], [18], [17], [20], [19], [22], [21], [24], [23], [5], [27], [26], [29], [28], [31], [30], [33], [32], [35], [34], [37], [36], [39], [38], [41], [40], [43], [42], [13], [46], [45, 47, 48], [46], [46], [50], [49, 51], [50], [53], [52, 54], [53], [56], [55, 57], [56]], "vertices": [[321.0, 58.65833333333333], [267.0, 58.65833333333333], [194.50925925925927, 410.0], [194.50925925925927, 356.0], [426.0, 283.0], [426.0, 211.0], [573.5094339622641, 335.0], [573.5094339622641, 308.0], [575.0, 55.95388349514563], [490.0, 55.95388349514563], [194.0, 265.0], [194.0, 211.0], [246.0, 58.0], [151.0, 58.0], [337.0, 211.0], [300.6078431372549, 156.0], [300.6078431372549, 60.0], [151.0, 215.0], [151.0, 190.0], [426.50299401197606, 394.0], [426.50299401197606, 310.0], [575.0, 114.0], [575.0, 56.0], [514.0, 41.890951276102086], [457.0, 41.890951276102086], [376.0, 211.0], [574.0, 216.0], [574.0, 206.0], [460.0, 58.892561983471076], [411.0, 58.892561983471076], [339.7142857142857, 139.0], [339.7142857142857, 114.0], [376.5111111111111, 283.0], [376.5111111111111, 237.0], [299.0, 118.59574468085107], [243.0, 118.59574468085107], [220.0, 410.0], [195.0, 410.0], [300.5, 210.0], [300.5, 184.0], [425.0, 259.0], [378.0, 259.0], [376.0, 58.48717948717949], [356.0, 58.48717948717949], [151.0, 84.0], [573.508064516129, 428.0], [573.0, 393.0], [573.508064516129, 365.0], [481.0, 393.17857142857144], [401.27950310559004, 410.0], [401.0, 526.0], [431.0, 526.0], [336.0, 370.0], [336.0, 410.0], [312.0, 410.4888888888889], [573.0, 492.0], [573.0, 526.0], [541.0, 526.5166666666667]]}