{"weights": [[1.75], [1.75], [2.25, 2.0], [2.25], [2.25], [2.25, 1.75], [1.75], [1.75, 2.0], [2.0], [2.0], [3.5, 7.15], [3.5], [2.65], [2.65], [1.75], [1.75], [2.0], [2.0], [1.75, 2.1], [1.9], [1.9], [1.75], [1.75], [2.1], [2.0], [2.0500000000000123, 0.55], [2.0500000000000123], [1.85], [1.85], [7.15, 1.8], [1.8], [1.75], [1.75, 1.75], [1.75], [2.0], [2.0, 7.6], [2.0, 7.6], [0.55, 2.85], [2.85]], "edges": [[1], [0], [3, 36], [2], [5], [4, 18], [7], [6, 24], [9], [8], [11, 29], [10], [13], [12], [15], [14], [17], [16], [5, 23], [20], [19], [22], [21], [18], [7], [26, 37], [25], [28], [27], [10, 30], [29], [32], [31, 33], [32], [35], [34, 36], [2, 35], [25, 38], [37]], "vertices": [[601.0, 95.49477351916376], [529.0, 95.49477351916376], [320.0, 258.0], [107.0, 258.0], [453.0, 343.0], [320.0, 343.0], [332.0, 95.0], [106.0, 95.0], [760.0, 95.5], [697.0, 95.5], [525.0, 81.0], [470.0, 81.0], [430.49642004773267, 183.0], [430.49642004773267, 78.0], [453.0, 396.4954128440367], [371.0, 396.4954128440367], [117.5, 314.0], [117.5, 260.0], [320.0, 394.0], [392.0, 79.51181102362204], [328.0, 79.51181102362204], [521.0, 175.49142857142857], [477.0, 175.49142857142857], [320.0, 439.0], [106.0, 109.0], [536.0, 443.0], [562.9551886792453, 415.95518867924534], [106.53488372093024, 258.0], [106.53488372093024, 244.0], [525.0, 284.0], [482.0, 284.5], [760.0, 96.0], [760.0, 377.0], [597.0, 377.5078369905956], [430.5, 227.0], [430.0, 284.0], [320.0, 284.0], [118.0, 443.0], [117.49302325581395, 385.0]]}