{"vertices": [[622.4943109987357, 344.0], [622.4943109987357, 225.0], [622.4943109987357, 532.0], [622.4943109987357, 382.0], [622.0, 125.0], [622.0, 47.0], [622.4943109987357, 201.0], [622.4943109987357, 149.0], [204.0, 142.0], [204.0, 47.0], [204.02392947103274, 219.0], [204.02392947103274, 166.0], [367.0, 47.0], [244.0, 47.0], [550.0, 47.0], [524.0, 47.0], [597.0, 47.0], [220.0, 47.0], [449.0, 105.289592760181], [431.0, 105.289592760181], [536.0, 105.289592760181], [495.0, 105.289592760181], [288.0, 355.67558528428094], [249.0, 355.67558528428094], [548.0, 530.5194174757281], [510.0, 530.5194174757281], [367.1563275434243, 381.0], [367.1563275434243, 329.0], [367.0, 68.0], [367.1563275434243, 102.0], [367.1563275434243, 85.0], [367.1563275434243, 115.0], [367.1563275434243, 105.0], [545.0, 376.0], [545.0, 324.0], [469.40714285714284, 374.0], [469.40714285714284, 354.0], [469.40714285714284, 403.0], [469.40714285714284, 391.0], [524.0, 70.0], [523.7831325301205, 324.0], [523.7831325301205, 297.0], [523.7831325301205, 102.0], [523.7831325301205, 90.0], [508.0, 243.484126984127], [483.0, 243.484126984127], [306.0, 243.484126984127], [285.0, 243.484126984127], [357.0, 268.070796460177], [305.0, 268.070796460177], [264.0, 268.070796460177], [253.0, 268.070796460177], [253.0, 210.0], [226.0, 210.0], [288.0, 370.0], [288.0, 356.0], [306.5, 77.0], [306.5, 61.0], [288.5, 107.49999999999994], [303.5, 92.49999999999996], [495.0, 291.0], [495.0, 269.0], [559.0, 324.0], [524.0, 324.0], [300.0, 370.0], [204.02392947103274, 243.0], [204.0, 356.0], [224.0, 356.0], [424.0, 356.0], [412.0, 356.0], [412.0125, 326.0], [486.0, 531.0], [469.0, 531.0], [469.40714285714284, 519.0], [458.0, 243.0], [437.0, 243.0], [437.32758620689657, 204.0], [541.9756097560976, 245.9756097560977], [532.0, 258.0], [543.0, 258.0]], "weights": [[1.75], [1.75], [1.75], [1.75], [1.75], [1.75, 1.5], [1.75], [1.75], [1.45], [1.45, 1.4], [1.3], [1.3], [3.5, 0.25], [3.5], [3.7], [3.7, 1.75], [1.5], [1.4], [1.5], [1.5], [1.35], [1.35], [2.45], [2.45], [2.05], [2.05], [0.25], [0.25], [0.25], [0.25], [0.25], [0.25], [0.25], [1.25], [1.25, 1.0, 0.6], [2.75], [2.75], [2.15], [2.15], [1.75], [0.25], [0.25], [1.65], [1.65], [0.7], [0.7], [0.9], [0.9], [0.75], [0.75], [0.25], [0.25], [0.7], [0.7], [3.15, 1.5], [3.15], [1.0], [1.0], [1.4000000000000064], [1.4000000000000064], [1.4], [1.4], [1.0], [0.6], [1.5], [1.35], [1.35, 2.55], [2.55], [1.55], [1.55, 2.15], [2.15], [2.85], [2.85, 1.95], [1.95], [0.75], [0.75, 0.7], [0.7], [1.6999999999999793], [1.6999999999999793, 3.3], [3.3]], "edges": [[1], [0], [3], [2], [5], [4, 16], [7], [6], [9], [8, 17], [11], [10], [13, 28], [12], [15], [14, 39], [5], [9], [19], [18], [21], [20], [23], [22], [25], [24], [27], [26], [12], [30], [29], [32], [31], [34], [33, 62, 63], [36], [35], [38], [37], [15], [41], [40], [43], [42], [45], [44], [47], [46], [49], [48], [51], [50], [53], [52], [55, 64], [54], [57], [56], [59], [58], [61], [60], [34], [34], [54], [66], [65, 67], [66], [69], [68, 70], [69], [72], [71, 73], [72], [75], [74, 76], [75], [78], [77, 79], [78]]}