{"weights": [[1.75], [1.75], [1.75], [1.75], [1.25], [1.25, 1.35], [1.5, 2.65], [1.5], [1.75], [1.75], [1.95], [1.95], [2.0], [2.0, 1.6], [2.35], [2.35], [1.75], [1.75], [1.45], [1.45], [1.45], [1.45, 0.8, 0.8], [1.85], [1.85], [1.5], [1.5, 1.65], [1.65], [0.7], [0.7], [1.25], [1.25], [0.75], [0.75], [2.65], [3.45], [3.45], [1.0], [1.0], [2.5], [2.5], [1.85], [1.85], [1.25], [1.25], [0.5], [0.5], [3.15, 1.4], [3.15], [2.8], [2.8], [1.0], [1.0], [2.8], [2.8], [1.6], [2.250000000000008], [2.250000000000008], [1.2], [1.2], [0.8], [1.75], [1.75], [1.4], [1.35], [3.5], [3.5], [2.6], [2.6], [1.8], [1.8, 2.35], [2.35], [1.85], [1.85, 1.95], [1.95], [0.85], [0.85, 0.7], [0.7], [1.9499999999999793], [1.9499999999999793, 3.2], [3.2], [0.7], [0.7, 0.8]], "edges": [[1], [0], [3], [2], [5], [4, 63], [7, 33], [6], [9], [8], [11], [10], [13], [12, 54], [15], [14], [17], [16], [19], [18], [21], [20, 59, 81], [23], [22], [25], [24, 26], [25], [28], [27], [30], [29], [32], [31], [6], [35], [34], [37], [36], [39], [38], [41], [40], [43], [42], [45], [44], [47, 62], [46], [49], [48], [51], [50], [53], [52], [13], [56], [55], [58], [57], [21], [61], [60], [46], [5], [65], [64], [67], [66], [69], [68, 70], [69], [72], [71, 73], [72], [75], [74, 76], [75], [78], [77, 79], [78], [81], [80, 21]], "vertices": [[622.4968152866242, 344.0], [622.4968152866242, 225.0], [622.494966442953, 532.0], [622.494966442953, 382.0], [204.0, 142.0], [204.0, 47.0], [204.0, 356.0], [204.0, 243.0], [449.0, 104.53030303030303], [431.0, 104.53030303030303], [288.0, 355.67058823529413], [249.0, 355.67058823529413], [622.0, 125.0], [622.0, 47.0], [548.0, 530.5277777777778], [510.0, 530.5277777777778], [622.4851485148515, 201.0], [622.4851485148515, 149.0], [369.8590909090909, 381.0], [369.8590909090909, 329.0], [545.0, 376.0], [545.0, 324.0], [469.4810126582278, 374.0], [469.4810126582278, 354.0], [550.0, 47.0], [524.0, 47.0], [524.0, 70.0], [508.0, 243.45652173913044], [483.0, 243.45652173913044], [204.12121212121212, 219.0], [204.12121212121212, 166.0], [357.0, 268.5098039215686], [305.0, 268.5098039215686], [224.0, 356.0], [526.0, 104.74074074074075], [495.0, 104.74074074074075], [306.0, 243.5121951219512], [285.0, 243.5121951219512], [364.0, 102.0], [364.0, 85.0], [469.96875, 403.0], [469.96875, 391.0], [468.58620689655174, 530.0], [468.58620689655174, 519.0], [253.0, 210.0], [226.0, 210.0], [288.0, 370.0], [288.0, 356.0], [536.0, 111.5], [526.0, 111.5], [306.5, 77.0], [306.5, 61.0], [486.0, 530.0], [469.0, 530.0], [597.0, 47.0], [288.5, 107.49999999999994], [303.5, 92.49999999999996], [495.0, 291.0], [495.0, 269.0], [559.0, 324.0], [524.468085106383, 102.0], [524.468085106383, 90.0], [300.0, 370.0], [220.0, 47.0], [264.0, 264.0], [253.0, 264.0], [362.0, 115.0], [362.0, 105.0], [244.0, 47.0027397260274], [364.0, 47.0], [364.0, 68.0], [424.0, 355.0], [412.0, 355.0], [412.0125, 326.0], [437.32758620689657, 204.0], [437.0, 243.0], [458.0, 243.0], [541.9756097560976, 245.9756097560977], [532.0, 258.0], [543.0, 258.0], [521.2777777777778, 297.0], [522.0, 324.0]]}