{"weights": [[1.0], [1.0], [0.85], [0.85], [0.7], [0.7], [0.85], [0.85], [0.5], [0.5], [1.1], [1.1]], "edges": [[1], [0], [3], [2], [5], [4], [7], [6], [9], [8], [11], [10]], "vertices": [[209.5, 289.0], [209.5, 263.0], [584.5121951219512, 57.0], [584.5121951219512, 36.0], [586.0, 115.0], [586.0, 91.0], [358.0, 299.6], [343.0, 299.6], [253.0, 318.0], [253.0, 307.0], [550.0, 207.0], [536.0, 207.0]]}