{"vertices": [[209.5, 289.0], [209.5, 263.0], [585.0615384615385, 57.0], [585.0615384615385, 36.0], [585.0615384615385, 115.0], [585.0615384615385, 91.0], [358.0, 299.6], [343.0, 299.6], [253.0, 318.0], [253.0, 307.0], [550.0, 207.0], [536.0, 207.0]], "weights": [[1.0], [1.0], [0.65], [0.65], [0.6], [0.6], [0.85], [0.85], [0.5], [0.5], [0.9], [0.9]], "edges": [[1], [0], [3], [2], [5], [4], [7], [6], [9], [8], [11], [10]]}