{"vertices": [[650.0, 404.0], [650.0, 67.0], [244.5030303030303, 245.0], [244.5030303030303, 162.0], [480.0, 66.63247863247864], [466.0, 66.63247863247864], [650.0, 66.63247863247864], [592.0, 66.63247863247864], [406.0, 67.0], [392.0, 67.0], [443.0, 66.63247863247864], [428.0, 66.63247863247864], [516.0, 66.63247863247864], [504.0, 66.63247863247864], [392.0, 309.0], [392.0, 254.0], [392.0, 91.0], [391.8633540372671, 215.0], [391.8633540372671, 203.0], [203.63888888888889, 308.0], [203.63888888888889, 244.0], [518.0, 309.0], [518.0, 254.0], [356.0, 308.2372093023256], [286.0, 308.2372093023256], [257.0, 308.0], [204.0, 308.0], [377.0, 108.9375], [354.0, 108.9375], [391.0, 83.0], [367.0, 83.0], [620.0, 404.0], [405.0, 254.0], [480.0, 253.8181818181818], [466.0, 253.8181818181818], [442.0, 253.8181818181818], [428.0, 253.8181818181818], [518.0, 253.8181818181818], [503.0, 253.8181818181818], [570.0, 215.3953488372093], [560.0, 215.3953488372093], [346.0, 215.3953488372093], [329.0, 215.3953488372093], [367.0, 107.0], [257.0, 261.0], [257.0, 246.0], [257.0, 290.0], [648.0, 161.0], [638.0, 161.0], [558.5, 309.0], [558.0, 404.0], [588.0, 404.0], [272.0, 135.375], [326.0, 135.0], [326.0, 152.0]], "weights": [[0.75, 0.5], [0.75], [0.75], [0.75], [0.6], [0.6], [1.0], [1.0], [0.95], [0.95, 5.05], [0.75], [0.75], [0.75], [0.75], [0.45], [0.45, 0.5], [5.05], [0.75], [0.75], [0.95], [0.95], [0.9], [0.9], [0.45], [0.45], [1.6, 0.8], [1.6], [7.55], [7.55], [8.05], [8.05, 5.35], [0.5], [0.5], [0.5], [0.5], [0.5], [0.5], [1.2], [1.2], [0.5], [0.5], [0.95], [0.95], [5.35], [0.9], [0.9], [0.8], [1.6], [1.6], [1.3], [1.3, 0.5], [0.5], [0.7], [0.7, 0.75], [0.75]], "edges": [[1, 31], [0], [3], [2], [5], [4], [7], [6], [9], [8, 16], [11], [10], [13], [12], [15], [14, 32], [9], [18], [17], [20], [19], [22], [21], [24], [23], [26, 46], [25], [28], [27], [30], [29, 43], [0], [15], [34], [33], [36], [35], [38], [37], [40], [39], [42], [41], [30], [45], [44], [25], [48], [47], [50], [49, 51], [50], [53], [52, 54], [53]]}