{"weights": [[0.75, 0.6], [0.75], [0.85], [0.85], [0.65], [0.65], [0.8], [0.8, 0.5], [1.05], [1.05], [0.75], [0.75], [1.55], [1.55], [2.9], [2.9, 1.5], [0.5], [0.5], [1.5], [1.5], [1.5], [7.05], [7.05, 4.75], [0.5], [0.7], [0.7], [1.1, 1.0], [1.1], [0.5], [0.5], [4.75], [0.75], [0.75], [0.6], [1.2], [1.2], [0.5], [0.5], [0.5], [0.5], [1.3], [1.3], [0.5], [0.5], [1.0], [1.45], [1.45], [1.3], [1.3], [1.1], [1.1, 0.5], [0.5], [0.65], [0.65, 1.0], [1.0]], "edges": [[1, 33], [0], [3], [2], [5], [4], [7], [6, 23], [9], [8], [11], [10], [13], [12], [15], [14, 18], [17], [16], [15], [20], [19], [22], [21, 30], [7], [25], [24], [27, 44], [26], [29], [28], [22], [32], [31], [0], [35], [34], [37], [36], [39], [38], [41], [40], [43], [42], [26], [46], [45], [48], [47], [50], [49, 51], [50], [53], [52, 54], [53]], "vertices": [[650.0, 404.0], [650.0, 67.0], [244.5030303030303, 245.0], [244.5030303030303, 162.0], [480.0, 66.53846153846153], [466.0, 66.53846153846153], [391.0, 309.0], [391.0, 254.0], [650.0, 66.70769230769231], [592.0, 66.70769230769231], [203.63888888888889, 308.0], [203.63888888888889, 244.0], [518.0, 309.0], [518.0, 254.0], [406.0, 67.0], [393.0, 67.0], [356.0, 309.0], [286.0, 309.0], [393.0, 91.0], [377.0, 108.9375], [354.0, 108.9375], [391.0, 83.0], [367.0, 83.0], [405.0, 254.0], [443.0, 66.53571428571429], [428.0, 66.53571428571429], [257.0, 308.0], [204.0, 308.0], [570.0, 215.0], [560.0, 215.0], [367.0, 107.0], [516.0, 66.52173913043478], [504.0, 66.52173913043478], [620.0, 404.0], [346.0, 215.5151515151515], [329.0, 215.5151515151515], [257.0, 261.0], [257.0, 246.0], [480.0, 254.0], [466.0, 254.0], [391.5, 215.0], [391.5, 203.0], [442.0, 254.0], [428.0, 254.0], [257.0, 290.0], [518.0, 253.52], [503.0, 253.52], [648.0, 161.0], [638.0, 161.0], [558.5, 309.0], [558.0, 404.0], [588.0, 404.0], [272.0, 135.375], [326.0, 135.0], [326.0, 152.0]]}