{"vertices": [[330.5154867256637, 479.0], [330.5154867256637, 260.0], [330.5154867256637, 168.0], [330.5154867256637, 154.0], [194.0, 190.0], [194.0, 21.0], [498.0, 478.6544240400668], [407.0, 478.6544240400668], [622.0, 478.6544240400668], [533.0, 478.6544240400668], [372.0, 479.0], [331.0, 479.0], [585.0, 225.0], [585.0, 190.0], [585.196261682243, 360.0], [585.196261682243, 337.0], [585.196261682243, 434.0], [585.196261682243, 411.0], [393.4873949579832, 199.0], [393.4873949579832, 109.0], [393.0, 55.0], [393.0, 21.0], [700.0, 190.0], [142.0, 190.0], [277.0, 226.0], [277.0, 170.0], [277.0, 169.75824175824175], [196.0, 169.75824175824175], [333.0, 226.0], [699.0, 294.2291666666667], [618.0, 294.2291666666667], [284.0, 445.453125], [253.0, 445.453125], [205.0, 445.453125], [177.0, 445.453125], [162.0, 445.453125], [142.0, 445.453125], [699.0, 359.5238095238095], [671.0, 359.5238095238095], [248.0, 77.0], [248.0, 22.0], [142.0, 228.0], [655.0, 317.0], [655.0, 295.0], [698.0, 242.5], [680.0, 242.5], [479.5, 296.0], [479.5, 281.0], [211.0, 77.0], [196.0, 77.0], [233.0, 77.0], [363.3414634146341, 421.0], [363.3414634146341, 407.0], [363.3414634146341, 330.0], [363.3414634146341, 316.0], [615.5185185185185, 238.0], [615.5185185185185, 224.0], [313.0, 192.0], [313.0, 178.0], [215.0, 127.52777777777777], [196.0, 127.52777777777777], [628.5185185185185, 416.0], [628.5185185185185, 402.0], [700.0, 478.0], [658.0, 478.6544240400668], [585.196261682243, 262.0], [585.0, 294.0], [574.0, 294.2291666666667]], "weights": [[0.75], [0.75], [0.5], [0.5], [1.25, 1.0], [1.25, 1.05], [2.15], [2.15], [0.95], [0.95], [1.25], [1.25], [2.05], [2.05, 1.45], [0.65], [0.65], [0.55], [0.55], [0.85], [0.85], [0.7], [0.7, 1.05], [1.45, 0.75], [1.0, 0.5], [0.85, 1.6], [0.85], [1.65], [1.65], [1.6], [0.7], [0.7], [0.6], [0.6], [0.75], [0.75], [0.65], [0.65], [1.5], [1.5], [0.5, 0.5], [0.5], [0.5], [0.9], [0.9], [1.1], [1.1], [1.5], [1.5], [0.5], [0.5], [0.5], [0.5], [0.5], [0.25], [0.25], [0.8], [0.8], [0.5], [0.5], [0.7], [0.7], [0.85], [0.85], [0.75, 0.95], [0.95], [0.75], [0.75, 0.9], [0.9]], "edges": [[1], [0], [3], [2], [5, 23], [4, 21], [7], [6], [9], [8], [11], [10], [13], [12, 22], [15], [14], [17], [16], [19], [18], [21], [20, 5], [13, 63], [4, 41], [25, 28], [24], [27], [26], [24], [30], [29], [32], [31], [34], [33], [36], [35], [38], [37], [40, 50], [39], [23], [43], [42], [45], [44], [47], [46], [49], [48], [39], [52], [51], [54], [53], [56], [55], [58], [57], [60], [59], [62], [61], [22, 64], [63], [66], [65, 67], [66]]}