{"weights": [[2.15, 0.85], [2.15, 1.5], [1.5], [1.5, 2.1], [1.25], [1.25], [0.85], [1.5, 2.5], [1.5], [1.25], [1.25], [1.55], [1.55], [1.5], [1.5], [1.5], [1.5], [1.25], [1.25], [1.5], [1.25, 1.9], [1.25, 1.2], [1.25], [1.25], [1.25], [1.25], [1.85], [1.85], [1.9], [1.95, 1.4], [1.95], [1.25], [1.25], [3.25, 1.7], [3.25, 1.6], [1.2], [0.85], [0.85], [1.5], [1.5], [1.25], [1.25], [1.7], [1.5], [1.5], [1.1], [1.1], [0.9], [0.9], [2.05], [2.05], [2.1], [1.2], [1.2], [1.6, 6.05], [1.6], [1.6], [2.5], [2.5], [1.2, 3.45], [1.2], [1.05], [1.05], [1.4], [1.05], [1.05], [2.4], [2.4], [1.1], [1.1], [1.1], [1.1], [1.1], [1.1], [3.45, 1.25], [1.25], [2.05], [2.05, 1.5], [1.5], [1.15], [1.15, 1.75], [1.75], [1.4], [1.4, 1.35], [1.35], [6.05, 2.0], [2.0], [2.5, 1.5], [1.5]], "edges": [[1, 6], [0, 19], [3], [2, 51], [5], [4], [0], [8, 87], [7], [10], [9], [12], [11], [14], [13], [16], [15], [18], [17], [1], [21, 28], [20, 35], [23], [22], [25], [24], [27], [26], [20], [30, 63], [29], [32], [31], [34, 42], [33, 56], [21], [37], [36], [39], [38], [41], [40], [33], [44], [43], [46], [45], [48], [47], [50], [49], [3], [53], [52], [55, 85], [54], [34], [58], [57], [60, 74], [59], [62], [61], [29], [65], [64], [67], [66], [69], [68], [71], [70], [73], [72], [59, 75], [74], [77], [76, 78], [77], [80], [79, 81], [80], [83], [82, 84], [83], [54, 86], [85], [7, 88], [87]], "vertices": [[661.0, 246.0], [139.0, 246.0], [297.0, 244.0], [297.0, 38.0], [346.99818511796735, 513.0], [346.99818511796735, 329.0], [661.0, 304.0], [225.0, 516.0], [225.0, 355.0], [661.9941176470588, 453.0], [661.9941176470588, 339.0], [618.0031847133758, 453.0], [618.0031847133758, 348.0], [489.0, 244.0], [489.0, 38.0], [503.0, 244.0], [503.0, 36.0], [139.00934579439252, 454.0], [139.00934579439252, 346.0], [139.0, 313.0], [305.0, 330.0], [256.0, 330.0], [544.9864864864865, 273.0], [544.9864864864865, 248.0], [182.9968152866242, 454.0], [182.9968152866242, 349.0], [421.0, 37.50306748466258], [379.0, 37.50306748466258], [305.0, 249.0], [483.0, 516.0], [454.0, 516.0], [495.9655172413793, 330.0], [495.9655172413793, 248.0], [274.0, 176.0], [274.0, 142.0], [256.0, 300.0], [195.4909090909091, 277.0], [195.4909090909091, 249.0], [616.0, 369.0], [578.0, 369.0], [256.0135135135135, 276.0], [256.0135135135135, 251.0], [295.0, 176.0], [223.0, 369.0], [185.0, 369.0], [334.0, 296.0], [334.0, 277.0], [318.0, 296.0], [318.0, 285.0], [168.0, 302.2844827586207], [141.0, 302.2844827586207], [322.0, 38.0], [260.5263157894737, 412.0], [260.5263157894737, 392.0], [527.0, 142.0], [505.0, 142.0], [295.0, 142.0], [489.0, 37.5], [477.0, 37.5], [535.0, 516.0], [535.0, 496.0], [606.5094339622641, 276.0], [606.5094339622641, 249.0], [483.0, 496.0], [491.5405405405405, 414.0], [491.5405405405405, 394.0], [540.9824561403509, 414.0], [540.9824561403509, 394.0], [351.5, 296.0], [351.5, 285.0], [278.5416666666667, 412.0], [278.5416666666667, 399.0], [509.5, 413.0], [509.5, 403.0], [576.0, 516.0], [576.1988527724666, 357.0], [386.0, 516.0], [318.0, 516.0], [318.5, 496.0], [454.4396984924623, 324.0], [454.0, 515.0], [415.0, 515.5133333333333], [496.0, 330.0], [544.0, 330.0], [544.9897959183673, 295.0], [527.0, 175.0], [505.0, 175.5], [266.0, 516.0], [266.5, 496.0]]}