{"weights": [[1.55, 0.8], [1.55, 0.75], [0.85], [0.85], [1.25], [1.25, 1.25], [0.9], [0.9], [1.2], [1.2], [1.25, 0.8], [0.85, 1.0], [0.85], [0.75, 0.75], [0.75], [0.6], [0.6], [1.55], [1.55], [0.9], [0.9], [1.0], [0.7], [0.7], [0.7], [0.7], [0.75], [0.75], [0.8, 0.5], [1.7], [1.7], [3.5, 0.5], [3.5], [0.5], [0.6], [0.6], [1.3], [1.3], [0.5], [0.5], [1.5], [1.5], [0.5], [0.5], [0.8], [0.8], [0.85], [0.85], [0.65], [0.65], [1.9], [1.9], [0.5], [0.5], [0.7], [0.7], [0.5], [0.75], [0.75], [1.0], [1.0, 1.5], [1.5], [0.8, 0.75], [0.75], [1.1], [1.1, 1.3], [1.3]], "edges": [[1, 28], [0, 13], [3], [2], [5], [4, 10], [7], [6], [9], [8], [5, 62], [12, 21], [11], [1, 14], [13], [16], [15], [18], [17], [20], [19], [11], [23], [22], [25], [24], [27], [26], [0, 33], [30], [29], [32, 56], [31], [28], [35], [34], [37], [36], [39], [38], [41], [40], [43], [42], [45], [44], [47], [46], [49], [48], [51], [50], [53], [52], [55], [54], [31], [58], [57], [60], [59, 61], [60], [10, 63], [62], [65], [64, 66], [65]], "vertices": [[194.0, 191.0], [194.0, 21.0], [498.0, 478.6592920353982], [407.0, 478.6592920353982], [585.0, 225.0], [585.0, 190.0], [393.5, 199.0], [393.5, 109.0], [622.0, 478.5], [533.0, 478.5], [700.0, 190.0], [277.0, 226.0], [277.0, 170.0], [393.0, 21.0], [393.0, 55.0], [331.0, 168.0], [331.0, 154.0], [277.0, 169.75824175824175], [196.0, 169.75824175824175], [585.0, 360.0], [585.0, 337.0], [333.0, 226.0], [699.0, 294.3467741935484], [618.0, 294.3467741935484], [284.0, 445.5660377358491], [253.0, 445.5660377358491], [205.0, 445.5090909090909], [177.0, 445.5090909090909], [142.0, 191.0], [699.0, 359.5238095238095], [671.0, 359.5238095238095], [248.0, 77.0], [248.0, 22.0], [142.0, 228.0], [655.0, 317.0], [655.0, 295.0], [698.0, 242.5], [680.0, 242.5], [585.0, 434.0], [585.0, 411.0], [479.5, 296.0], [479.5, 281.0], [211.0, 77.0], [196.0, 77.0], [162.0, 445.0], [142.0, 445.0], [362.48148148148147, 421.0], [362.48148148148147, 407.0], [615.5185185185185, 238.0], [615.5185185185185, 224.0], [365.0, 330.0], [365.0, 316.0], [313.0, 192.0], [313.0, 178.0], [215.0, 127.52777777777777], [196.0, 127.52777777777777], [233.0, 77.0], [628.5185185185185, 416.0], [628.5185185185185, 402.0], [330.5, 260.0], [330.0, 479.0], [372.0, 479.0], [700.0, 478.0], [658.0, 478.4533333333333], [585.5, 262.0], [585.0, 293.0], [574.0, 293.5]]}