{"vertices": [[662.0, 246.0], [139.0, 246.0], [453.0, 515.5074468085106], [415.0, 515.5074468085106], [299.0, 244.0], [299.0, 38.0], [299.22222222222223, 329.0], [299.22222222222223, 249.0], [347.17102966841185, 513.0], [347.17102966841185, 329.0], [347.17102966841185, 296.0], [347.17102966841185, 285.0], [662.0, 304.0], [661.7463312368973, 453.0], [661.7463312368973, 339.0], [225.0, 515.0], [225.0, 355.0], [618.0031847133758, 453.0], [618.0031847133758, 348.0], [491.0, 244.0], [491.0, 38.0], [490.5031847133758, 330.0], [490.5031847133758, 248.0], [490.5031847133758, 414.0], [490.5031847133758, 394.0], [503.20186335403724, 244.0], [503.20186335403724, 36.0], [503.20186335403724, 413.0], [503.20186335403724, 403.0], [139.0058365758755, 454.0], [139.0058365758755, 346.0], [139.0, 313.0], [309.0, 330.0], [257.0, 330.0], [542.9198473282443, 273.0], [542.9198473282443, 248.0], [542.9198473282443, 513.0], [542.9198473282443, 496.0], [542.9198473282443, 414.0], [542.9198473282443, 394.0], [182.9968152866242, 454.0], [182.9968152866242, 349.0], [421.0, 37.501831501831504], [379.0, 37.501831501831504], [322.0, 38.0], [491.0, 37.501831501831504], [477.0, 37.501831501831504], [273.0, 176.0], [273.0, 142.0], [272.5968992248062, 412.0], [272.5968992248062, 399.0], [527.9098360655738, 516.0], [527.9098360655738, 497.0], [256.8917525773196, 330.0], [256.8917525773196, 300.0], [256.8917525773196, 276.0], [256.8917525773196, 251.0], [256.8917525773196, 412.0], [256.8917525773196, 392.0], [195.4909090909091, 277.0], [195.4909090909091, 249.0], [616.0, 369.0], [578.0, 369.0], [223.0, 369.0], [185.0, 369.0], [295.0, 176.0], [334.0, 296.0], [334.0, 277.0], [318.3777777777778, 296.0], [318.3777777777778, 285.0], [168.0, 302.2844827586207], [141.0, 302.2844827586207], [528.0, 142.0], [505.0, 142.0], [295.0, 142.0], [606.5094339622641, 276.0], [606.5094339622641, 249.0], [528.0, 516.0], [576.0, 516.0], [576.1988527724666, 357.0], [386.0, 516.0], [318.0, 516.0], [318.3777777777778, 496.0], [490.5031847133758, 496.0], [490.0, 515.0], [272.0, 515.0], [272.5968992248062, 496.0], [454.4396984924623, 324.0], [454.0, 515.0], [491.0, 330.0], [542.0, 330.0], [542.9198473282443, 295.0], [528.0, 175.0], [505.0, 175.71428571428572]], "weights": [[1.45, 1.25], [1.45, 1.4], [2.05], [2.05], [0.3], [0.3, 1.8], [0.25], [0.25], [1.25], [1.25], [0.25], [0.25], [1.25], [1.25], [1.25], [1.6, 2.35], [1.6], [1.35], [1.35], [0.25], [0.25], [0.25], [0.25], [0.5], [0.5], [1.35], [1.35], [0.4], [0.4], [1.25], [1.25], [1.4], [1.45], [1.45], [0.5], [0.5], [0.25], [0.25], [0.3], [0.3], [1.35], [1.35], [1.95], [1.95], [1.8], [1.4], [1.4], [0.5, 1.65], [0.5, 1.5], [0.25], [0.25], [0.25], [0.25], [1.25], [1.25], [1.25], [1.25], [0.25], [0.25], [0.7], [0.7], [1.7], [1.7], [1.5], [1.5], [1.65], [1.4], [1.4], [0.5], [0.5], [2.45], [2.45], [1.7, 1.25], [1.7], [1.5], [1.05], [1.05], [1.75], [1.75, 1.45], [1.45], [1.85], [1.85, 1.05], [1.05], [0.25], [0.25, 2.05], [2.35, 0.25], [0.25], [0.85], [0.85, 2.05], [1.55], [1.55, 0.5], [0.5], [1.25, 1.75], [1.75]], "edges": [[1, 12], [0, 31], [3], [2], [5], [4, 44], [7], [6], [9], [8], [11], [10], [0], [14], [13], [16, 85], [15], [18], [17], [20], [19], [22], [21], [24], [23], [26], [25], [28], [27], [30], [29], [1], [33], [32], [35], [34], [37], [36], [39], [38], [41], [40], [43], [42], [5], [46], [45], [48, 65], [47, 74], [50], [49], [52], [51], [54], [53], [56], [55], [58], [57], [60], [59], [62], [61], [64], [63], [47], [67], [66], [69], [68], [71], [70], [73, 92], [72], [48], [76], [75], [78], [77, 79], [78], [81], [80, 82], [81], [84], [83, 88], [15, 86], [85], [88], [87, 84], [90], [89, 91], [90], [72, 93], [92]]}