{"vertices": [[173.0, 411.0], [173.0, 21.0], [395.0, 21.005740528128587], [245.0, 21.005740528128587], [581.0, 21.005740528128587], [431.0, 21.005740528128587], [203.0, 21.0], [405.0, 338.0], [405.0, 200.0], [404.6465753424658, 379.0], [404.6465753424658, 353.0], [404.6465753424658, 112.0], [404.6465753424658, 86.0], [404.6465753424658, 458.0], [404.6465753424658, 444.0], [530.0, 411.0235602094241], [452.0, 411.0235602094241], [374.0, 411.0], [352.0, 411.0], [218.0, 411.0], [256.0, 256.0], [242.0, 256.0], [572.0, 256.0], [556.0, 256.0], [269.8691437802908, 271.0], [269.8691437802908, 245.0], [420.42753623188406, 460.0], [420.42753623188406, 442.0], [420.42753623188406, 112.0], [420.42753623188406, 89.0], [420.42753623188406, 377.0], [420.42753623188406, 363.0], [459.0, 443.0], [448.0, 443.0], [487.0, 69.0576923076923], [476.0, 69.0576923076923], [591.0, 69.0], [571.0, 69.0], [472.0, 69.0], [459.0, 69.0], [655.0, 529.4130052724078], [640.0, 529.4130052724078], [342.0, 529.4130052724078], [328.0, 529.4130052724078], [498.0, 529.4130052724078], [484.0, 529.4130052724078], [186.0, 529.4130052724078], [170.0, 529.4130052724078], [186.0, 521.7943037974684], [170.0, 521.7943037974684], [498.0, 521.7943037974684], [484.0, 521.7943037974684], [342.0, 521.7943037974684], [328.0, 521.7943037974684], [655.0, 521.7943037974684], [640.0, 521.7943037974684], [385.3076923076923, 115.0], [385.3076923076923, 73.0], [385.0, 467.0], [385.0, 443.0], [300.0, 171.0], [270.0, 141.0], [352.0, 224.0], [334.23425196850394, 205.76574803149606], [459.0, 459.0], [459.0, 102.0], [556.0, 242.0], [539.0, 242.0], [429.5686274509804, 384.0], [429.5686274509804, 371.0], [429.5686274509804, 458.0], [429.5686274509804, 443.0], [205.0, 140.52444444444444], [176.0, 140.52444444444444], [374.7185628742515, 170.28143712574848], [538.68125, 88.0], [538.68125, 62.0], [539.0, 258.0], [506.12264150943395, 258.0], [506.12264150943395, 232.0], [322.7610294117647, 147.76102941176475], [284.29545454545456, 91.0], [284.29545454545456, 74.0], [284.29545454545456, 271.0], [284.29545454545456, 257.0], [556.0, 88.0], [556.0, 69.0], [607.0, 88.0], [591.0, 88.0], [571.0, 88.0], [256.0, 271.0], [448.0, 459.0], [527.0, 86.0], [527.0, 73.0], [242.0, 271.0], [623.0, 21.005740528128587], [653.0, 21.0], [295.0, 411.0235602094241], [608.0, 411.0235602094241], [653.0, 411.0], [269.8691437802908, 24.0], [269.0, 140.0], [237.0, 140.52444444444444]], "weights": [[2.5, 2.35], [2.5, 2.75], [3.0], [3.0], [2.75], [2.75], [2.75], [1.75], [1.75, 1.750000000000012], [0.4], [0.4], [0.25], [0.25], [0.25], [0.25], [2.35], [2.35], [2.35], [2.35, 2.3, 2.25], [2.35], [3.8, 0.5], [3.8, 0.25], [0.25], [0.25, 0.25], [0.4], [0.4], [0.75], [0.75], [0.25], [0.25], [0.25], [0.25], [3.4, 0.25], [3.4, 1.1], [2.6], [2.6], [0.25, 0.25], [0.25, 0.5], [2.75], [2.75, 0.5], [7.35], [7.35], [6.25], [6.25], [7.25], [7.25], [6.65], [6.65], [7.45], [7.45], [7.05], [7.05], [7.25], [7.25], [7.75], [7.75], [1.25], [1.25], [1.15], [1.15], [4.950000000000012, 1.5], [4.950000000000012], [1.8500000000000132, 2.3], [1.8500000000000132], [0.25], [0.5], [3.1, 0.25], [3.1, 0.25], [0.7], [0.7], [0.65], [0.65], [1.95], [1.95], [1.750000000000012], [0.25], [0.25], [0.25], [0.25], [0.25], [1.5], [0.55], [0.55], [0.75], [0.75], [0.25], [0.25], [2.7], [2.7, 0.25], [0.5], [0.5], [1.1], [1.4], [1.4], [0.25], [2.25], [2.25, 2.75], [2.25], [2.55], [2.55, 2.75], [2.25], [2.25, 1.75], [1.75]], "edges": [[1, 19], [0, 6], [3], [2], [5], [4], [1], [8], [7, 74], [10], [9], [12], [11], [14], [13], [16], [15], [18], [17, 62, 97], [0], [21, 90], [20, 94], [23], [22, 66], [25], [24], [27], [26], [29], [28], [31], [30], [33, 64], [32, 91], [35], [34], [37, 88], [36, 89], [39], [38, 65], [41], [40], [43], [42], [45], [44], [47], [46], [49], [48], [51], [50], [53], [52], [55], [54], [57], [56], [59], [58], [61, 80], [60], [63, 18], [62], [32], [39], [67, 23], [66, 77], [69], [68], [71], [70], [73], [72], [8], [76], [75], [67], [79], [78], [60], [82], [81], [84], [83], [86], [85], [88], [87, 36], [37], [20], [33], [93], [92], [21], [96], [95, 99], [18], [99], [98, 96], [101], [100, 102], [101]]}