{"weights": [[2.5, 2.25], [2.5, 2.65], [2.5, 2.75], [2.5], [2.15], [2.15], [1.75], [1.75, 1.4500000000000117], [0.25], [0.25], [2.25], [2.25], [2.25], [2.25], [1.1999999999999944], [1.1999999999999944, 1.0], [2.15], [2.15, 1.75, 2.15], [2.25], [0.25], [0.25], [1.05], [1.05], [3.9, 0.7], [3.9, 1.2], [2.5, 0.5], [2.5, 1.15], [7.25], [7.25], [7.85], [7.85], [1.25], [1.25], [1.95000000000001, 6.750000000000009], [1.95000000000001], [7.05], [7.05], [3.8, 0.25], [3.8, 1.05], [6.85], [6.85], [0.7], [3.3, 0.25], [3.3, 0.25], [1.55], [1.55], [0.35], [0.35], [1.75], [1.75], [1.4500000000000117], [3.05], [3.05], [7.65], [7.65], [1.7], [1.7], [0.25], [0.25], [0.25], [0.25], [2.1], [2.1, 2.65], [0.25], [1.8], [1.8, 0.25], [6.750000000000009], [1.5], [1.5], [1.8500000000000127, 1.75], [1.8500000000000127], [0.7], [0.7], [0.25], [0.25], [0.25], [1.05], [0.8], [0.8], [2.7], [2.7, 0.25], [0.5], [2.65], [0.25], [2.65], [1.2], [1.15], [8.0], [8.0], [1.4], [1.4], [0.25], [0.25], [1.1], [1.1], [1.0], [1.0], [1.0], [2.75, 2.55], [2.55], [2.15], [1.85], [1.85, 1.65], [1.65]], "edges": [[1, 18], [0, 82], [3, 98], [2], [5], [4], [7], [6, 50], [9], [8], [11], [10], [13], [12], [15], [14, 97], [17], [16, 69, 100], [0], [20], [19], [22], [21], [24, 41], [23, 85], [26, 81], [25, 86], [28], [27], [30], [29], [32], [31], [34, 66], [33], [36], [35], [38, 63], [37, 76], [40], [39], [23], [43, 65], [42, 73], [45], [44], [47], [46], [49], [48], [7], [52], [51], [54], [53], [56], [55], [58], [57], [60], [59], [62], [61, 84], [37], [65], [64, 42], [33], [68], [67], [70, 17], [69], [72], [71], [43], [75], [74], [38], [78], [77], [80], [79, 83], [25], [1], [80], [62], [24], [26], [88], [87], [90], [89], [92], [91], [94], [93], [96], [95], [15], [2, 99], [98], [17], [102], [101, 103], [102]], "vertices": [[173.0, 411.0], [173.0, 21.0], [653.0, 21.0], [623.0, 21.0], [395.0, 21.008141112618723], [245.0, 21.008141112618723], [405.0, 338.0], [405.0, 201.0], [404.031746031746, 378.0], [404.031746031746, 353.0], [581.0, 21.008141112618723], [431.0, 21.008141112618723], [530.0, 411.0184210526316], [452.0, 411.0184210526316], [258.0, 254.0], [238.0, 254.0], [374.0, 411.0], [352.0, 411.0], [218.0, 411.0], [414.1333333333333, 460.0], [414.1333333333333, 442.0], [402.4, 112.0], [402.4, 86.0], [457.0, 443.0], [448.0, 443.0], [570.0, 71.0], [553.0, 71.0], [655.0, 529.4285714285714], [640.0, 529.4285714285714], [186.0, 526.0130434782609], [170.0, 526.0130434782609], [385.98387096774195, 115.0], [385.98387096774195, 73.0], [300.0, 171.0], [270.0, 141.0], [342.0, 526.9064039408867], [328.0, 526.9064039408867], [396.0, 443.0], [382.0, 443.0], [498.0, 526.8737864077669], [484.0, 526.8737864077669], [457.0, 459.0], [555.0, 242.0], [539.0, 242.0], [428.4583333333333, 384.0], [428.4583333333333, 371.0], [423.02564102564105, 112.0], [423.02564102564105, 89.0], [205.0, 140.52678571428572], [176.0, 140.52678571428572], [374.7185628742515, 170.28143712574848], [487.0, 68.49230769230769], [476.0, 68.49230769230769], [655.0, 521.6470588235294], [640.0, 521.6470588235294], [397.0, 379.0], [397.0, 354.0], [538.6145833333334, 88.0], [538.6145833333334, 62.0], [506.12264150943395, 258.0], [506.12264150943395, 232.0], [460.0, 102.0], [460.0, 69.0], [396.0, 458.0], [572.0, 259.0], [555.0, 259.0], [322.7610294117647, 147.76102941176475], [591.0, 71.5], [578.0, 71.5], [352.0, 224.0], [334.2252747252747, 205.7747252747253], [284.0, 91.0], [284.0, 74.0], [539.0, 258.0], [263.4634146341463, 271.0], [263.4634146341463, 245.0], [382.0, 467.0], [430.55555555555554, 458.0], [430.55555555555554, 443.0], [607.0, 88.0], [591.0, 88.0], [570.0, 88.0], [203.0, 21.0], [591.0, 72.0], [472.0, 69.0], [448.0, 459.0], [553.0, 88.0], [185.0, 534.0], [171.0, 534.0], [527.0, 86.0], [527.0, 73.0], [280.52830188679246, 271.0], [280.52830188679246, 255.0], [417.0, 375.0], [417.0, 364.0], [248.5, 271.0], [248.5, 258.0], [238.0, 271.0], [653.0, 411.0], [608.0, 411.0194174757282], [295.0, 411.0186567164179], [269.87269372693726, 24.0], [269.0, 140.0], [237.0, 140.52212389380531]]}