{"vertices": [[106.34896810506567, 182.0], [106.34896810506567, 172.0], [454.12866817155754, 416.0], [454.12866817155754, 276.0], [666.0, 425.0], [666.0, 317.0], [444.0, 174.49667405764967], [380.0, 174.49667405764967], [295.0, 174.49667405764967], [176.0, 174.49667405764967], [523.5, 508.0], [523.5, 494.0], [325.0, 287.0], [280.0, 287.0], [385.0, 287.0], [354.0, 287.0], [452.0, 287.0], [429.0, 287.0], [246.0, 316.93909626719056], [108.0, 316.93909626719056], [390.0, 317.0], [333.0, 317.0], [452.0, 316.93909626719056], [429.0, 316.93909626719056], [687.0, 317.0], [455.0, 457.2236842105263], [431.0, 457.2236842105263], [349.0, 457.2236842105263], [335.0, 457.2236842105263], [687.0, 272.0], [567.0, 217.23456790123456], [525.0, 217.23456790123456], [111.0, 217.0], [85.0, 217.0], [331.0, 348.0], [281.0, 348.0], [85.0, 272.0], [280.0, 348.0], [354.0, 315.0], [111.0, 272.0], [666.0, 272.0], [488.9756097560976, 344.0], [488.9756097560976, 316.0], [455.0, 508.0], [430.0, 508.0], [548.0, 508.0], [524.0, 508.0], [464.0, 497.5], [453.0, 497.5], [333.0, 539.0], [304.0, 539.0253164556962], [106.34896810506567, 307.0], [106.0, 539.0], [135.0, 539.0], [666.0, 217.0], [623.0, 217.23456790123456], [478.0, 174.49667405764967], [524.0, 174.0], [587.0, 457.2236842105263], [547.0, 457.0], [524.0, 457.2236842105263], [547.9935483870968, 508.0], [414.0, 457.2236842105263], [430.0, 457.0], [498.0, 272.06470588235294], [524.0, 272.0]], "weights": [[1.0], [1.0], [1.45], [1.45], [1.25], [1.25, 0.25], [0.75], [0.75], [0.75], [0.75], [1.4], [1.4], [1.6], [1.6, 1.0], [1.6], [1.6, 4.7], [1.6], [1.6], [0.75], [0.75], [1.05], [1.05, 1.15], [0.85], [0.85], [0.25, 2.5], [1.15], [1.15], [0.25], [0.25], [2.5, 0.25], [0.5], [0.5], [0.95], [0.95, 1.25], [0.75], [0.75], [1.25, 2.05], [1.0], [4.7], [2.05], [0.25, 1.5], [1.25], [1.25], [1.5], [1.5, 1.05], [1.35], [1.35], [2.3], [2.3], [1.15, 1.25], [1.25], [0.95], [0.95, 1.35], [1.35], [1.5, 0.5], [0.5], [0.75], [0.75, 1.0], [0.5], [0.5, 0.5, 1.25], [0.5], [1.25], [0.25], [0.25, 1.05], [0.25], [0.25, 1.0]], "edges": [[1], [0], [3], [2], [5], [4, 24], [7], [6], [9], [8], [11], [10], [13], [12, 37], [15], [14, 38], [17], [16], [19], [18], [21], [20, 49], [23], [22], [5, 29], [26], [25], [28], [27], [24, 40], [31], [30], [33], [32, 36], [35], [34], [33, 39], [13], [15], [36], [29, 54], [42], [41], [44], [43, 63], [46], [45], [48], [47], [21, 50], [49], [52], [51, 53], [52], [40, 55], [54], [57], [56, 65], [59], [58, 60, 61], [59], [59], [63], [62, 44], [65], [64, 57]]}