{"weights": [[1.35], [1.35], [1.25], [1.25, 1.75], [0.75], [0.75], [0.75], [0.75], [1.25], [1.25, 1.1], [0.75], [0.75], [0.75], [0.75], [1.05], [1.05, 1.05], [1.35, 1.75], [1.35, 1.7], [7.05], [7.05], [1.25, 1.95], [1.25, 1.25], [1.1], [1.25], [1.25, 1.0], [1.1], [1.1], [1.25], [1.25], [1.0], [1.95], [1.25], [1.25], [0.7], [0.7], [2.8], [2.8, 1.05], [1.7, 1.5], [1.65], [1.65], [1.25], [4.8], [4.8], [1.3], [1.3], [1.5], [1.5], [1.4], [1.4], [1.05, 1.45], [1.45], [0.75], [0.75, 1.25], [1.25], [1.0], [1.0, 1.0], [6.3], [6.3, 1.5], [1.25], [1.25, 1.35], [1.35], [1.05, 1.1], [1.1], [1.1], [1.1, 1.0]], "edges": [[1], [0], [3], [2, 16], [5], [4], [7], [6], [9], [8, 22], [11], [10], [13], [12], [15], [14, 49], [17, 3], [16, 37], [19], [18], [21, 30], [20, 40], [9], [24], [23, 29], [26], [25], [28], [27], [24], [20], [32], [31], [34], [33], [36], [35, 61], [17, 57], [39], [38], [21], [42], [41], [44], [43], [46], [45], [48], [47], [15, 50], [49], [52], [51, 53], [52], [55], [54, 64], [57], [56, 37], [59], [58, 60], [59], [36, 62], [61], [64], [63, 55]], "vertices": [[454.12866817155754, 416.0], [454.12866817155754, 276.0], [666.0, 425.0], [666.0, 320.0], [444.0, 174.49606299212599], [380.0, 174.49606299212599], [295.0, 174.49576271186442], [176.0, 174.49576271186442], [325.0, 287.0], [280.0, 287.0], [246.0, 316.5018181818182], [108.0, 316.5018181818182], [587.0, 455.504], [524.0, 455.504], [390.0, 316.0], [333.0, 316.0], [687.0, 320.0], [687.0, 268.0], [331.0, 348.0], [281.0, 348.0], [85.0, 272.0], [85.0, 219.0], [280.0, 348.0], [385.0, 287.0], [354.0, 287.0], [567.0, 216.5], [525.0, 216.5], [452.0, 287.0147058823529], [429.0, 287.0147058823529], [354.0, 315.0], [111.0, 272.0], [488.9756097560976, 344.0], [488.9756097560976, 316.0], [452.0, 316.4888888888889], [429.0, 316.4888888888889], [455.0, 508.0], [430.0, 508.0], [666.0, 268.0], [455.0, 459.0], [430.0, 459.0], [111.0, 219.0], [464.0, 497.5], [453.0, 497.5], [349.0, 462.5], [335.0, 462.5], [523.5, 508.0], [523.5, 494.0], [107.0, 182.0], [107.0, 172.0], [333.0, 539.0], [304.0, 539.0253164556962], [106.33652007648183, 307.0], [106.0, 539.0], [135.0, 539.0], [478.0, 174.5], [524.0, 174.0], [623.0, 216.5], [666.0, 216.0], [547.9935483870968, 457.0], [547.0, 508.0], [524.0, 508.0], [430.0, 462.0], [414.0, 462.5], [498.0, 276.5], [524.0, 276.0]]}