{"vertices": [[124.0, 321.0], [124.0, 107.0], [462.0, 264.0], [462.0, 107.0], [462.0, 364.0], [462.0, 300.0], [462.0, 461.0], [462.0, 442.0], [199.0, 495.0], [199.0, 321.0], [244.0, 264.0], [244.0, 107.0], [352.0, 240.0], [352.0, 107.0], [352.0, 387.0], [352.0, 367.0], [342.0, 300.0], [462.0, 106.50464396284829], [435.0, 106.50464396284829], [352.0, 106.50464396284829], [302.0, 106.50464396284829], [162.0, 107.0], [382.0, 107.0], [244.0, 106.50464396284829], [214.0, 106.50464396284829], [319.0, 264.0], [387.0, 264.0], [669.0, 173.00475059382424], [528.0, 173.00475059382424], [262.0, 321.0], [495.0, 320.73279352226723], [464.0, 320.73279352226723], [109.0172117039587, 212.0], [109.0172117039587, 159.0], [210.0, 318.0], [210.0, 294.0], [115.5, 212.0], [115.5, 159.0], [462.0, 386.0], [442.6986301369863, 367.3013698630137], [232.0, 495.0], [319.76282051282044, 321.76282051282044], [371.78030303030306, 367.78030303030306], [262.0, 298.0], [387.0, 242.0], [480.7619047619048, 405.7619047619048], [492.2619047619048, 394.2619047619048], [325.0, 506.0], [325.0, 495.0], [232.0, 506.0], [462.0, 367.0], [352.4253835425383, 427.0], [352.0, 495.0], [352.4253835425383, 349.0], [496.0665024630542, 298.0], [496.0, 442.0], [128.0, 263.998556998557], [210.0, 263.0], [210.0, 239.0]], "weights": [[0.5, 1.25], [0.5, 0.95], [0.85, 1.4], [0.85], [1.2], [1.2, 1.25], [1.6], [1.6, 3.8], [0.75, 0.8], [0.75, 1.35, 1.25], [1.5, 1.25], [1.5], [1.35], [1.35, 0.85], [1.95, 2.000000000000008], [1.95, 1.25, 2.6], [1.25, 1.0500000000000085], [0.75], [0.75], [0.95], [0.95], [0.95], [0.85], [0.95], [0.95], [1.25], [1.4, 1.5], [1.25], [1.25], [1.35, 1.5], [0.25], [0.25], [1.5], [1.5], [1.3], [1.3], [1.5], [1.5], [2.9500000000000077, 1.05], [2.9500000000000077], [0.8, 2.5], [1.0500000000000085], [2.000000000000008], [1.5], [1.5], [2.0500000000000163], [2.0500000000000163], [2.3], [2.3, 1.35], [2.5], [1.05, 2.6], [1.75], [1.75, 1.35], [1.25], [1.05], [1.05, 3.8], [1.25], [1.25, 1.5], [1.5]], "edges": [[1, 9], [0, 21], [3, 26], [2], [5], [4, 16], [7], [6, 55], [9, 40], [8, 29, 0], [11, 25], [10], [13], [12, 22], [15, 42], [14, 53, 50], [5, 41], [18], [17], [20], [19], [1], [13], [24], [23], [10], [2, 44], [28], [27], [9, 43], [31], [30], [33], [32], [35], [34], [37], [36], [39, 50], [38], [8, 49], [16], [14], [29], [26], [46], [45], [48], [47, 52], [40], [38, 15], [52], [51, 48], [15], [55], [54, 7], [57], [56, 58], [57]]}