{"weights": [[7.25, 1.7], [7.25, 0.8], [1.15, 1.25], [1.15], [0.75, 1.75], [0.75, 1.55, 1.7], [1.5, 1.3], [1.5], [1.5, 0.85], [1.5], [1.25, 1.25], [1.25, 2.350000000000011], [0.8], [0.8], [1.3], [1.8, 1.25, 2.55], [1.8, 1.55], [1.25], [1.25], [1.55, 1.8], [1.25, 1.6], [1.5, 1.5], [1.5], [1.5], [1.5], [1.8], [1.8], [0.8], [1.5], [1.5], [1.5], [1.75], [1.75], [1.55, 1.900000000000007], [1.0], [1.0, 1.5, 1.0], [1.3000000000000103], [1.3000000000000103], [0.8], [0.8], [0.85, 2.9], [2.350000000000011], [1.900000000000007], [0.8], [0.8, 1.8], [1.75, 2.7], [2.55], [1.8], [1.6], [1.25], [1.25], [1.750000000000006], [1.750000000000006], [2.9], [2.7], [2.15], [2.15, 1.8], [1.5], [1.0]], "edges": [[1, 5], [0, 27], [3, 20], [2], [5, 45], [4, 19, 0], [7, 14], [6], [9, 40], [8], [11, 15], [10, 41], [13], [12], [6], [16, 10, 46], [15, 33], [18], [17], [5, 47], [2, 48], [22, 30], [21], [24], [23], [26], [25], [1], [29], [28], [21], [32], [31], [16, 42], [35], [34, 57, 58], [37], [36], [39], [38], [8, 53], [11], [33], [44], [43, 56], [4, 54], [15], [19], [20], [50], [49], [52], [51], [40], [45], [56], [55, 44], [35], [35]], "vertices": [[124.0, 320.0], [124.0, 107.0], [461.0, 264.0], [461.0, 107.0], [199.0, 495.0], [199.0, 320.0], [244.0, 264.0], [244.0, 107.0], [353.0, 495.0], [353.0, 427.0], [462.0, 300.0], [342.0, 300.0], [461.0, 106.51020408163265], [435.0, 106.51020408163265], [319.0, 264.0], [462.0, 366.0], [353.0, 366.0], [669.0, 173.00475059382424], [528.0, 173.00475059382424], [262.0, 320.0], [387.0, 264.0], [210.0, 264.0], [128.0, 264.0], [109.0172117039587, 212.0], [109.0172117039587, 159.0], [210.0, 318.0], [210.0, 294.0], [162.0, 107.0], [115.5, 212.0], [115.5, 159.0], [210.0, 239.0], [495.0, 323.989010989011], [464.0, 323.989010989011], [353.0, 387.0], [382.0, 106.0], [352.0, 106.0], [463.0, 387.0], [442.6986301369863, 367.3013698630137], [244.0, 106.50909090909092], [214.0, 106.50909090909092], [325.0, 495.0], [319.76282051282044, 321.76282051282044], [371.78030303030306, 367.78030303030306], [461.0, 461.0], [461.0, 442.0], [232.0, 495.0], [462.0, 387.0], [262.0, 298.0], [387.0, 242.0], [352.95238095238096, 366.0], [352.95238095238096, 349.0], [480.7619047619048, 405.7619047619048], [492.2619047619048, 394.2619047619048], [325.0, 506.0], [232.0, 506.0], [496.0665024630542, 298.0], [496.0, 442.0], [352.0, 240.0], [302.0, 106.5]]}