{"weights": [[2.5], [2.5], [1.5], [1.5, 0.75], [0.75], [1.5], [1.5], [2.0], [2.0], [6.85], [6.85, 1.85], [2.25], [2.25, 1.25], [2.25, 0.75], [2.25, 2.5], [0.75], [0.75], [0.75, 1.4], [1.0], [1.0, 2.5], [1.5], [1.5], [1.25, 1.9], [1.5], [1.5], [2.5], [1.5], [1.5], [1.4], [1.5], [1.5], [0.8000000000000064], [0.8000000000000064], [5.0], [5.0], [1.15], [1.15], [2.1], [2.1], [1.85], [2.5], [1.4], [1.4], [0.75], [0.75], [1.75], [1.75, 2.5], [2.5], [5.6], [5.6, 1.0], [1.0], [1.9, 1.2], [1.2]], "edges": [[1], [0], [3], [2, 4], [3], [6], [5], [8], [7], [10], [9, 39], [12], [11, 22], [14, 15], [13, 40], [13], [17], [16, 28], [19], [18, 25], [21], [20], [12, 51], [24], [23], [19], [27], [26], [17], [30], [29], [32], [31], [34], [33], [36], [35], [38], [37], [10], [14], [42], [41], [44], [43], [46], [45, 47], [46], [49], [48, 50], [49], [22, 52], [51]], "vertices": [[575.0, 354.0], [524.0, 354.0], [471.0, 354.0], [131.0, 354.0], [131.0, 450.0], [382.0, 352.0], [382.0, 216.0], [703.5, 194.0], [703.5, 111.0], [131.0, 316.0], [131.0, 29.0], [348.0, 12.0], [290.0, 12.0], [557.0, 175.0], [557.0, 12.0], [466.0, 175.0], [315.0, 351.0], [315.0, 247.0], [422.0, 175.0], [422.0, 12.0], [382.0, 396.0], [382.0, 357.0], [290.0, 174.0], [341.5, 246.0], [341.5, 216.0], [454.0, 12.0], [115.5, 118.0], [115.5, 78.0], [342.0, 247.0], [106.01694915254237, 118.0], [106.01694915254237, 78.0], [289.2634408602151, 238.2634408602151], [313.2634408602151, 214.2634408602151], [230.0, 281.5], [196.0, 281.5], [315.0, 246.76785714285714], [290.0, 246.76785714285714], [289.0, 28.5], [251.0, 28.5], [165.0, 29.0], [525.0, 12.0], [465.5, 175.0], [465.5, 143.0], [158.0, 238.51111111111112], [135.0, 238.51111111111112], [703.496993987976, 231.0], [703.0, 354.0], [660.0, 354.0], [232.0, 351.0], [232.0, 238.0], [192.0, 238.5], [380.0, 174.0], [380.5, 143.0]]}