{"vertices": [[575.0, 354.0], [524.0, 354.0], [471.0, 354.0], [131.0, 354.0], [131.0, 450.0], [131.0, 316.0], [131.0, 29.0], [381.8450946643718, 352.0], [381.8450946643718, 216.0], [381.8450946643718, 396.0], [381.8450946643718, 357.0], [703.4981949458484, 194.0], [703.4981949458484, 111.0], [348.0, 12.0], [290.0, 12.0], [454.0, 12.0], [422.0, 12.0], [557.0, 11.98263888888889], [525.0, 11.98263888888889], [557.0, 175.0], [557.0, 12.0], [466.0, 175.0], [315.0, 351.0], [315.0, 242.0], [422.0, 175.0], [290.0, 174.0], [115.0, 118.0], [115.0, 78.0], [285.0, 242.0], [158.0, 242.26666666666668], [135.0, 242.26666666666668], [106.01694915254237, 118.0], [106.01694915254237, 78.0], [313.2634408602151, 214.2634408602151], [230.0, 281.5], [196.0, 281.5], [289.0, 28.505535055350553], [251.0, 28.505535055350553], [165.0, 29.0], [465.5, 175.0], [465.5, 143.0], [660.0, 354.0], [703.0, 354.0], [703.4981949458484, 231.0], [381.8450946643718, 143.0], [381.0, 174.0], [341.5, 216.0], [341.0, 242.0], [232.0, 351.0], [232.0, 243.0], [192.0, 242.26666666666668]], "weights": [[2.5], [2.5], [2.5], [2.5, 0.75], [0.75], [1.85], [1.85, 1.85], [1.25], [1.25], [1.25], [1.25], [1.75], [1.75], [2.25], [2.25, 0.95], [2.25], [2.25, 1.0], [2.25], [2.25], [2.25, 0.85], [2.25], [0.85], [0.95], [0.95, 0.25, 0.25], [1.0], [0.95, 0.75], [1.5], [1.5], [0.25, 1.250000000000008], [0.25], [0.25], [1.5], [1.5], [1.250000000000008], [5.0], [5.0], [1.75], [1.75], [1.85], [1.0], [1.0], [2.6], [2.6, 1.75], [1.75], [0.3], [0.3, 0.75], [1.2], [1.2, 0.25], [2.0], [2.0, 0.25], [0.25]], "edges": [[1], [0], [3], [2, 4], [3], [6], [5, 38], [8], [7], [10], [9], [12], [11], [14], [13, 25], [16], [15, 24], [18], [17], [20, 21], [19], [19], [23], [22, 28, 47], [16], [14, 45], [27], [26], [23, 33], [30], [29], [32], [31], [28], [35], [34], [37], [36], [6], [40], [39], [42], [41, 43], [42], [45], [44, 25], [47], [46, 23], [49], [48, 50], [49]]}