{"vertices": [[369.0, 167.24347826086955], [283.0, 167.24347826086955], [422.0, 167.24347826086955], [371.0, 167.24347826086955], [370.0, 416.0], [370.0, 254.0], [646.0, 165.0], [646.0, 12.0], [494.0, 101.0], [494.0, 12.0], [462.4502617801047, 26.0], [462.4502617801047, 15.0], [494.0, 11.56808326105811], [369.0, 11.56808326105811], [646.0, 11.56808326105811], [609.0, 11.56808326105811], [531.0, 12.0], [437.0, 333.7920792079208], [374.0, 333.7920792079208], [492.0, 334.0], [475.0, 334.0], [522.0, 415.78796992481205], [475.0, 415.78796992481205], [416.0, 416.0], [555.0, 428.0], [522.0, 428.0], [610.0, 232.01262626262627], [562.0, 232.01262626262627], [706.0, 232.01262626262627], [665.0, 232.01262626262627], [315.0, 232.01262626262627], [283.0, 232.01262626262627], [397.5816326530612, 251.0], [397.5816326530612, 206.0], [723.3092369477912, 294.0], [723.3092369477912, 262.0], [572.5, 229.0], [572.5, 170.0], [317.0, 242.01796407185628], [283.0, 242.01796407185628], [735.2636363636364, 295.0], [735.2636363636364, 262.0], [491.0, 90.0], [465.0, 90.0], [405.0, 227.0], [405.0, 217.0], [535.0, 167.24347826086955], [710.0, 167.0], [499.0, 167.0], [462.0, 167.0], [462.4502617801047, 81.0], [279.00172215843855, 9.0], [279.0, 254.0], [474.5178947368421, 334.0], [474.0, 254.0], [474.5178947368421, 217.0], [735.0, 254.06857142857143], [723.0, 254.0], [713.0, 254.06857142857143], [723.3092369477912, 260.0], [521.5034843205575, 229.0], [521.0, 334.0], [521.5034843205575, 384.0], [521.0, 428.0], [504.0, 428.38104448742746], [671.0, 428.38104448742746], [710.0, 428.0]], "weights": [[1.75], [1.75], [1.75], [1.75], [3.25, 2.75], [3.25, 3.35, 3.45], [3.4], [3.4], [2.45], [2.45, 2.75], [1.85], [1.85], [2.95], [2.95], [2.75], [2.75], [2.75], [0.5], [0.5], [0.25, 0.3], [0.25], [5.65], [5.65], [2.75], [2.85], [2.85], [1.85], [1.85], [1.75], [1.75], [0.25], [0.25], [5.05], [5.05], [1.5], [1.5], [2.7], [2.7], [1.5], [1.5], [1.5], [1.5], [2.5], [2.5], [8.5], [8.5], [2.25], [2.25, 2.85], [2.85], [2.85, 1.75], [1.75], [6.7], [6.7, 3.35], [2.25], [2.25, 2.25, 3.45], [2.25], [1.5], [1.5, 1.5, 1.5], [1.5], [1.5], [2.05], [2.05, 0.3], [6.45], [6.45, 1.5], [1.5], [2.75], [2.75, 2.85]], "edges": [[1], [0], [3], [2], [5, 23], [4, 52, 54], [7], [6], [9], [8, 16], [11], [10], [13], [12], [15], [14], [9], [18], [17], [20, 61], [19], [22], [21], [4], [25], [24], [27], [26], [29], [28], [31], [30], [33], [32], [35], [34], [37], [36], [39], [38], [41], [40], [43], [42], [45], [44], [47], [46, 66], [49], [48, 50], [49], [52], [51, 5], [54], [53, 55, 5], [54], [57], [56, 58, 59], [57], [57], [61], [60, 19], [63], [62, 64], [63], [66], [65, 47]]}