{"vertices": [[657.0, 121.0], [657.0, 98.0], [657.1706036745406, 201.0], [657.1706036745406, 184.0], [657.1706036745406, 140.0], [657.1706036745406, 128.0], [657.1706036745406, 224.0], [657.1706036745406, 204.0], [657.1706036745406, 239.0], [657.1706036745406, 226.0], [619.0, 98.0], [536.0, 438.0], [536.0, 303.0], [449.0, 417.0], [449.0, 350.0], [449.0, 257.0], [449.0, 232.0], [248.0, 288.0], [106.0, 288.0], [450.0, 288.0], [362.0, 288.0], [293.0, 288.0], [274.0, 288.0], [390.0, 287.0], [390.0, 232.0], [577.0, 265.0], [536.0, 265.0], [580.0, 231.0], [536.0, 231.0], [327.0, 515.0], [300.0, 515.0], [128.0, 515.0], [101.0, 515.0], [272.0, 326.82142857142856], [255.0, 326.82142857142856], [535.0, 327.0], [512.0, 327.0], [564.0, 438.0], [618.9761904761905, 98.0], [618.9761904761905, 78.0], [328.0, 424.0], [328.0, 414.0], [657.1706036745406, 299.0], [657.0, 438.0], [631.0, 438.0], [480.0, 97.5044776119403], [520.0, 97.0], [520.5, 78.0]], "weights": [[0.25], [0.25, 1.75], [1.4], [1.4], [3.95], [3.95], [0.25], [0.25], [0.3], [0.3], [1.75], [2.8, 0.7], [2.8, 1.4999999999999718], [0.5], [0.5], [0.8], [0.8], [0.5], [0.5], [0.5], [0.5], [0.5], [0.5], [0.5], [0.5], [0.7], [0.7], [0.5], [0.5], [0.5], [0.5], [0.6], [0.6], [0.25], [0.25], [1.25], [1.25, 1.4999999999999718], [0.7], [2.85], [2.85], [0.8], [0.8], [0.25], [0.25, 0.5], [0.5], [3.75], [3.75, 2.9], [2.9]], "edges": [[1], [0, 10], [3], [2], [5], [4], [7], [6], [9], [8], [1], [12, 37], [11, 36], [14], [13], [16], [15], [18], [17], [20], [19], [22], [21], [24], [23], [26], [25], [28], [27], [30], [29], [32], [31], [34], [33], [36], [35, 12], [11], [39], [38], [41], [40], [43], [42, 44], [43], [46], [45, 47], [46]]}