{"weights": [[3.4, 3.0], [3.4, 6.949999999999994], [3.0], [3.0], [2.0], [2.0], [1.5], [1.5, 3.0], [2.75], [2.75], [2.0], [2.0], [5.65], [5.65], [2.0], [2.0], [2.75], [2.75], [1.85], [1.85], [3.0], [3.0], [5.25], [5.25], [1.5], [1.5], [3.0], [1.95], [1.95], [2.0], [2.0], [1.5], [1.5], [1.5], [1.5], [1.5], [1.5, 1.5, 1.5], [3.0], [3.0], [3.0], [8.3], [8.3], [1.65], [1.65], [1.5], [1.5, 3.0], [3.5], [3.5, 3.25], [3.25], [1.5], [1.5, 6.949999999999994, 1.5], [1.85], [1.85, 2.1], [2.1], [6.15], [6.15, 1.5], [1.5], [4.95], [4.95, 1.85], [1.85], [3.0], [3.0, 3.0], [1.5], [1.5], [1.75], [1.75, 1.5]], "edges": [[1, 26], [0, 50], [3], [2], [5], [4], [7], [6, 37], [9], [8], [11], [10], [13], [12], [15], [14], [17], [16], [19], [18], [21], [20], [23], [22], [25], [24], [0], [28], [27], [30], [29], [32], [31], [34], [33], [36], [35, 62, 63], [7], [39], [38], [41], [40], [43], [42], [45], [44, 61], [47], [46, 48], [47], [50], [49, 1, 65], [52], [51, 53], [52], [55], [54, 56], [55], [58], [57, 59], [58], [61], [60, 45], [36], [36], [65], [64, 50]], "vertices": [[370.0, 414.0], [370.0, 255.0], [646.0, 165.0], [646.0, 12.0], [369.0, 167.5], [283.0, 167.5], [494.0, 101.0], [494.0, 12.0], [494.0, 11.604527296937416], [369.0, 11.604527296937416], [437.0, 331.5], [374.0, 331.5], [522.0, 416.57384987893465], [475.0, 416.57384987893465], [422.0, 167.5], [371.0, 167.5], [555.0, 428.0], [522.0, 428.0], [610.0, 231.4840425531915], [562.0, 231.4840425531915], [646.0, 11.5], [609.0, 11.5], [397.5816326530612, 251.0], [397.5816326530612, 206.0], [724.0, 294.0], [724.0, 338.0], [416.0, 414.0], [706.0, 231.3068181818182], [665.0, 231.3068181818182], [572.5, 229.0], [572.5, 170.0], [317.0, 243.04651162790697], [283.0, 243.04651162790697], [719.5, 338.0], [719.5, 250.0], [735.0, 295.0], [735.0, 261.0], [531.0, 12.0], [491.0, 90.0], [465.0, 90.0], [405.0, 227.0], [405.0, 217.0], [461.96875, 26.0], [461.96875, 15.0], [535.0, 167.07142857142858], [710.0, 167.0], [279.00172215843855, 9.0], [279.0, 254.0], [370.0, 254.0], [474.5178947368421, 217.0], [474.0, 255.0], [521.4387527839643, 229.0], [521.0, 337.0], [493.0, 337.0], [521.736, 384.0], [521.0, 428.0], [504.0, 428.0], [462.4942857142857, 81.0], [462.0, 167.0], [499.0, 167.0], [671.0, 428.5], [710.0, 428.0], [720.0, 261.0], [735.6, 250.0], [493.0, 338.0], [475.0, 338.0]]}