{"weights": [[0.5], [0.5, 2.0], [0.7, 0.5], [0.7, 1.3499999999999746], [0.8, 0.6], [0.8], [0.5], [0.5], [0.5], [0.5], [2.0], [0.5], [0.5], [1.1], [1.1], [0.5], [0.5], [0.7], [0.7], [0.6], [0.6], [2.85], [2.85], [0.5], [0.5], [0.6], [3.55], [3.55], [1.25], [1.25, 1.3499999999999746], [0.5], [0.5], [0.5], [0.8], [0.8], [0.5], [0.5], [0.6], [0.6], [2.65], [2.65], [0.5], [0.5], [0.5], [0.5], [2.3], [2.3, 2.9], [2.9]], "edges": [[1], [0, 10], [3, 30], [2, 29], [5, 25], [4], [7], [6], [9], [8], [1], [12], [11], [14], [13], [16], [15], [18], [17], [20], [19], [22], [21], [24], [23], [4], [27], [26], [29], [28, 3], [2], [32], [31], [34], [33], [36], [35], [38], [37], [40], [39], [42], [41], [44], [43], [46], [45, 47], [46]], "vertices": [[659.0, 121.0], [659.0, 98.0], [536.0, 438.0], [536.0, 303.0], [659.0, 438.0], [659.0, 299.0], [449.0, 417.0], [449.0, 350.0], [248.0, 288.0], [106.0, 288.0], [619.0, 98.0], [450.0, 288.0], [362.0, 288.0], [390.0, 287.0], [390.0, 232.0], [577.0, 265.0], [536.0, 265.0], [580.0, 231.0], [536.0, 231.0], [327.0, 515.0], [300.0, 515.0], [655.6203703703703, 201.0], [655.6203703703703, 184.0], [272.0, 330.0], [255.0, 330.0], [631.0, 438.0], [655.3516483516484, 140.0], [655.3516483516484, 128.0], [535.0, 326.0], [513.0, 326.0], [564.0, 438.0], [449.0, 257.0], [449.0, 232.0], [293.0, 288.0], [274.0, 288.0], [659.0, 224.0], [659.0, 204.0], [128.0, 515.0], [101.0, 515.0], [618.9761904761905, 98.0], [618.9761904761905, 78.0], [328.0, 424.0], [328.0, 414.0], [659.0, 239.0], [659.0, 226.0], [480.0, 97.50898203592814], [520.0, 97.0], [520.5, 78.0]]}