{"vertices": [[397.0, 373.0], [397.0, 276.0], [537.0, 154.40582959641256], [356.0, 154.40582959641256], [268.0, 154.0], [236.0, 154.0], [236.4706896551724, 328.0], [236.4706896551724, 271.0], [236.4706896551724, 382.0], [236.4706896551724, 348.0], [236.0, 252.0], [582.0, 276.4926108374384], [562.0, 276.4926108374384], [429.0, 276.0], [541.0, 276.4926108374384], [492.0, 276.4926108374384], [462.0, 276.4926108374384], [450.0, 276.4926108374384], [222.33875338753387, 359.0], [222.33875338753387, 317.0], [369.50655021834064, 312.0], [369.50655021834064, 276.0], [369.50655021834064, 456.0], [369.50655021834064, 435.0], [424.05882352941177, 200.0], [424.05882352941177, 189.0], [376.8974358974359, 456.0], [376.8974358974359, 441.0], [583.4139402560455, 178.0], [583.0, 512.0], [568.0, 512.9607843137255], [397.3143507972665, 395.0], [397.0, 513.0], [413.0, 513.0], [499.0, 325.5064102564103], [522.0, 325.0], [522.5, 278.0], [464.0, 325.5064102564103], [424.0, 325.0], [399.0, 325.5064102564103], [424.05882352941177, 303.0], [364.0, 245.72357723577235], [445.0, 245.0], [445.83962264150944, 156.0], [321.3829787234043, 397.0], [321.0, 425.0], [347.0, 425.0]], "weights": [[0.85], [0.85, 0.85], [0.75], [0.75], [1.25], [1.25, 0.45], [0.35], [0.35], [5.4], [5.4], [0.45], [0.9], [0.9], [0.85], [0.75], [0.75], [0.5], [0.5], [4.65], [4.65], [0.25], [0.25], [4.55], [4.55], [0.25], [0.25], [1.5], [1.5], [0.75], [0.75, 0.5], [0.5], [0.75], [0.75, 0.7], [0.7], [0.65], [0.65, 1.4], [1.4], [1.15], [1.15, 1.15, 0.5], [1.15], [0.5], [0.6], [0.6, 0.9], [0.9], [2.1], [2.1, 1.65], [1.65]], "edges": [[1], [0, 13], [3], [2], [5], [4, 10], [7], [6], [9], [8], [5], [12], [11], [1], [15], [14], [17], [16], [19], [18], [21], [20], [23], [22], [25], [24], [27], [26], [29], [28, 30], [29], [32], [31, 33], [32], [35], [34, 36], [35], [38], [37, 39, 40], [38], [38], [42], [41, 43], [42], [45], [44, 46], [45]]}