{"weights": [[0.75, 1.0], [0.75, 1.15], [1.35], [1.35, 1.5], [0.75], [0.75, 1.0], [1.0, 1.5], [1.35], [1.35], [1.25], [1.25], [1.3], [1.3], [1.35], [1.35], [1.0], [1.0, 1.35, 1.0], [3.65], [3.65], [0.25], [0.25], [1.0], [1.0, 1.15], [1.2], [1.2], [1.25], [1.25], [1.0], [1.0], [3.7], [3.7, 1.2], [1.5], [1.5], [1.5], [1.5], [1.5], [1.1], [1.1], [1.2, 1.3], [1.5], [1.25], [1.25], [1.0], [1.3], [1.3, 1.7], [1.5], [1.5], [0.85], [0.85], [1.3], [1.9], [1.9, 2.05], [1.15], [1.15], [1.7, 1.65], [1.65], [1.35], [1.0], [2.05, 1.05], [1.05]], "edges": [[1, 6], [0, 22], [3], [2, 31], [5], [4, 42], [0, 39], [8], [7], [10], [9], [12], [11], [14], [13], [16], [15, 56, 57], [18], [17], [20], [19], [22], [21, 1], [24], [23], [26], [25], [28], [27], [30], [29, 38], [3], [33], [32], [35], [34], [37], [36], [30, 49], [6], [41], [40], [5], [44], [43, 54], [46], [45], [48], [47], [38], [51], [50, 58], [53], [52], [44, 55], [54], [16], [16], [51, 59], [58]], "vertices": [[617.0, 324.0], [370.0, 324.0], [198.0, 292.0], [198.0, 146.0], [337.0, 269.0], [337.0, 106.0], [617.0, 539.0], [591.2050209205021, 323.0], [591.2050209205021, 131.0], [197.98773006134968, 401.0], [197.98773006134968, 346.0], [403.0, 385.0], [403.0, 326.0], [460.0, 271.07070707070704], [424.0, 271.07070707070704], [540.0, 106.0], [459.0, 106.0], [197.9787234042553, 468.0], [197.9787234042553, 435.0], [180.7549019607843, 442.0], [180.7549019607843, 395.0], [398.0, 272.0], [370.0, 272.0], [530.0, 322.0], [530.0, 272.0], [446.0, 238.0], [408.0, 238.0], [249.0, 270.5], [201.0, 270.5], [390.0, 239.0], [390.0, 216.0], [226.0, 146.0], [528.0, 312.5], [498.0, 312.5], [335.0, 146.0], [314.0, 146.0], [530.0, 271.5], [498.0, 271.5], [407.0, 216.0], [591.0, 539.0], [401.0, 458.7241379310345], [375.0, 458.7241379310345], [373.0, 106.0], [430.0, 539.0], [403.0, 539.0], [455.0, 312.0], [455.0, 296.0], [589.0, 233.51063829787233], [565.0, 233.51063829787233], [407.0, 238.0], [277.0, 493.0], [277.0, 480.0], [266.0, 145.54545454545453], [254.0, 145.54545454545453], [403.0, 417.0], [380.0, 417.0169491525424], [459.0, 226.0], [420.0, 106.5], [336.0, 480.0], [336.5135135135135, 459.0]]}