{"weights": [[0.75], [0.75, 1.3], [0.85], [0.85], [3.15], [3.15], [0.85], [0.85], [2.75], [2.75], [0.95], [0.95, 1.5], [6.95], [6.95], [0.8], [0.8], [1.3], [1.5], [1.0], [1.0], [0.7], [0.7], [7.25], [7.25], [0.5], [0.5], [1.5], [1.5], [0.75], [0.75, 1.0], [1.0], [0.85], [0.85, 1.7], [1.7], [1.15], [1.15, 0.75], [0.75], [0.75], [0.75, 0.5], [0.5], [0.65], [0.65, 0.65, 0.9], [0.65], [0.9], [4.05], [4.05, 1.25], [1.25]], "edges": [[1], [0, 16], [3], [2], [5], [4], [7], [6], [9], [8], [11], [10, 17], [13], [12], [15], [14], [1], [11], [19], [18], [21], [20], [23], [22], [25], [24], [27], [26], [29], [28, 30], [29], [32], [31, 33], [32], [35], [34, 36], [35], [38], [37, 39], [38], [41], [40, 42, 43], [41], [41], [45], [44, 46], [45]], "vertices": [[397.0, 373.0], [397.0, 276.0], [537.0, 154.50138504155126], [356.0, 154.50138504155126], [236.21397379912665, 328.0], [236.21397379912665, 271.0], [582.0, 276.64516129032256], [562.0, 276.64516129032256], [235.247311827957, 382.0], [235.247311827957, 348.0], [238.0, 252.0], [238.0, 154.0], [222.16480446927375, 359.0], [222.16480446927375, 317.0], [365.734693877551, 312.0], [365.734693877551, 276.0], [429.0, 276.0], [268.0, 154.0], [541.0, 276.5], [492.0, 276.5], [462.0, 276.0], [450.0, 276.0], [371.9856459330144, 456.0], [371.9856459330144, 435.0], [419.0, 200.0], [419.0, 189.0], [365.0, 455.0], [365.0, 445.0], [583.4139402560455, 178.0], [583.0, 513.0], [568.0, 513.5], [499.0, 325.6666666666667], [522.0, 325.0], [522.5, 278.0], [397.35114503816794, 395.0], [397.0, 512.0], [413.0, 512.0], [364.0, 245.72357723577235], [445.0, 245.0], [445.83962264150944, 156.0], [464.0, 325.44736842105266], [425.0, 325.0], [399.0, 325.44736842105266], [425.45, 303.0], [321.3829787234043, 397.0], [321.0, 425.0], [347.0, 425.0]]}