{"vertices": [[403.2883642495784, 385.0], [403.2883642495784, 326.0], [617.0, 324.0], [370.0, 324.0], [198.0, 292.0], [198.0, 146.0], [198.06915629322268, 401.0], [198.06915629322268, 346.0], [198.06915629322268, 468.0], [198.06915629322268, 435.0], [337.0, 269.0], [337.0, 106.0], [617.0, 539.0], [591.2050209205021, 323.0], [591.2050209205021, 131.0], [458.53960396039605, 312.0], [458.53960396039605, 296.0], [460.0, 271.05750798722045], [424.0, 271.05750798722045], [398.0, 271.0], [370.0, 271.0], [249.0, 271.05750798722045], [201.0, 271.05750798722045], [540.0, 106.0], [459.0, 106.0], [373.0, 106.0], [180.7549019607843, 442.0], [180.7549019607843, 395.0], [589.0, 236.64864864864865], [565.0, 236.64864864864865], [390.0, 239.0], [390.0, 216.0], [226.0, 146.0], [335.0, 145.93506493506493], [314.0, 145.93506493506493], [266.0, 145.93506493506493], [254.0, 145.93506493506493], [528.0, 312.5], [498.0, 312.5], [412.0, 216.0], [591.0, 539.0], [430.0, 539.0], [403.0, 539.0], [401.0, 458.7241379310345], [375.0, 458.7241379310345], [277.0, 493.0], [277.0, 480.0], [403.0, 417.0], [380.0, 417.0169491525424], [403.2883642495784, 217.0], [403.0, 237.0], [446.0, 237.0], [336.50274725274727, 459.0], [336.0, 480.0], [459.0, 226.0], [420.0, 106.5], [498.0, 271.05750798722045], [530.0, 271.0], [530.0, 322.0]], "weights": [[1.25], [1.25], [1.35, 1.0], [1.35, 1.25], [1.25], [1.25, 1.25], [0.95], [0.95], [1.25], [1.25], [0.75], [0.75, 1.2], [1.0, 1.5], [0.85], [0.85], [0.25], [0.25], [1.3], [1.3], [0.75], [0.75, 1.25], [0.5], [0.5], [1.0], [1.0, 1.25, 1.0], [1.2], [2.5], [2.5], [0.25], [0.25], [1.7], [1.7, 1.2], [1.25], [1.25], [1.25], [1.25], [1.25], [2.0], [2.0], [1.2], [1.5], [1.5], [1.5, 3.95], [1.5], [1.5], [1.7], [1.7, 0.75], [3.95, 1.35], [1.35], [0.25], [0.25, 0.5], [0.5], [1.65], [1.65, 0.75], [1.25], [1.0], [0.75], [0.75, 2.7], [2.7]], "edges": [[1], [0], [3, 12], [2, 20], [5], [4, 32], [7], [6], [9], [8], [11], [10, 25], [2, 40], [14], [13], [16], [15], [18], [17], [20], [19, 3], [22], [21], [24], [23, 54, 55], [11], [27], [26], [29], [28], [31], [30, 39], [5], [34], [33], [36], [35], [38], [37], [31], [12], [42], [41, 47], [44], [43], [46], [45, 53], [42, 48], [47], [50], [49, 51], [50], [53], [52, 46], [24], [24], [57], [56, 58], [57]]}