{"weights": [[2.75, 2.25], [2.75, 2.5], [2.75], [2.75], [1.5], [1.5, 1.5], [1.5], [1.5, 6.0], [6.0, 1.5], [1.6], [1.6], [2.25, 2.95], [1.0], [1.0], [1.5], [1.5], [2.25], [2.25], [2.5], [1.5], [2.5], [2.5, 2.65, 1.55], [7.75], [7.75], [2.25], [2.25], [4.7], [4.7], [1.25], [1.25], [1.5], [1.5], [2.95], [1.25], [1.25, 2.25], [2.25], [1.25], [1.25, 1.5], [1.5], [2.65], [1.25], [1.25, 1.6], [1.6], [1.5, 1.35], [1.35], [1.25], [1.25, 1.7], [1.7], [3.85], [3.85, 1.55]], "edges": [[1, 11], [0, 18], [3], [2], [5], [4, 43], [7], [6, 8], [7, 19], [10], [9], [0, 32], [13], [12], [15], [14], [17], [16], [1], [8], [21], [20, 39, 49], [23], [22], [25], [24], [27], [26], [29], [28], [31], [30], [11], [34], [33, 35], [34], [37], [36, 38], [37], [21], [41], [40, 42], [41], [5, 44], [43], [46], [45, 47], [46], [49], [48, 21]], "vertices": [[488.0, 389.0], [488.0, 53.0], [64.50700280112045, 349.0], [64.50700280112045, 229.0], [279.0, 53.0], [245.0, 53.0], [212.0, 54.0], [65.0, 54.0], [65.0, 189.0], [425.0, 240.0], [311.0, 240.0], [450.0, 389.0], [137.0, 119.5], [68.0, 119.5], [485.0, 208.0], [403.0, 208.0], [340.0, 388.9901960784314], [299.0, 388.9901960784314], [448.0, 53.0], [138.0, 189.0], [383.0, 53.0], [340.0, 53.0], [100.0, 63.4869109947644], [68.0, 63.4869109947644], [271.0, 389.0], [226.0, 389.0], [412.0, 238.0], [412.0, 210.0], [312.0153846153846, 169.0], [312.0153846153846, 147.0], [137.0, 156.0], [137.0, 120.0], [450.0, 404.0], [226.00814332247558, 184.0], [226.0, 388.0], [62.0, 388.99384236453204], [311.0, 208.00862068965517], [344.0, 208.0], [344.0, 238.0], [307.0, 53.46408839779006], [344.0, 404.0], [344.0, 284.0], [306.0, 284.5], [245.0, 145.0], [174.0, 145.00485436893203], [268.03636363636366, 283.0], [268.0, 320.0], [228.0, 320.0], [284.0, 145.0062111801242], [340.0, 145.0]]}