{"vertices": [[488.0, 389.0], [488.0, 54.0], [64.50638569604087, 349.0], [64.50638569604087, 229.0], [65.0, 189.0], [65.0, 54.0], [279.0, 54.0], [245.0, 54.0], [212.0, 54.0], [338.0, 53.67696793002916], [307.0, 53.67696793002916], [488.0, 53.67696793002916], [448.0, 53.67696793002916], [383.0, 54.0], [342.0, 54.0], [450.0, 389.0], [340.0, 388.9950495049505], [299.0, 388.9950495049505], [271.0, 389.0], [226.0, 389.0], [425.0, 240.0], [311.0, 240.0], [485.0, 208.00277777777777], [403.0, 208.00277777777777], [137.0, 119.5], [68.0, 119.5], [138.0, 189.0], [100.0, 63.4869109947644], [68.0, 63.4869109947644], [412.0, 238.0], [412.0, 210.0], [312.0153846153846, 169.0], [312.0153846153846, 147.0], [137.0, 156.0], [137.0, 120.0], [450.0, 404.0], [226.00814332247558, 184.0], [226.0, 388.0], [62.0, 388.9950495049505], [311.0, 208.00277777777777], [342.0, 208.0], [342.0, 238.0], [342.0, 145.0], [284.0, 145.00544959128067], [342.0, 404.0], [342.0, 284.0], [306.0, 284.5], [245.0, 145.0], [174.0, 145.00544959128067], [268.03636363636366, 283.0], [268.0, 320.0], [228.0, 320.0]], "weights": [[2.85, 3.35], [2.85], [2.75], [2.75], [2.75, 1.5], [2.75, 4.749999999999998], [2.25], [2.25, 1.5], [4.749999999999998], [2.75], [2.75], [2.25], [2.25], [2.25], [2.25, 1.5], [3.35, 3.35], [2.25], [2.25], [2.25], [2.25], [4.7], [4.7], [1.25], [1.25], [1.0], [1.0], [1.5], [7.75], [7.75], [4.5], [4.5], [1.25], [1.25], [1.5], [1.5], [3.35], [1.25], [1.25, 2.25], [2.25], [1.5], [1.5, 0.5], [0.5], [1.5, 1.25], [1.25], [0.85], [0.85, 1.4], [1.4], [1.5, 1.35], [1.35], [1.75], [1.75, 1.5], [1.5]], "edges": [[1, 15], [0], [3], [2], [5, 26], [4, 8], [7], [6, 47], [5], [10], [9], [12], [11], [14], [13, 42], [0, 35], [17], [16], [19], [18], [21], [20], [23], [22], [25], [24], [4], [28], [27], [30], [29], [32], [31], [34], [33], [15], [37], [36, 38], [37], [40], [39, 41], [40], [14, 43], [42], [45], [44, 46], [45], [7, 48], [47], [50], [49, 51], [50]]}