{"weights": [[1.35, 0.8], [1.35, 1.15], [1.25], [1.25], [1.55, 1.15], [1.55, 1.7], [1.55], [1.55], [1.25], [1.25], [1.5, 2.5], [1.5], [1.5], [1.5], [1.45], [1.45], [0.9], [0.9], [1.2], [1.2], [2.65], [2.65], [1.9], [1.9], [1.0], [1.0], [2.25], [2.25], [2.45], [2.45, 1.95], [2.6], [2.6], [1.25], [1.25], [1.95], [1.95], [1.25], [1.25], [1.7], [1.95], [1.95], [1.15], [3.65], [3.65], [2.5], [3.6], [3.6], [1.35], [1.35], [2.15], [2.15], [1.7], [1.7], [2.45], [2.45], [0.8], [1.75], [1.75, 1.45], [1.75], [1.75], [2.0], [2.0], [0.5], [0.5], [1.4], [1.4], [1.15], [1.3, 1.25], [1.3], [0.7], [0.7], [1.45], [1.45, 3.35], [2.6], [2.6, 2.15], [2.15], [7.049999999999997], [7.049999999999997, 3.35, 3.35], [3.35], [1.95, 2.2], [2.2], [1.25, 2.35], [2.35], [1.35], [1.35, 4.1, 1.35], [4.1], [1.75], [1.75, 2.1], [2.1], [2.2], [2.2, 2.3], [2.3], [3.75], [3.75, 1.6], [1.6], [1.35], [1.35, 1.35, 5.4], [5.4], [1.45], [1.45, 8.1], [8.1], [1.45, 1.2], [1.2]], "edges": [[1, 55], [0, 66], [3], [2], [5, 41], [4, 38], [7], [6], [9], [8], [11, 44], [10], [13], [12], [15], [14], [17], [16], [19], [18], [21], [20], [23], [22], [25], [24], [27], [26], [29], [28, 79], [31], [30], [33], [32], [35], [34], [37], [36], [5], [40], [39], [4], [43], [42], [10], [46], [45], [48], [47], [50], [49], [52], [51], [54], [53], [0], [57], [56, 101], [59], [58], [61], [60], [63], [62], [65], [64], [1], [68, 81], [67], [70], [69], [72], [71, 77], [74], [73, 75], [74], [77], [76, 78, 72], [77], [29, 80], [79], [67, 82], [81], [84], [83, 85, 96], [84], [87], [86, 88], [87], [90], [89, 91], [90], [93], [92, 94], [93], [96], [95, 84, 97], [96], [99], [98, 100], [99], [57, 102], [101]], "vertices": [[462.0, 515.0], [462.0, 294.0], [374.0, 260.0], [279.0, 260.0], [754.0, 295.0], [555.0, 295.0], [278.97297297297297, 260.0], [278.97297297297297, 234.0], [754.0053191489362, 497.0], [754.0053191489362, 371.0], [171.0, 80.0], [171.0, 65.0], [503.0, 261.0], [503.0, 208.0], [454.25, 258.0], [454.25, 207.0], [422.96153846153845, 347.0], [422.96153846153845, 316.0], [475.0, 260.5], [399.0, 260.5], [625.0, 292.0], [625.0, 205.0], [468.0, 80.0], [456.0, 80.0], [147.0, 260.5], [134.0, 260.5], [625.0, 204.98333333333332], [598.0, 204.98333333333332], [300.0, 404.0], [280.0, 404.0], [209.0, 340.0], [173.0, 340.0], [298.0, 297.01960784313724], [280.0, 297.01960784313724], [391.0, 43.627450980392155], [376.0, 43.627450980392155], [555.46875, 231.0], [555.46875, 214.0], [555.0, 256.0], [523.0, 294.27536231884056], [503.0, 294.27536231884056], [754.0, 344.0], [225.0, 80.46808510638297], [213.0, 80.46808510638297], [161.0, 80.0], [120.0, 80.5], [108.0, 80.5], [326.0, 43.62264150943396], [311.0, 43.62264150943396], [453.0, 395.0285714285714], [438.0, 395.0285714285714], [194.0, 311.0], [183.0, 311.0], [407.0, 395.02061855670104], [387.0, 395.02061855670104], [479.0, 515.0], [658.0, 496.0], [645.0, 496.0], [168.0, 312.5272727272727], [154.0, 312.5272727272727], [534.5, 202.0], [534.5, 189.0], [365.0, 238.0], [351.0, 238.0], [131.0, 260.5], [113.0, 260.5], [476.0, 294.0], [385.0, 297.0], [372.0, 297.0], [193.0, 284.0], [183.0, 284.0], [401.0, 227.01612903225808], [423.0, 227.0], [110.00218579234972, 131.0], [110.0, 313.0], [128.0, 313.0], [579.0, 205.55072463768116], [424.0, 205.0], [423.98536585365855, 156.0], [280.0, 340.0], [265.0, 340.5], [385.0, 404.0], [367.0, 404.13698630136986], [172.0, 340.0], [172.0, 260.0], [200.0, 260.0], [515.0, 80.48192771084338], [534.0, 80.0], [534.0, 98.0], [464.0, 317.5], [516.0, 317.0], [516.5, 300.0], [266.0, 80.41935483870968], [279.0, 80.0], [279.0, 100.0], [172.0, -5.0], [172.0, 65.0], [216.0, 65.0], [424.0, 110.0], [424.0, 78.0], [418.0, 78.5], [645.0, 514.0], [629.0, 514.5]]}