{"vertices": [[423.77384196185284, 347.0], [423.77384196185284, 316.0], [460.0, 515.0], [460.0, 295.0], [460.27176470588233, 258.0], [460.27176470588233, 207.0], [374.0, 260.0], [280.0, 260.0], [475.0, 260.2566371681416], [399.0, 260.2566371681416], [200.0, 260.0], [172.0, 260.0], [147.0, 260.2566371681416], [134.0, 260.2566371681416], [131.0, 260.2566371681416], [113.0, 260.2566371681416], [298.0, 295.2714126807564], [280.0, 295.2714126807564], [523.0, 295.2714126807564], [503.0, 295.2714126807564], [476.0, 295.0], [579.0, 205.44940476190476], [424.0, 205.44940476190476], [279.9975845410628, 260.0], [279.9975845410628, 234.0], [754.0078125, 497.0], [754.0078125, 371.0], [754.0, 344.0], [754.0, 295.0], [172.0, 340.0], [503.0, 261.0], [503.0, 208.0], [468.0, 80.25], [456.0, 80.25], [225.0, 80.25], [213.0, 80.25], [120.0, 80.25], [108.0, 80.25], [194.0, 315.6275659824047], [183.0, 315.6275659824047], [168.0, 315.6275659824047], [154.0, 315.6275659824047], [216.0, 65.0], [172.0, 65.0], [300.0, 403.0], [280.0, 403.0], [406.0, 403.0], [385.0, 403.0], [453.0, 402.8532608695652], [439.0, 402.8532608695652], [209.0, 340.0], [391.0, 43.625], [376.0, 43.625], [326.0, 43.625], [311.0, 43.625], [555.1086956521739, 231.0], [555.1086956521739, 214.0], [534.5, 202.0], [534.5, 189.0], [453.0, 394.53731343283584], [438.0, 394.53731343283584], [407.0, 394.53731343283584], [387.0, 394.53731343283584], [479.0, 515.0], [658.0, 496.0], [645.0, 496.0], [365.0, 238.0], [351.0, 238.0], [193.0, 284.0], [183.0, 284.0], [423.77384196185284, 156.0], [423.0, 227.0], [401.0, 227.01612903225808], [424.0, 110.0], [424.0, 80.0], [418.0, 80.25], [372.0, 295.2714126807564], [385.0, 295.0], [110.00218579234972, 131.0], [110.0, 316.0], [128.0, 316.0], [598.0, 205.44940476190476], [625.0, 205.0], [625.0, 292.0], [280.0, 340.0], [265.0, 340.5], [280.0, 100.0], [280.0, 80.0], [266.0, 80.25], [172.0, 80.0], [161.0, 80.25], [515.0, 80.25], [534.0, 80.0], [534.0, 98.0], [464.0, 315.6275659824047], [516.0, 315.0], [516.5, 300.0], [367.0, 402.8532608695652], [385.0, 402.0], [629.0, 514.5087719298245], [645.0, 514.0], [556.0, 295.0], [555.1086956521739, 256.0]], "weights": [[1.05], [1.05], [0.55, 0.7], [0.55, 0.5], [0.3], [0.3], [1.25], [1.25], [1.55], [1.55], [1.25], [1.25, 2.25], [0.75], [0.75], [0.95], [0.95], [0.25], [0.25], [1.7], [1.7], [0.5], [6.65], [6.65], [0.95], [0.95], [1.25], [1.25], [1.25], [1.25, 4.45], [2.25, 2.4], [1.5], [1.5], [1.65], [1.65], [6.75], [6.75], [3.25], [3.25], [0.35], [0.35], [0.35], [0.35], [2.55], [2.55, 1.5], [1.55], [1.55, 2.8], [0.25], [0.25], [0.25], [0.25], [2.4], [1.95], [1.95], [1.8], [1.8], [0.95], [0.95], [2.0], [2.0], [2.25], [2.25], [2.25], [2.25], [0.7], [3.0499999999999945], [3.0499999999999945, 1.7], [0.5], [0.5], [1.1], [1.1], [1.25], [1.25, 1.95], [1.95], [1.45], [1.45, 5.0], [5.0], [0.25], [0.25, 5.05], [5.650000000000001], [5.650000000000001, 0.45], [0.45], [2.35], [2.35, 4.75], [4.75], [2.8, 2.2], [2.2], [1.25], [1.25, 1.85], [1.85], [1.5, 2.75], [2.75], [3.35], [3.35, 2.1], [2.1], [0.5], [0.5, 2.1], [2.1], [1.55], [1.55, 5.05], [0.85], [0.85, 1.7], [4.45, 1.25], [1.25]], "edges": [[1], [0], [3, 63], [2, 20], [5], [4], [7], [6], [9], [8], [11], [10, 29], [13], [12], [15], [14], [17], [16], [19], [18], [3], [22], [21], [24], [23], [26], [25], [28], [27, 101], [11, 50], [31], [30], [33], [32], [35], [34], [37], [36], [39], [38], [41], [40], [43], [42, 89], [45], [44, 84], [47], [46], [49], [48], [29], [52], [51], [54], [53], [56], [55], [58], [57], [60], [59], [62], [61], [2], [65], [64, 100], [67], [66], [69], [68], [71], [70, 72], [71], [74], [73, 75], [74], [77], [76, 98], [79], [78, 80], [79], [82], [81, 83], [82], [45, 85], [84], [87], [86, 88], [87], [43, 90], [89], [92], [91, 93], [92], [95], [94, 96], [95], [98], [97, 77], [100], [99, 65], [28, 102], [101]]}