{"weights": [[0.7, 0.7], [0.7, 0.9], [1.0], [1.0], [0.5, 1.0], [0.5, 0.6], [0.65], [0.65], [0.75, 0.9], [0.75, 1.0], [1.35], [1.35], [0.7], [0.7], [0.5], [0.5], [0.65], [0.65], [0.8], [0.8], [0.75], [0.75, 1.0, 0.8], [1.05], [1.05], [0.75], [0.75], [0.95], [0.95], [0.9], [0.9], [0.65], [0.65], [2.3], [2.3, 2.0], [0.5], [0.5], [1.0, 0.7], [1.0], [0.5], [0.5], [0.6], [1.0], [1.0], [0.7], [0.7], [0.7], [0.7], [0.75], [0.75], [1.3], [1.3, 1.5], [0.8], [0.8, 0.7], [0.9], [0.9], [0.5], [0.5], [1.0], [2.4], [2.4], [0.7], [1.0], [1.0], [1.9], [1.9], [0.7], [0.7], [0.6], [0.6], [0.75], [0.75], [0.5], [0.5], [0.65], [0.65], [0.6], [0.6], [0.5], [0.5], [0.5], [0.5], [0.9], [0.5], [0.5], [0.9], [2.0], [0.55], [0.55], [0.8], [1.5, 0.7], [0.7], [1.1], [1.1, 0.5], [0.5]], "edges": [[1, 52], [0, 81], [3], [2], [5, 21], [4, 40], [7], [6], [9, 84], [8, 57], [11], [10], [13], [12], [15], [14], [17], [16], [19], [18], [21], [20, 4, 88], [23], [22], [25], [24], [27], [26], [29], [28], [31], [30], [33], [32, 85], [35], [34], [37, 60], [36], [39], [38], [5], [42], [41], [44], [43], [46], [45], [48], [47], [50], [49, 89], [52], [51, 0], [54], [53], [56], [55], [9], [59], [58], [36], [62], [61], [64], [63], [66], [65], [68], [67], [70], [69], [72], [71], [74], [73], [76], [75], [78], [77], [80], [79], [1], [83], [82], [8], [33], [87], [86], [21], [50, 90], [89], [92], [91, 93], [92]], "vertices": [[636.0, 209.0], [636.0, 95.0], [176.5, 234.0], [176.5, 96.0], [636.0, 526.0], [470.0, 526.0], [599.0, 95.48936170212765], [551.0, 95.48936170212765], [514.0, 95.0], [514.0, 33.0], [462.0, 241.14102564102564], [413.0, 241.14102564102564], [478.0, 240.0], [466.0, 240.0], [305.0, 291.0], [305.0, 272.0], [426.0, 95.35714285714286], [408.0, 95.35714285714286], [597.0, 209.0], [561.0, 209.0], [667.0, 304.0], [636.0, 304.0], [545.797619047619, 243.0], [545.797619047619, 209.0], [176.5680473372781, 349.0], [176.5680473372781, 254.0], [218.0, 231.0], [218.0, 209.0], [260.0, 190.0], [216.0, 190.0], [236.0, 95.63888888888889], [213.0, 95.63888888888889], [360.0, 253.0], [360.0, 241.0], [424.0, 344.0], [393.0, 344.0], [470.0, 344.0], [444.0, 344.0], [667.0, 268.0], [667.0, 256.0], [470.0, 514.0], [301.0, 95.61904761904762], [262.0, 95.61904761904762], [208.0, 349.0], [177.0, 349.0], [514.0, 292.0], [514.0, 279.0], [357.94827586206895, 344.0], [357.94827586206895, 293.0], [309.0, 306.0], [288.0, 306.0], [667.0, 234.0], [667.0, 209.0], [259.0, 242.0], [259.0, 230.0], [594.0, 295.0], [594.0, 274.0], [502.0, 33.0], [272.33898305084745, 161.0], [272.33898305084745, 122.0], [470.0, 370.0], [484.0, 265.0], [459.0, 265.0], [287.0, 170.0], [287.0, 160.0], [261.0, 258.0], [237.0, 258.0], [373.0, 344.0], [358.0, 344.0], [218.0, 208.53846153846155], [189.0, 208.53846153846155], [594.0, 254.0], [594.0, 238.0], [364.0, 95.34482758620689], [345.0, 95.34482758620689], [356.0, 306.0], [336.0, 306.0], [438.0, 34.0], [427.0, 34.0], [459.0, 317.0], [459.0, 305.0], [624.0, 95.0], [667.0, 253.0], [667.0, 239.0], [526.0, 95.0], [372.0, 241.0], [299.0, 229.0], [289.0, 229.0], [621.0, 304.44], [288.0, 349.0], [248.0, 349.3968253968254], [286.0, 257.48], [305.0, 257.0], [305.0, 245.0]]}