{"vertices": [[636.0, 526.0], [636.0, 305.0], [176.5258426966292, 234.0], [176.5258426966292, 96.0], [176.5258426966292, 347.0], [176.5258426966292, 254.0], [470.0, 526.0], [599.0, 95.47232472324723], [551.0, 95.47232472324723], [426.0, 95.47232472324723], [408.0, 95.47232472324723], [236.0, 95.47232472324723], [213.0, 95.47232472324723], [301.0, 95.47232472324723], [262.0, 95.47232472324723], [364.0, 95.47232472324723], [345.0, 95.47232472324723], [526.0, 95.0], [514.0, 95.0], [514.0, 34.0], [514.4468085106383, 292.0], [514.4468085106383, 279.0], [462.0, 241.05050505050505], [413.0, 241.05050505050505], [478.0, 241.05050505050505], [466.0, 241.05050505050505], [372.0, 241.0], [358.0, 241.0], [305.0, 291.0], [305.0, 272.0], [597.0, 208.7913043478261], [561.0, 208.7913043478261], [667.0, 209.0], [636.0, 209.0], [218.0, 208.7913043478261], [189.0, 208.7913043478261], [667.0, 305.0], [636.0, 304.97478991596637], [621.0, 304.97478991596637], [309.0, 305.0], [288.0, 305.0], [356.0, 304.97478991596637], [336.0, 304.97478991596637], [545.797619047619, 243.0], [545.797619047619, 209.0], [288.17261904761904, 170.0], [288.17261904761904, 160.0], [218.0, 231.0], [218.0, 209.0], [260.0, 190.0], [216.0, 190.0], [358.0, 253.0], [424.0, 347.33684210526314], [393.0, 347.33684210526314], [208.0, 347.0], [177.0, 347.0], [667.0, 268.0], [667.0, 256.0], [667.0, 234.0], [667.0, 253.0], [667.0, 239.0], [470.0, 514.0], [484.0, 260.18918918918916], [459.0, 260.18918918918916], [261.0, 260.18918918918916], [237.0, 260.18918918918916], [259.0, 242.0], [259.0, 230.0], [594.0, 295.0], [594.0, 274.0], [594.0, 254.0], [594.0, 238.0], [514.0, 33.5], [502.0, 33.5], [438.0, 33.5], [427.0, 33.5], [272.33898305084745, 161.0], [272.33898305084745, 122.0], [459.0, 317.0], [459.0, 305.0], [299.0, 229.0], [289.0, 229.0], [636.0, 95.0], [624.0, 95.47232472324723], [305.0, 245.0], [305.0, 260.0], [286.0, 260.18918918918916], [288.0, 347.0], [248.0, 347.33684210526314], [358.4156626506024, 293.0], [358.0, 347.0], [373.0, 347.0], [444.0, 347.33684210526314], [470.0, 347.0], [470.0, 370.0]], "weights": [[1.0, 0.65], [1.0, 1.05], [0.75], [0.75], [0.75], [0.75], [0.65, 0.8], [0.75], [0.75], [0.65], [0.65], [0.75], [0.75], [0.8], [0.8], [0.7], [0.7], [0.9], [0.9, 0.95], [0.95], [0.5], [0.5], [1.45], [1.45], [0.5], [0.5], [1.75], [1.75, 2.85], [0.5], [0.5], [0.5], [0.5], [0.55, 1.2], [0.55, 1.0], [0.75], [0.75], [1.05], [0.75], [0.75], [0.55], [0.55, 1.65], [0.25], [0.25], [1.05], [1.05], [0.5], [0.5], [1.25], [1.25], [0.5], [0.5], [2.85], [0.25], [0.25], [0.3], [0.3], [0.5], [0.5], [1.2], [0.5], [0.5], [0.8], [0.25], [0.25], [0.25], [0.25], [1.0], [1.0], [1.1], [1.1], [0.6], [0.6], [1.1], [1.1], [0.25], [0.25], [0.9], [0.9], [0.6], [0.6], [0.6], [0.6], [1.0, 0.7], [0.7], [0.5], [0.5, 0.35], [0.35], [1.65, 0.25], [0.25], [1.0], [1.0, 0.35], [0.35], [0.25], [0.25, 0.6], [0.6]], "edges": [[1, 6], [0, 36], [3], [2], [5], [4], [0, 61], [8], [7], [10], [9], [12], [11], [14], [13], [16], [15], [18], [17, 19], [18], [21], [20], [23], [22], [25], [24], [27], [26, 51], [29], [28], [31], [30], [33, 58], [32, 82], [35], [34], [1], [38], [37], [40], [39, 87], [42], [41], [44], [43], [46], [45], [48], [47], [50], [49], [27], [53], [52], [55], [54], [57], [56], [32], [60], [59], [6], [63], [62], [65], [64], [67], [66], [69], [68], [71], [70], [73], [72], [75], [74], [77], [76], [79], [78], [81], [80], [33, 83], [82], [85], [84, 86], [85], [40, 88], [87], [90], [89, 91], [90], [93], [92, 94], [93]]}