{"weights": [[2.85], [2.85], [4.4], [4.4, 1.0], [0.75, 1.0], [0.75, 1.5], [0.75], [0.75, 1.0], [0.5], [0.5], [2.65], [2.65], [1.0], [1.0], [1.0], [1.5], [1.5], [1.5], [1.5], [1.5], [1.5, 1.5], [1.5], [1.05], [1.05], [1.5, 1.5], [1.5], [1.5, 1.5], [1.0], [1.0], [1.0], [1.0], [0.6], [0.6], [0.7], [0.7, 1.5], [1.5], [1.0], [1.0, 1.0, 0.55], [1.0], [1.0, 1.0], [0.95], [0.95, 0.6], [0.6], [1.0], [1.0, 0.55]], "edges": [[1], [0], [3], [2, 12], [5, 13], [4, 19], [7], [6, 14], [9], [8], [11], [10], [3], [4], [7], [16], [15], [18], [17], [5], [21, 24], [20], [23], [22], [20, 26], [26], [25, 24], [28], [27], [30], [29], [32], [31], [34], [33, 35], [34], [37], [36, 39, 44], [39], [38, 37], [41], [40, 42], [41], [44], [43, 37]], "vertices": [[373.52100840336135, 415.0], [373.52100840336135, 274.0], [566.0, 142.0], [566.0, 24.0], [545.0, 500.0], [545.0, 343.0], [448.0, 196.0], [448.0, 24.0], [305.0, 239.0], [305.0, 139.0], [266.50958904109586, 391.0], [266.50958904109586, 310.0], [547.0, 24.0], [584.0, 500.0], [479.0, 24.0], [359.0, 391.0], [359.0, 368.0], [413.0, 415.0], [374.0, 415.0], [501.0, 343.0], [283.0, 391.0], [267.0, 391.0], [623.0, 139.5076923076923], [590.0, 139.5076923076923], [275.0, -60.0], [285.0, 381.0], [275.0, 381.0], [702.0, 139.5], [677.0, 139.5], [547.0, 23.5], [534.0, 23.5], [546.0, 215.0], [546.0, 190.0], [499.50359712230215, 276.0], [499.0, 415.0], [463.0, 415.0], [532.0, 274.5], [652.0, 274.0], [702.0, 140.0], [702.0, 274.0], [481.0, 216.46445497630333], [594.0, 216.0], [594.0, 191.0], [615.0, 499.5], [652.0, 499.0]]}