{"vertices": [[373.52100840336135, 415.0], [373.52100840336135, 274.0], [566.0, 142.0], [566.0, 24.0], [546.0, 500.0], [546.0, 343.0], [545.535294117647, 215.0], [545.535294117647, 190.0], [448.0, 196.0], [448.0, 24.0], [305.0, 239.0], [305.0, 139.0], [266.50958904109586, 391.0], [266.50958904109586, 310.0], [413.0, 415.0], [374.0, 415.0], [547.0, 24.0], [479.0, 24.0], [547.0, 23.5], [534.0, 23.5], [584.0, 500.0], [359.0, 391.0], [359.0, 368.0], [501.0, 343.0], [283.0, 391.0], [267.0, 391.0], [623.0, 139.50442477876106], [590.0, 139.50442477876106], [702.0, 139.50442477876106], [677.0, 139.50442477876106], [275.0, -60.0], [285.0, 381.0], [275.0, 381.0], [499.50359712230215, 276.0], [499.0, 415.0], [463.0, 415.0], [532.0, 274.5], [652.0, 274.0], [702.0, 140.0], [702.0, 274.0], [481.0, 216.46445497630333], [594.0, 216.0], [594.0, 191.0], [615.0, 499.5], [652.0, 499.0]], "weights": [[5.3], [5.3], [0.75], [0.75, 1.0], [0.75, 1.0], [0.75, 1.5], [0.55], [0.55], [0.65], [0.65, 1.0], [0.7], [0.7], [0.25], [0.25], [1.3], [1.3], [1.0], [1.0], [1.0], [1.0], [1.0], [1.5], [1.5], [1.5], [1.5, 1.5], [1.5], [0.9], [0.9], [0.75], [0.75], [1.5, 1.5], [1.5], [1.5, 1.5], [0.9], [0.9, 1.5], [1.5], [1.3], [1.3, 1.0, 0.5], [1.0], [1.0, 1.0], [0.7], [0.7, 0.5], [0.5], [1.0], [1.0, 0.5]], "edges": [[1], [0], [3], [2, 16], [5, 20], [4, 23], [7], [6], [9], [8, 17], [11], [10], [13], [12], [15], [14], [3], [9], [19], [18], [4], [22], [21], [5], [25, 30], [24], [27], [26], [29], [28], [24, 32], [32], [31, 30], [34], [33, 35], [34], [37], [36, 39, 44], [39], [38, 37], [41], [40, 42], [41], [44], [43, 37]]}