{"vertices": [[112.0, 548.0], [112.0, 282.0], [628.03, 209.0], [628.03, 121.0], [79.0, 282.0], [79.0, 123.0], [543.7593360995851, 433.0], [543.7593360995851, 365.0], [247.0, 548.0], [247.0, 371.0], [455.0, 281.87654320987656], [357.0, 281.87654320987656], [656.0, 282.0], [635.0, 282.0], [324.0, 282.0], [293.0, 282.0], [722.0, 123.0], [668.0, 123.0], [114.0, 123.0], [221.0, 123.30516431924883], [188.0, 123.30516431924883], [258.0, 123.0], [223.0, 123.0], [492.0, 242.0], [455.0, 242.0], [257.0, 242.0], [223.0, 242.0], [293.0, 371.0], [293.0, 215.0], [293.0, 159.0], [571.0, 433.0], [544.0, 433.0], [626.0, 433.4404761904762], [601.0, 433.4404761904762], [679.0, 190.78735632183907], [630.0, 190.78735632183907], [256.0, 190.78735632183907], [225.0, 190.78735632183907], [149.0, 548.0], [210.0, 548.0], [350.0, 100.0], [319.0, 100.0], [455.0, 99.71212121212122], [424.0, 99.71212121212122], [595.0, 242.0], [628.0, 209.0], [642.5136363636364, 194.51363636363624], [317.0, 371.0], [668.0, 163.0], [467.384236453202, 241.0], [467.384236453202, 217.0], [709.0, 222.0], [679.0, 191.0], [319.0, 159.0], [319.0, 215.0], [455.0, 100.0], [357.0, 242.0291777188329], [455.0, 282.0], [455.0, 433.0], [417.0, 433.4404761904762], [774.7929411764705, 310.0], [774.0, 471.0], [747.0, 471.0], [774.7929411764705, 191.0], [774.0, 281.0], [743.0, 281.87654320987656], [628.03, 331.0], [628.0, 471.0], [656.0, 471.0], [254.0, 282.0], [154.0, 282.0], [154.0, 256.0], [687.0, 281.87654320987656], [709.0, 281.0], [285.0, 123.30516431924883], [319.0, 123.0], [319.0, 242.0], [289.0, 242.0291777188329], [181.0, 256.0], [181.52, 242.0], [319.2705570291777, 337.0], [320.0, 433.0], [355.0, 433.0]], "weights": [[1.6, 1.5], [1.6, 0.25, 0.35], [7.35], [7.35], [1.25, 0.25], [1.25, 1.35], [1.65], [1.65], [1.5, 1.5], [1.5, 1.25], [0.5], [0.5], [0.25], [0.25, 0.7499999999999859], [0.5], [0.5, 0.5], [1.25], [1.25, 0.7], [1.35], [1.25], [1.25], [2.05], [2.05, 1.5], [0.5], [0.5, 3.45, 0.7], [0.75], [0.75, 1.5], [0.5, 1.25, 1.25], [0.5, 0.5], [0.5, 0.9], [0.25], [0.25], [0.25], [0.25], [0.35], [0.35], [0.25], [0.25], [1.5], [1.5], [1.35], [1.35, 0.8], [1.75], [1.75], [0.6499999999999692, 0.7499999999999859], [0.6499999999999692, 5.399999999999983], [5.399999999999983], [1.25], [0.7], [1.5], [1.5], [0.49999999999996386, 0.75], [0.49999999999996386], [0.9, 0.8], [0.5, 0.55], [3.45], [0.7], [1.85], [1.85, 0.5], [0.5], [1.25], [1.25, 1.5], [1.5], [2.95], [2.95, 0.25], [0.25], [1.45], [1.45, 1.6], [1.6], [0.35], [0.35, 0.35, 0.6], [0.6, 0.5], [0.25], [0.25, 0.75], [1.25], [1.25, 0.8, 0.8], [0.55, 0.95], [0.95], [0.5, 0.75], [0.75], [0.85], [0.85, 0.5], [0.5]], "edges": [[1, 38], [0, 4, 70], [3], [2], [5, 1], [4, 18], [7], [6], [9, 39], [8, 27], [11], [10], [13], [12, 44], [15], [14, 27], [17], [16, 48], [5], [20], [19], [22], [21, 26], [24], [23, 55, 56], [26], [25, 22], [15, 47, 9], [29, 54], [28, 53], [31], [30], [33], [32], [35], [34], [37], [36], [0], [8], [41], [40, 75], [43], [42], [45, 13], [44, 46], [45], [27], [17], [50], [49], [52, 73], [51], [29, 75], [28, 76], [24], [24], [58], [57, 59], [58], [61], [60, 62], [61], [64], [63, 65], [64], [67], [66, 68], [67], [70], [69, 1, 71], [70, 78], [73], [72, 51], [75], [74, 53, 41], [54, 77], [76], [71, 79], [78], [81], [80, 82], [81]]}