{"weights": [[1.5, 1.6], [1.5, 0.6, 1.6], [1.6, 1.5], [1.6], [2.55], [2.55], [1.25, 1.6], [1.25, 1.55], [4.05], [4.05], [1.5, 1.5], [1.5, 1.25], [1.8], [1.8, 0.9], [1.6, 1.6], [1.6], [4.7], [4.7, 5.95, 0.75], [1.55], [0.6], [1.5, 1.0], [1.5, 1.5, 1.95], [0.7, 0.7], [0.7, 0.5999999999999728], [0.5, 1.5, 1.25], [0.5, 0.7], [1.5], [0.5, 0.5], [0.5, 0.5], [1.95], [1.0], [2.9], [2.9], [1.6], [0.7], [0.7, 0.5999999999999647], [1.25], [1.25, 1.25], [1.8], [1.8], [0.5999999999999728, 0.5999999999999647], [0.5999999999999728, 1.04999999999997], [1.5], [0.9], [1.5], [1.5], [1.5], [2.0], [2.0], [1.6], [1.04999999999997], [1.5], [1.5], [0.5999999999999728], [1.5], [0.7], [0.7], [0.75], [0.75], [0.5, 1.25], [0.5, 0.6], [0.5], [0.5, 1.1], [5.95], [0.75], [1.65], [1.65, 0.5], [0.5], [1.0], [1.0, 1.55], [1.25, 1.25, 1.25], [1.25], [1.25], [1.25, 1.75], [1.75], [0.95], [0.95, 0.6], [1.75], [1.75, 1.55], [1.1, 0.75], [0.75]], "edges": [[1, 33], [0, 19, 6], [3, 54], [2], [5], [4], [7, 1], [6, 18], [9], [8], [11, 46], [10, 24], [13], [12, 43], [15, 49], [14], [17], [16, 63, 64], [7], [1], [21, 30], [20, 26, 29], [23, 56], [22, 53], [25, 42, 11], [24, 55], [21], [28, 60], [27, 59], [21], [20], [32], [31], [0], [35], [34, 40], [37], [36, 70], [39], [38], [41, 35], [40, 50], [24], [13], [45], [44], [10], [48], [47], [14], [41], [52], [51], [23], [2], [25], [22], [58], [57], [28, 70], [27, 76], [62], [61, 79], [17], [17], [66], [65, 67], [66], [69], [68, 78], [59, 37, 71], [70], [73], [72, 74], [73], [76], [75, 60], [78], [77, 69], [62, 80], [79]], "vertices": [[112.0, 548.0], [112.0, 284.0], [775.0, 471.0], [775.0, 310.0], [628.0758122743682, 209.0], [628.0758122743682, 121.0], [79.0, 284.0], [79.0, 124.0], [543.7593360995851, 437.0], [543.7593360995851, 365.0], [247.0, 548.0], [247.0, 371.0], [722.0, 123.0], [668.0, 123.0], [628.0, 471.0], [628.0, 331.0], [492.0, 242.0], [456.0, 242.0], [114.0, 124.0], [254.0, 284.0], [223.0, 242.0], [223.0, 123.0], [709.0, 277.0], [709.0, 222.0], [293.0, 371.0], [293.0, 283.0], [188.0, 123.0], [293.0, 215.0], [293.0, 159.0], [258.0, 123.0], [257.0, 242.0], [682.0, 193.63716814159292], [630.0, 193.63716814159292], [149.0, 548.0], [656.0, 277.0], [630.0, 277.0], [350.0, 100.0], [319.0, 100.0], [571.0, 437.0], [544.0, 437.0], [595.0, 242.0], [628.0, 209.0], [317.0, 371.0], [668.0, 163.0], [467.384236453202, 241.0], [467.384236453202, 217.0], [210.0, 548.0], [456.0, 99.5], [424.0, 99.5], [656.0, 471.0], [642.76, 194.75999999999988], [626.0, 437.0], [601.0, 437.0], [682.0, 194.0], [747.0, 471.0], [324.0, 283.0], [687.0, 277.0], [256.0, 185.50819672131146], [225.0, 185.50819672131146], [319.0, 159.0], [320.0, 215.0], [154.0, 282.0], [154.0, 256.0], [456.0, 100.0], [357.0, 242.40251572327045], [774.5164835164835, 191.0], [774.0, 277.0], [743.0, 277.0], [357.0, 282.5], [454.0, 282.0], [319.0, 123.0], [285.0, 123.02], [319.14159292035396, 337.0], [319.0, 432.0], [355.0, 432.0], [289.0, 242.52380952380952], [320.0, 242.0], [417.0, 431.4963503649635], [454.0, 431.0], [181.0, 256.0], [181.52, 242.0]]}