{"vertices": [[130.0, 348.0], [130.0, 14.0], [402.0, 14.255529685681024], [302.0, 14.255529685681024], [261.0, 14.0], [437.0, 14.0], [415.0, 14.0], [475.0, 225.0], [475.0, 75.0], [314.24935732647816, 161.0], [314.24935732647816, 15.0], [696.0, 75.0], [325.69351230425053, 157.0], [325.69351230425053, 15.0], [415.3992606284658, 182.0], [415.3992606284658, 103.0], [415.0, 66.0], [695.0, 224.55495978552278], [636.0, 224.55495978552278], [258.0, 225.0], [1375.0, 232.0], [149.0, 224.55495978552278], [132.0, 224.55495978552278], [543.2742980561555, 221.0], [543.2742980561555, 160.0], [543.2742980561555, 124.0], [543.2742980561555, 77.0], [380.0, 282.3358778625954], [315.0, 282.3358778625954], [360.0, 411.0], [314.0, 411.0], [472.0, 410.780585106383], [441.0, 410.780585106383], [216.0, 185.93384615384616], [132.0, 185.93384615384616], [695.0, 185.93384615384616], [642.0, 185.93384615384616], [277.0, 185.93384615384616], [254.0, 185.93384615384616], [149.0, 232.0], [132.0, 232.0], [413.0, 145.5], [328.0, 145.5], [484.0, 541.5573770491803], [471.0, 541.5573770491803], [699.0, 541.5573770491803], [687.0, 541.5573770491803], [697.0, 460.33836858006043], [675.0, 460.33836858006043], [631.0, 460.33836858006043], [611.0, 460.33836858006043], [500.0, 460.0], [475.0, 460.0], [563.0, 460.33836858006043], [543.0, 460.33836858006043], [287.4644670050761, 195.46446700507607], [340.8095238095238, 281.1904761904762], [314.0, 255.0], [203.055900621118, 228.0], [203.055900621118, 191.0], [203.055900621118, 116.0], [203.055900621118, 103.0], [609.0, 381.0], [609.0, 368.0], [170.51785714285714, 318.0], [170.51785714285714, 304.0], [170.51785714285714, 88.0], [170.51785714285714, 73.0], [242.0, 116.0], [242.0, 103.0], [242.0, 347.0], [242.0, 334.0], [184.0, 116.0], [184.0, 103.0], [696.8517520215634, 460.0], [696.0, 232.0], [696.8517520215634, 160.0], [250.0, 232.0], [697.0, 96.0], [697.0, 14.0], [480.0, 14.255529685681024], [130.23805668016195, 391.0], [130.0, 411.0], [190.0, 411.0], [475.0, 282.0], [427.0, 282.3358778625954], [314.0, 410.0], [254.0, 410.780585106383], [593.0, 225.0], [593.4903225806452, 182.0], [351.0, 183.0], [351.0, 169.0], [326.0, 157.0], [351.1834862385321, 183.0], [352.0, 169.0], [351.1834862385321, 148.0]], "weights": [[1.75], [1.75, 1.8500000000000008], [0.65], [0.65], [1.8500000000000008], [1.75], [1.75, 1.85], [1.65, 2.25], [1.65, 6.65], [0.25], [0.25], [6.65], [4.25], [4.25], [1.75], [1.75], [1.85], [1.85], [1.85], [0.25, 1.6500000000000132], [0.25, 2.0], [0.25], [0.25], [2.25], [2.25], [1.75], [1.75], [1.75], [1.75], [1.95], [1.95], [1.75], [1.75], [0.25], [0.25], [0.45], [0.45], [0.25], [0.25], [2.3], [2.3], [6.1], [6.1], [4.3], [4.3], [5.25], [5.25], [2.25], [2.25], [1.75], [1.75], [1.85], [1.85, 1.65], [1.85], [1.85], [1.6500000000000132], [3.3500000000000107], [3.3500000000000107, 0.5], [1.95], [1.95], [0.25], [0.25], [1.1], [1.1], [0.5], [0.5], [0.3], [0.3], [0.25], [0.25], [0.6], [0.6], [0.7], [0.7], [1.45], [1.45, 1.45, 2.0, 2.0], [1.45], [2.0], [1.5], [1.5, 1.75], [1.75], [1.85], [1.85, 5.75], [5.75], [1.65, 1.35], [1.35], [0.5, 1.75], [1.75], [2.25, 1.9], [1.9], [2.4000000000000115], [2.4000000000000115, 2.4000000000000115], [2.4000000000000115], [1.25], [1.25, 1.25], [1.25]], "edges": [[1], [0, 4], [3], [2], [1], [6], [5, 16], [8, 88], [7, 11], [10], [9], [8], [13], [12], [15], [14], [6], [18], [17], [20, 55], [19, 75], [22], [21], [24], [23], [26], [25], [28], [27], [30], [29], [32], [31], [34], [33], [36], [35], [38], [37], [40], [39], [42], [41], [44], [43], [46], [45], [48], [47], [50], [49], [52], [51, 84], [54], [53], [19], [57], [56, 86], [59], [58], [61], [60], [63], [62], [65], [64], [67], [66], [69], [68], [71], [70], [73], [72], [75], [74, 76, 77, 20], [75], [75], [79], [78, 80], [79], [82], [81, 83], [82], [52, 85], [84], [57, 87], [86], [7, 89], [88], [91], [90, 92], [91], [94], [93, 95], [94]]}