{"weights": [[1.65], [1.65, 1.75], [6.45, 1.75], [6.45, 1.6], [1.65], [1.65, 1.75], [1.75], [1.75], [2.6], [2.6], [2.15], [2.15], [1.75], [1.75], [1.65], [1.65], [6.05], [6.05], [4.75], [4.75, 1.85], [1.6], [1.6], [1.75], [1.75], [2.7], [2.7], [1.75], [1.75], [4.65], [4.65], [1.65], [1.65], [1.6], [2.2], [2.2], [1.75], [1.75], [1.75], [1.85], [1.85], [1.6500000000000135], [1.6500000000000135], [5.55], [5.55], [2.6500000000000092], [2.6500000000000092, 2.15], [1.25], [1.25], [2.1], [2.1], [1.85], [2.2], [2.2], [0.9], [0.9], [1.85], [1.85], [1.3], [1.3], [0.5], [0.5], [0.8], [0.8], [0.7], [0.7], [0.8], [0.8], [1.85], [1.85], [0.5], [0.5], [1.75], [1.75, 1.85], [1.85], [2.15, 1.75], [1.75], [1.5], [1.5, 1.5, 3.55], [1.5], [3.55, 2.450000000000012], [1.75], [1.75, 1.8], [1.8], [1.5], [1.5, 1.85], [1.85], [1.55], [1.55, 2.450000000000012], [1.85], [1.85, 1.75], [1.75]], "edges": [[1], [0, 7], [3, 37], [2, 32], [5], [4, 6], [5], [1], [9], [8], [11], [10], [13], [12], [15], [14], [17], [16], [19], [18, 50], [21], [20], [23], [22], [25], [24], [27], [26], [29], [28], [31], [30], [3], [34], [33], [36], [35], [2], [39], [38], [41], [40], [43], [42], [45], [44, 74], [47], [46], [49], [48], [19], [52], [51], [54], [53], [56], [55], [58], [57], [60], [59], [62], [61], [64], [63], [66], [65], [68], [67], [70], [69], [72], [71, 73], [72], [45, 75], [74], [77], [76, 78, 79], [77], [77, 87], [81], [80, 82], [81], [84], [83, 85], [84], [87], [86, 79], [89], [88, 90], [89]], "vertices": [[130.0, 348.0], [130.0, 15.0], [475.0, 460.0], [475.0, 282.0], [475.0, 231.0], [475.0, 75.0], [696.0, 75.0], [261.0, 15.0], [695.0, 223.5], [636.0, 223.5], [543.1459074733096, 221.0], [543.1459074733096, 160.0], [543.4725274725274, 124.0], [543.4725274725274, 77.0], [380.0, 282.51162790697674], [315.0, 282.51162790697674], [252.0, 230.46441947565543], [187.0, 230.46441947565543], [415.0, 66.0], [415.0, 14.0], [360.0, 411.0], [312.0, 411.0], [216.0, 188.49096385542168], [132.0, 188.49096385542168], [413.0, 145.5], [328.0, 145.5], [190.0, 411.0], [130.0, 411.0], [484.0, 542.024], [471.0, 542.024], [472.0, 410.4237288135593], [441.0, 410.4237288135593], [427.0, 282.0], [695.0, 181.5], [642.0, 181.5], [631.0, 460.4], [611.0, 460.4], [500.0, 460.0], [563.0, 460.48], [543.0, 460.48], [252.0, 230.0], [287.4644670050761, 195.46446700507607], [699.0, 541.0672268907563], [687.0, 541.0672268907563], [340.8095238095238, 281.1904761904762], [312.0, 253.0], [277.0, 188.5421686746988], [254.0, 188.5421686746988], [203.5, 228.0], [203.5, 191.0], [437.0, 14.0], [325.0, 15.0], [302.0, 15.0], [609.0, 381.0], [609.0, 368.0], [129.54285714285714, 411.0], [129.54285714285714, 391.0], [172.5, 318.0], [172.5, 304.0], [240.0, 116.0], [240.0, 103.0], [198.0, 116.0], [198.0, 103.0], [244.0, 347.0], [244.0, 334.0], [168.53571428571428, 88.0], [168.53571428571428, 73.0], [149.0, 230.54545454545453], [132.0, 230.54545454545453], [184.0, 116.0], [184.0, 103.0], [696.6635030198447, 160.0], [696.0, 460.0], [675.0, 460.02222222222224], [312.0, 410.0], [254.0, 410.51363636363635], [402.0, 16.163120567375888], [325.0, 16.0], [303.0, 16.163120567375888], [325.0, 157.0], [415.4182389937107, 103.0], [415.0, 179.0], [399.0, 179.5], [476.0, 222.75118858954042], [593.0, 222.0], [593.4903225806452, 182.0], [351.1834862385321, 148.0], [351.0, 183.0], [698.0, 96.0], [698.0, 14.0], [480.0, 13.498253783469151]]}