{"weights": [[2.05], [2.05, 2.25], [2.35], [2.35], [2.25, 1.7], [2.25], [2.25], [1.7], [1.85], [1.85], [2.55], [2.55], [2.15], [2.15], [2.35], [2.35], [1.6], [1.6], [2.5], [2.5], [3.55], [3.55], [0.75], [0.75, 0.5], [6.1], [6.1], [0.65], [0.65], [1.85], [1.85], [1.75, 1.6999999999999975], [1.75], [2.0], [2.0], [5.95], [5.95], [1.5], [1.5, 2.2], [3.55], [3.55], [1.85], [1.85], [2.45], [2.45], [2.2], [0.75], [0.75], [0.75], [0.75], [2.85], [2.85], [2.5], [2.5], [0.5], [0.5], [1.6999999999999975], [1.9500000000000057], [1.9500000000000057], [0.5], [2.25], [2.25, 0.65], [0.65], [2.1], [2.1, 3.85], [3.85]], "edges": [[1], [0, 4], [3], [2], [1, 7], [6], [5], [4], [9], [8], [11], [10], [13], [12], [15], [14], [17], [16], [19], [18], [21], [20], [23], [22, 58], [25], [24], [27], [26], [29], [28], [31, 55], [30], [33], [32], [35], [34], [37], [36, 44], [39], [38], [41], [40], [43], [42], [37], [46], [45], [48], [47], [50], [49], [52], [51], [54], [53], [30], [57], [56], [23], [60], [59, 61], [60], [63], [62, 64], [63]], "vertices": [[604.0, 20.0], [74.0, 20.0], [764.0, 328.0], [764.0, 20.0], [74.0, 538.0], [764.7571234735414, 475.0], [764.7571234735414, 321.0], [393.0, 538.0], [312.22403258655805, 262.0], [312.22403258655805, 22.0], [356.0, 535.0], [356.0, 361.0], [247.0, 157.69333333333333], [76.0, 157.69333333333333], [764.0, 19.987632508833922], [646.0, 19.987632508833922], [184.0, 267.52100840336135], [77.0, 267.52100840336135], [761.0, 250.0], [722.0, 250.0], [351.0, 249.6268115942029], [315.0, 249.6268115942029], [647.0, 56.0], [598.0, 56.0], [545.6271186440678, 177.0], [545.6271186440678, 154.0], [356.0, 360.50387596899225], [274.0, 360.50387596899225], [165.17341040462426, 61.0], [165.17341040462426, 23.0], [247.0, 204.0], [247.0, 158.0], [517.5, 65.0], [517.5, 23.0], [533.275, 194.0], [533.275, 170.0], [724.0, 203.0], [724.0, 192.0], [218.99310344827586, 155.0], [218.99310344827586, 124.0], [254.49006622516555, 61.0], [254.49006622516555, 23.0], [174.5121951219512, 155.0], [174.5121951219512, 124.0], [761.0, 192.0], [556.4857142857143, 192.0], [556.4857142857143, 156.0], [724.4545454545455, 177.0], [724.4545454545455, 165.0], [631.0, 26.936936936936938], [612.0, 26.936936936936938], [159.0, 264.0], [159.0, 252.0], [304.0, 365.0], [283.0, 365.0], [233.98437500000003, 216.98437500000003], [184.0, 268.0], [198.24418604651166, 253.24418604651166], [598.0, 35.0], [446.0, 538.136026936027], [765.0, 538.0], [765.4307692307692, 487.0], [517.5, 119.0], [517.0, 249.0], [484.0, 249.52845528455285]]}