{"vertices": [[604.0, 20.0], [74.0, 20.0], [764.0, 19.85993377483444], [646.0, 19.85993377483444], [631.0, 19.85993377483444], [612.0, 19.85993377483444], [393.0, 538.0], [74.0, 538.0], [764.0, 475.0], [764.0, 20.0], [312.22403258655805, 262.0], [312.22403258655805, 22.0], [517.5, 65.0], [517.5, 23.0], [356.0, 535.0], [356.0, 361.0], [250.0, 157.69333333333333], [76.0, 157.69333333333333], [184.0, 267.52100840336135], [77.0, 267.52100840336135], [761.0, 249.69456066945608], [722.0, 249.69456066945608], [351.0, 249.69456066945608], [315.0, 249.69456066945608], [647.0, 56.0], [598.0, 56.0], [545.6271186440678, 177.0], [545.6271186440678, 154.0], [356.0, 360.84229390681], [274.0, 360.84229390681], [165.64285714285714, 61.0], [165.64285714285714, 23.0], [165.64285714285714, 155.0], [165.64285714285714, 124.0], [165.64285714285714, 264.0], [165.64285714285714, 252.0], [250.0, 201.0], [250.0, 158.0], [249.92105263157896, 61.0], [249.92105263157896, 23.0], [533.275, 194.0], [533.275, 170.0], [724.0, 203.0], [724.0, 192.0], [724.0, 177.0], [724.0, 165.0], [218.99310344827586, 155.0], [218.99310344827586, 124.0], [175.5, 155.0], [175.5, 124.0], [761.0, 192.0], [556.4857142857143, 192.0], [556.4857142857143, 156.0], [256.0, 60.0], [256.0, 23.0], [630.0, 29.227272727272727], [614.0, 29.227272727272727], [234.13333333333335, 217.13333333333335], [184.0, 268.0], [198.13333333333335, 253.13333333333335], [598.0, 35.0], [446.0, 538.1449787835926], [764.0, 538.0], [764.4451219512196, 487.0], [517.5, 119.0], [517.0, 249.0], [484.0, 249.69456066945608]], "weights": [[1.95], [1.95, 2.15], [2.35], [2.35], [0.25], [0.25], [2.15], [2.15, 2.15], [2.25], [2.25], [2.55], [2.55], [2.0], [2.0], [2.05], [2.05], [2.15], [2.15], [1.95], [1.95], [2.25], [2.25], [3.55], [3.55], [0.85], [0.85, 0.5], [4.15], [4.15], [2.25], [2.25], [2.15], [2.15], [0.25], [0.25], [0.25], [0.25], [0.25, 1.7000000000000077], [0.25], [0.25], [0.25], [4.35], [4.35], [2.4], [2.4, 2.3], [1.0], [1.0], [4.85], [4.85], [2.2], [2.2], [2.3], [0.75], [0.75], [2.1], [2.1], [3.8], [3.8], [1.7000000000000077], [1.400000000000005], [1.400000000000005], [0.5], [2.15], [2.15, 1.55], [1.55], [5.2], [5.2, 3.75], [3.75]], "edges": [[1], [0, 7], [3], [2], [5], [4], [7], [6, 1], [9], [8], [11], [10], [13], [12], [15], [14], [17], [16], [19], [18], [21], [20], [23], [22], [25], [24, 60], [27], [26], [29], [28], [31], [30], [33], [32], [35], [34], [37, 57], [36], [39], [38], [41], [40], [43], [42, 50], [45], [44], [47], [46], [49], [48], [43], [52], [51], [54], [53], [56], [55], [36], [59], [58], [25], [62], [61, 63], [62], [65], [64, 66], [65]]}