{"vertices": [[142.0, 310.0], [142.0, 166.0], [141.7886977886978, 503.0], [141.7886977886978, 461.0], [141.7886977886978, 418.0], [141.7886977886978, 408.0], [314.3829787234043, 464.0], [314.3829787234043, 377.0], [377.63666666666666, 292.0], [377.63666666666666, 231.0], [377.63666666666666, 344.0], [377.63666666666666, 320.0], [340.77777777777777, 132.0], [340.77777777777777, 109.0], [340.77777777777777, 308.0], [340.77777777777777, 296.0], [178.0, 166.0], [224.0, 166.2659574468085], [208.0, 166.2659574468085], [297.0, 166.2659574468085], [281.0, 166.2659574468085], [341.0, 166.2659574468085], [326.0, 166.2659574468085], [248.0, 404.0], [248.0, 377.0], [248.0, 443.0], [248.0, 432.0], [429.38461538461536, 258.0], [429.38461538461536, 234.0], [212.0, 398.0], [212.0, 377.0], [456.0, 212.0], [435.0, 212.0]], "weights": [[1.05], [1.05, 0.85], [0.55], [0.55], [0.25], [0.25], [0.75], [0.75], [1.45], [1.45], [0.3], [0.3], [0.5], [0.5], [1.15], [1.15], [0.85], [0.75], [0.75], [1.25], [1.25], [1.45], [1.45], [1.3], [1.3], [0.6], [0.6], [0.7], [0.7], [0.9], [0.9], [0.5], [0.5]], "edges": [[1], [0, 16], [3], [2], [5], [4], [7], [6], [9], [8], [11], [10], [13], [12], [15], [14], [1], [18], [17], [20], [19], [22], [21], [24], [23], [26], [25], [28], [27], [30], [29], [32], [31]]}