{"weights": [[1.05], [1.05, 1.0], [0.7], [0.7], [1.05], [1.05], [1.95], [1.95], [0.6], [0.6], [1.0], [0.8], [0.8], [0.5], [0.5], [0.75], [0.75], [1.3], [1.3], [1.5], [1.5], [1.0], [1.0], [0.7], [0.7], [0.8], [0.8], [0.6], [0.6], [0.6], [0.6], [1.65], [1.65]], "edges": [[1], [0, 10], [3], [2], [5], [4], [7], [6], [9], [8], [1], [12], [11], [14], [13], [16], [15], [18], [17], [20], [19], [22], [21], [24], [23], [26], [25], [28], [27], [30], [29], [32], [31]], "vertices": [[142.0, 310.0], [142.0, 166.0], [142.0, 503.0], [142.0, 461.0], [314.3829787234043, 464.0], [314.3829787234043, 377.0], [377.8531746031746, 292.0], [377.8531746031746, 231.0], [341.0, 132.0], [341.0, 109.0], [178.0, 166.0], [248.0, 404.0], [248.0, 377.0], [141.0, 418.0], [141.0, 408.0], [224.0, 166.48387096774192], [208.0, 166.48387096774192], [297.0, 166.0], [281.0, 166.0], [341.0, 166.0], [326.0, 166.0], [376.5, 344.0], [376.5, 320.0], [429.38461538461536, 258.0], [429.38461538461536, 234.0], [212.0, 398.0], [212.0, 377.0], [456.0, 212.0], [435.0, 212.0], [248.0, 443.0], [248.0, 432.0], [340.54545454545456, 308.0], [340.54545454545456, 296.0]]}