{"weights": [[1.05, 0.5], [1.05, 0.5], [0.6], [0.6, 1.4], [1.15], [1.15], [1.0], [1.0], [1.05], [1.05], [0.65], [0.65], [0.65], [0.65, 0.95], [1.15, 0.75], [1.15, 0.9], [1.4], [1.4], [0.5], [0.5, 0.6], [1.1], [1.1, 0.9], [0.75, 0.5], [0.75, 0.6], [0.6], [0.6, 0.85], [0.55], [0.55, 0.6], [0.5, 0.500000000000004], [0.5], [0.5], [0.8, 1.7], [0.8], [1.2], [1.2], [0.5, 0.75], [0.5], [4.05], [4.05], [1.1, 0.9], [1.1, 0.5], [0.8], [0.8], [3.7], [3.7, 0.95, 1.8], [0.6000000000000048], [0.6000000000000048], [0.75], [0.75], [2.0000000000000084], [2.0000000000000084], [1.3], [1.3], [1.25], [1.25], [0.75], [0.75], [0.5], [0.5], [0.6], [0.6], [1.0500000000000045], [1.0500000000000045], [0.85], [0.85], [0.6500000000000051], [0.6500000000000051], [0.6], [0.6, 0.500000000000004], [0.95], [0.95], [1.15, 1.2], [1.15, 1.2], [1.7, 1.6], [1.7, 1.2], [0.6], [0.5, 0.6], [0.5, 0.75], [0.7, 0.5], [0.7], [1.0], [1.0], [0.7], [0.7], [1.3], [1.3], [0.5], [0.6, 0.5], [0.95, 1.15], [0.95], [0.5], [0.5], [1.1], [1.1], [1.0], [1.0], [0.7], [0.7], [0.85], [1.2], [0.5, 1.15], [1.2], [1.45], [1.45], [1.1], [1.1], [0.6], [2.4], [2.4], [0.4], [0.4, 1.4], [0.6], [0.75], [0.9], [1.2], [1.35], [1.35], [1.0], [1.0], [1.7], [0.8000000000000064], [0.8000000000000064], [0.8499999999999857], [0.8499999999999857], [0.500000000000004], [0.500000000000004], [1.5], [1.5], [1.5], [1.5], [0.9], [1.7], [1.7], [1.8], [0.9], [0.5], [1.35], [1.35, 0.65], [0.65], [1.25], [1.25, 1.25, 1.85], [1.25], [1.85], [1.0], [1.0, 0.8], [0.8], [1.6, 0.8], [0.8]], "edges": [[1, 86], [0, 28], [3], [2, 110], [5], [4], [7], [6], [9], [8], [11], [10], [13], [12, 88], [15, 112], [14, 113], [17], [16], [19], [18, 106], [21], [20, 134], [23, 100], [22, 111], [25], [24, 98], [27], [26, 75], [1, 68], [30], [29], [32, 119], [31], [34], [33], [36, 77], [35], [38], [37], [40, 130], [39, 135], [42], [41], [44], [43, 89, 133], [46], [45], [48], [47], [50], [49], [52], [51], [54], [53], [56], [55], [58], [57], [60], [59], [62], [61], [64], [63], [66], [65], [68], [67, 28], [70], [69], [72, 99], [71, 114], [74, 146], [73, 101], [27], [77, 87], [76, 35], [79, 87], [78], [81], [80], [83], [82], [85], [84], [0], [76, 78], [13, 100], [44], [91], [90], [93], [92], [95], [94], [97], [96], [25], [71], [22, 88], [74], [103], [102], [105], [104], [19], [108], [107], [110], [109, 3], [23], [14], [15], [72], [116], [115], [118], [117], [31], [121], [120], [123], [122], [125], [124], [127], [126], [129], [128], [39], [132], [131], [44], [21], [40], [137], [136, 138], [137], [140], [139, 141, 142], [140], [140], [144], [143, 145], [144], [73, 147], [146]], "vertices": [[392.0, 17.0], [290.0, 17.0], [560.0, 281.0], [560.0, 265.0], [673.6859205776174, 308.0], [673.6859205776174, 125.0], [344.5, 431.0], [344.5, 373.0], [289.1923076923077, 327.0], [289.1923076923077, 285.0], [560.3809523809524, 172.0], [560.3809523809524, 123.0], [195.0, 492.0], [195.0, 409.0], [587.0, 280.0], [587.0, 189.0], [479.0, 424.5], [465.0, 424.5], [450.0, 461.0], [450.0, 368.0], [558.0, 384.0], [558.0, 369.0], [197.0, 380.0], [197.0, 311.0], [391.0, 204.0], [391.0, 151.0], [288.0, 462.0], [288.0, 346.0], [290.0, 244.0], [509.0, 336.0], [464.0, 336.0], [391.0, 120.0], [391.0, 60.0], [400.0, 349.0], [400.0, 292.0], [287.0, 503.0], [287.0, 467.0], [409.0, 150.0], [409.0, 121.0], [631.0, 280.0], [631.0, 247.0], [449.0, 453.0], [437.0, 453.0], [330.0, 247.0], [330.0, 228.0], [374.0, 293.0], [392.0, 275.0], [433.83870967741933, 301.0], [433.83870967741933, 249.0], [349.7173913043478, 317.7173913043478], [362.7173913043478, 304.7173913043478], [416.0, 453.82142857142856], [378.0, 453.82142857142856], [326.4642857142857, 340.0], [326.4642857142857, 325.0], [610.0, 215.21212121212122], [588.0, 215.21212121212122], [538.0, 369.0], [524.0, 369.0], [343.0, 381.3636363636364], [289.0, 381.3636363636364], [346.843137254902, 261.843137254902], [380.0, 229.0], [547.0, 395.14285714285717], [493.0, 395.14285714285717], [380.03921568627453, 263.96078431372547], [359.53921568627453, 243.46078431372547], [264.0, 294.0], [264.0, 270.0], [503.48571428571427, 462.0], [503.48571428571427, 426.0], [652.0, 247.0], [652.0, 222.0], [559.0, 308.0], [539.0, 308.0], [363.0, 346.0], [255.0, 533.0], [255.0, 503.0], [226.0, 503.0], [195.0, 503.0], [671.0, 279.5], [659.0, 279.5], [513.0, 368.5652173913044], [474.0, 368.5652173913044], [483.0, 286.4166666666667], [469.0, 286.4166666666667], [392.0, 51.0], [226.0, 533.0], [163.0, 409.0], [380.0, 228.0], [263.0, 312.0], [233.0, 312.0], [357.0, 452.0], [344.0, 452.0], [509.0, 209.0], [497.0, 209.0], [542.0, 254.0], [542.0, 234.0], [409.0, 151.0], [671.0, 247.0], [163.0, 380.0], [539.0, 335.0], [317.5151515151515, 263.0], [317.5151515151515, 248.0], [384.0, 314.0], [384.0, 295.0], [420.0, 368.0], [605.0, 329.0], [595.0, 329.0], [538.0, 308.0], [538.0, 265.0], [215.0, 311.0], [609.0, 280.0], [610.0, 189.0], [672.0, 222.0], [378.0, 403.38709677419354], [362.0, 403.38709677419354], [672.0, 190.0], [660.0, 190.0], [409.0, 120.0], [331.0, 276.0], [318.0, 263.0], [663.2019230769231, 115.79807692307679], [648.7019230769231, 101.29807692307679], [437.99999999999994, 231.99999999999994], [447.99999999999994, 221.99999999999994], [361.0, 337.0], [347.0, 337.0], [400.0, 281.0], [400.0, 266.0], [642.0, 280.0], [478.0, 209.0], [466.0, 209.0], [314.0, 228.0], [543.0, 369.0], [642.0, 247.0], [585.8041237113403, 304.0], [585.0, 424.0], [493.0, 424.2857142857143], [559.2024539877301, 243.0], [559.0, 232.0], [559.2024539877301, 182.0], [532.0, 232.91919191919192], [671.5, 352.0], [671.0, 383.0], [610.0, 383.0], [559.0, 336.0], [528.0, 336.2682926829268]]}