{"vertices": [[221.50656814449917, 331.0], [221.50656814449917, 245.0], [221.50656814449917, 215.0], [221.50656814449917, 118.0], [222.0, 94.0], [222.0, 47.0], [221.50656814449917, 441.0], [221.50656814449917, 386.0], [286.0, 47.0], [351.0, 47.42524916943522], [309.0, 47.42524916943522], [283.0, 441.0], [222.0, 441.0], [351.0, 440.8345534407028], [306.0, 440.8345534407028], [539.5039745627981, 176.0], [539.5039745627981, 120.0], [540.0, 101.0], [540.0, 23.0], [539.5039745627981, 235.0], [539.5039745627981, 208.0], [591.0, 235.0], [540.0, 235.0], [392.0, 234.73076923076923], [373.0, 234.73076923076923], [666.0, 23.0], [432.0, 290.5990566037736], [348.0, 290.5990566037736], [300.0, 290.5990566037736], [285.0, 290.5990566037736], [262.0, 290.5990566037736], [224.0, 290.5990566037736], [433.0, 129.0], [351.0, 129.0], [432.0, 187.995], [365.0, 187.995], [395.0, 223.6153846153846], [353.0, 223.6153846153846], [371.0, 289.0], [371.0, 254.0], [395.0, 254.0], [395.0, 224.0], [163.0, 412.0], [163.0, 373.0], [407.41477272727275, 318.0], [407.41477272727275, 293.0], [407.41477272727275, 439.0], [407.41477272727275, 415.0], [407.41477272727275, 178.0], [407.41477272727275, 155.0], [432.0, 367.0], [406.0, 367.0], [252.28947368421052, 206.0], [252.28947368421052, 179.0], [351.0, 165.0], [557.0, 71.81967213114754], [542.0, 71.81967213114754], [664.0, 71.81967213114754], [649.0, 71.81967213114754], [231.0, 213.0], [231.0, 175.0], [396.0, 272.5], [386.0, 272.5], [375.0, 47.42524916943522], [435.0, 47.0], [666.0, 234.0], [614.0, 234.73076923076923], [369.0, 440.8345534407028], [435.0, 440.0], [313.0, 292.0], [313.0, 163.0], [224.0, 162.45774647887325]], "weights": [[2.05], [2.05], [1.8], [1.8], [2.15], [2.15, 1.75], [1.85], [1.85], [1.75], [1.75], [1.75], [7.05], [7.05], [1.75], [1.75], [1.75], [1.75], [1.5], [1.5, 1.75], [2.05], [2.05], [1.75], [1.75], [0.25], [0.25], [1.75, 1.85], [1.35], [1.35], [1.15], [1.15], [1.85], [1.85], [2.05], [2.05, 1.5], [1.25], [1.25], [4.95], [4.95], [6.8], [6.8, 2.3499999999999885], [4.65, 2.3499999999999885], [4.65], [0.7], [0.7], [1.45], [1.45], [1.55], [1.55], [0.3], [0.3], [1.6], [1.6], [0.7], [0.7], [1.5], [2.05], [2.05], [2.05], [2.05], [0.5], [0.5], [2.9], [2.9], [2.35], [2.35, 2.05], [1.85, 1.75], [1.75], [2.25], [2.25, 2.05], [1.5], [1.5, 1.55], [1.55]], "edges": [[1], [0], [3], [2], [5], [4, 8], [7], [6], [5], [10], [9], [12], [11], [14], [13], [16], [15], [18], [17, 25], [20], [19], [22], [21], [24], [23], [18, 65], [27], [26], [29], [28], [31], [30], [33], [32, 54], [35], [34], [37], [36], [39], [38, 40], [41, 39], [40], [43], [42], [45], [44], [47], [46], [49], [48], [51], [50], [53], [52], [33], [56], [55], [58], [57], [60], [59], [62], [61], [64], [63, 68], [25, 66], [65], [68], [67, 64], [70], [69, 71], [70]]}