{"weights": [[1.95], [1.95], [2.25], [2.25], [2.25], [2.25, 2.25], [1.95], [1.95], [3.25], [3.25, 1.75], [1.75, 1.65], [2.25], [2.05], [2.05], [1.95], [1.95], [1.95], [1.95], [1.45], [1.45, 1.5], [2.05], [2.05], [1.45], [1.45], [1.75], [1.75], [1.8], [1.8, 2.5499999999999914], [1.25], [1.25], [0.5], [0.5], [1.25], [1.25], [2.0], [2.0], [0.7], [0.7], [1.5], [1.55], [1.55], [1.3], [1.3], [1.5], [1.5], [0.6], [0.6], [1.75], [1.75], [2.5499999999999914, 2.5], [3.2], [3.2], [1.6], [1.6, 2.35], [1.65, 1.75], [1.75], [2.25], [2.25, 1.75], [1.75], [1.45], [1.45, 2.35], [5.65], [5.65, 2.5], [1.65], [1.65, 1.45], [1.45]], "edges": [[1], [0], [3], [2], [5], [4, 11], [7], [6], [9], [8, 10], [9, 54], [5], [13], [12], [15], [14], [17], [16], [19], [18, 38], [21], [20], [23], [22], [25], [24], [27], [26, 49], [29], [28], [31], [30], [33], [32], [35], [34], [37], [36], [19], [40], [39], [42], [41], [44], [43], [46], [45], [48], [47], [27, 62], [51], [50], [53], [52, 60], [10, 55], [54], [57], [56, 58], [57], [60], [59, 53], [62], [61, 49], [64], [63, 65], [64]], "vertices": [[221.4297994269341, 331.0], [221.4297994269341, 245.0], [222.52903225806452, 215.0], [222.52903225806452, 118.0], [286.0, 47.0], [222.0, 47.0], [539.5205479452055, 176.0], [539.5205479452055, 120.0], [539.0, 101.0], [539.0, 23.0], [666.0, 23.0], [222.0, 94.0], [432.0, 290.91954022988506], [348.0, 290.91954022988506], [283.0, 440.0], [221.0, 440.0], [220.73127753303964, 440.0], [220.73127753303964, 386.0], [433.0, 129.0], [351.0, 129.0], [351.0, 440.5204678362573], [306.0, 440.5204678362573], [432.0, 187.995], [365.0, 187.995], [351.0, 47.48780487804878], [309.0, 47.48780487804878], [371.0, 289.0], [371.0, 254.0], [300.0, 290.51724137931035], [285.0, 290.51724137931035], [163.0, 412.0], [163.0, 373.0], [407.972602739726, 318.0], [407.972602739726, 293.0], [432.0, 367.0], [406.0, 367.0], [252.28947368421052, 206.0], [252.28947368421052, 179.0], [351.0, 165.0], [407.3125, 439.0], [407.3125, 415.0], [262.0, 289.9925373134328], [224.0, 289.9925373134328], [557.0, 71.57407407407408], [542.0, 71.57407407407408], [406.0, 178.0], [406.0, 155.0], [664.0, 72.01470588235294], [649.0, 72.01470588235294], [395.0, 254.0], [396.0, 272.5], [386.0, 272.5], [369.0, 441.3706563706564], [435.0, 441.0], [666.0, 235.0], [614.0, 235.5204081632653], [591.0, 235.0], [539.0, 235.0], [539.4845360824743, 208.0], [375.0, 48.29064039408867], [435.0, 48.0], [353.0, 224.22099447513813], [395.0, 224.0], [313.0, 292.0], [313.0, 163.0], [224.0, 162.45774647887325]]}