{"weights": [[1.65, 1.75], [1.65, 2.1], [1.5], [1.5, 2.0], [1.25], [1.25], [1.5], [1.5], [2.1], [2.1], [1.7], [1.7], [5.65], [5.65], [0.75], [0.75], [0.85], [0.85], [2.3, 2.0], [2.3, 2.1], [1.65], [1.65, 1.2], [2.0], [1.75], [1.75, 0.8], [1.8], [1.8], [0.8, 0.75], [1.9], [1.9], [1.75], [1.75], [2.3], [2.3], [1.2], [1.2], [1.0], [1.0, 1.0], [2.0], [2.0], [2.1], [1.35], [1.35], [1.35], [1.35], [1.75], [1.75], [1.75], [1.8, 1.8000000000000065], [1.8, 2.35], [1.25], [1.25], [1.4], [1.4], [1.0], [1.75], [1.75], [2.0], [2.0], [2.0], [2.0], [1.8000000000000065], [2.1], [1.2], [2.0], [2.0, 2.75], [2.75], [0.95], [0.95, 1.1], [1.1], [1.75], [1.75, 2.55], [2.55], [0.95], [0.95, 2.35], [2.0], [2.0, 1.85], [1.85, 2.2], [2.2, 2.2], [2.2], [1.1], [1.1, 0.75], [2.6], [2.6, 2.0]], "edges": [[1, 45], [0, 40], [3], [2, 22], [5], [4], [7], [6], [9], [8], [11], [10], [13], [12], [15], [14], [17], [16], [19, 83], [18, 62], [21], [20, 63], [3], [24], [23, 27], [26], [25], [24, 81], [29], [28], [31], [30], [33], [32], [35], [34], [37], [36, 54], [39], [38], [1], [42], [41], [44], [43], [0], [47], [46], [49, 61], [48, 74], [51], [50], [53], [52], [37], [56], [55], [58], [57], [60], [59], [48], [19], [21], [65], [64, 66], [65], [68], [67, 69], [68], [71], [70, 72], [71], [74], [73, 49], [76], [75, 77], [76, 78], [77, 79], [78], [81], [80, 27], [83], [82, 18]], "vertices": [[115.0, 398.0], [115.0, 66.0], [452.0, 316.0], [452.0, 308.0], [452.9646017699115, 532.0], [452.9646017699115, 349.0], [672.0, 317.0], [672.0, 156.0], [245.5, 286.0], [245.5, 263.0], [247.86624203821657, 155.0], [247.86624203821657, 100.0], [379.489539748954, 429.0], [379.489539748954, 308.0], [245.5076923076923, 223.0], [245.5076923076923, 190.0], [310.0, 155.0], [248.0, 155.0], [408.0, 21.0], [358.0, 21.0], [670.0, 285.0], [590.0, 285.0], [589.0, 308.0], [286.0, 420.0], [248.0, 420.0], [672.0, 155.5], [643.0, 155.5], [248.0, 353.0], [257.0, 65.50898203592814], [215.0, 65.50898203592814], [595.0, 155.50710900473933], [542.0, 155.50710900473933], [210.0, 223.65217391304347], [118.0, 223.65217391304347], [312.0, 223.0], [246.0, 223.0], [561.0, 264.0], [536.0, 264.0], [471.0, 155.5], [452.0, 155.5], [145.0, 66.0], [452.9891304347826, 73.0], [452.9891304347826, 42.0], [477.0, 305.0], [477.0, 264.0], [150.0, 398.0], [377.0, 420.49612403100775], [344.0, 420.49612403100775], [337.0, 264.0], [312.0, 264.0], [477.0, 263.5], [452.0, 263.5], [589.5, 285.0], [589.5, 263.0], [536.0, 305.0], [244.0, 397.5147058823529], [209.0, 397.5147058823529], [471.0, 532.0], [453.0, 532.0], [310.0, 65.5], [283.0, 65.5], [313.0, 286.0], [358.0, 43.0], [590.0, 308.0], [312.5, 42.0], [312.0, 221.0], [340.0, 221.0], [117.0, 286.2300469483568], [204.0, 286.0], [204.5, 259.0], [695.0, 394.0], [695.0, 358.0], [671.0, 358.48275862068965], [246.0, 286.0], [312.0, 286.0], [695.5, 453.0], [695.0, 487.0], [673.0, 487.0], [673.0, 532.0], [654.0, 532.5], [271.5, 288.0], [271.0, 353.0], [401.0, 43.0], [408.0, 43.0]]}