{"vertices": [[115.0, 398.0], [115.0, 66.0], [453.0, 316.0], [453.0, 308.0], [452.94642857142856, 532.0], [452.94642857142856, 349.0], [452.94642857142856, 73.0], [452.94642857142856, 42.0], [247.0, 420.0], [247.0, 357.0], [313.0, 287.0], [313.0, 264.0], [379.489539748954, 429.0], [379.489539748954, 308.0], [670.0, 286.0], [590.0, 286.0], [595.0, 155.27450980392157], [542.0, 155.27450980392157], [471.0, 155.27450980392157], [452.0, 155.27450980392157], [408.0, 21.0], [358.0, 21.0], [589.0, 308.0], [695.0, 394.0], [695.0, 357.0], [695.4896551724138, 487.0], [695.4896551724138, 453.0], [286.0, 420.0], [377.0, 420.48339483394835], [344.0, 420.48339483394835], [257.0, 65.50389610389611], [215.0, 65.50389610389611], [145.0, 66.0], [310.0, 65.50389610389611], [283.0, 65.50389610389611], [210.0, 222.5766550522648], [118.0, 222.5766550522648], [561.0, 264.0], [536.0, 264.0], [337.0, 264.0], [477.0, 263.5], [452.0, 263.5], [477.0, 305.0], [477.0, 264.0], [150.0, 398.0], [244.0, 397.51330798479086], [209.0, 397.51330798479086], [589.5, 286.0], [589.5, 263.0], [590.0, 308.0], [536.0, 305.0], [695.0, 356.780303030303], [671.0, 356.780303030303], [471.0, 532.0], [453.0, 532.0], [695.0, 488.0], [673.0, 488.0], [312.0, 287.0], [358.0, 43.0], [673.0, 317.0], [673.0, 155.0], [643.0, 155.27450980392157], [673.0, 532.0], [654.0, 532.5], [247.39032258064515, 294.0], [247.0, 285.0], [247.39032258064515, 263.0], [312.0, 285.74198250728864], [247.39032258064515, 100.0], [247.0, 155.0], [310.0, 155.0], [247.39032258064515, 190.0], [247.0, 223.0], [312.0, 223.0], [312.4981320049813, 42.0], [340.0, 223.0], [117.0, 285.74198250728864], [204.0, 285.0], [204.5, 259.0], [271.5, 288.0], [271.0, 357.0], [401.0, 43.0], [408.0, 43.0]], "weights": [[1.75, 1.75], [1.75, 1.85], [1.5], [1.5, 2.9], [1.35], [1.35], [1.75], [1.75], [6.85, 1.75], [6.85, 0.25], [3.35], [3.35, 1.6], [1.75], [1.75], [1.45], [1.45, 1.2], [1.65], [1.65], [3.95], [3.95], [1.9, 2.0], [1.9, 2.0], [2.9], [1.65], [1.65], [1.75], [1.75], [1.75], [1.85], [1.85], [1.75], [1.75], [1.85], [1.75], [1.75], [1.15], [1.15], [1.0], [1.0, 1.0], [1.6, 1.0500000000000085], [1.0], [1.0], [1.1], [1.1], [1.75], [1.75], [1.75], [1.2], [1.2], [1.2], [1.0], [0.5], [0.5], [2.0], [2.0], [1.75], [1.75, 3.8], [1.0500000000000085], [2.0], [1.85], [1.85, 1.85], [1.85], [3.8, 1.8], [1.8], [0.4], [0.4, 0.4, 0.8], [0.4], [0.8], [2.15], [2.15, 0.5], [0.5], [0.3], [0.3, 0.75], [0.75, 1.75, 2.75], [1.75], [2.75], [0.65], [0.65, 1.3], [1.3], [1.0], [1.0, 0.25], [6.5], [6.5, 2.0]], "edges": [[1, 44], [0, 32], [3], [2, 22], [5], [4], [7], [6], [9, 27], [8, 80], [11], [10, 39], [13], [12], [15], [14, 49], [17], [16], [19], [18], [21, 82], [20, 58], [3], [24], [23], [26], [25], [8], [29], [28], [31], [30], [1], [34], [33], [36], [35], [38], [37, 50], [11, 57], [41], [40], [43], [42], [0], [46], [45], [48], [47], [15], [38], [52], [51], [54], [53], [56], [55, 62], [39], [21], [60], [59, 61], [60], [56, 63], [62], [65], [64, 66, 67], [65], [65], [69], [68, 70], [69], [72], [71, 73], [72, 74, 75], [73], [73], [77], [76, 78], [77], [80], [79, 9], [82], [81, 20]]}