{"weights": [[2.75], [2.75], [3.0], [3.0, 2.65], [2.7], [2.7], [3.35], [3.35], [1.95], [1.95, 1.25], [2.75], [2.75], [1.5], [1.5], [3.2], [3.2], [1.5], [1.5], [2.5], [2.5], [1.65], [1.65], [2.0], [2.0], [1.25], [2.25], [2.25], [5.0], [5.0, 2.9], [2.65], [1.75], [1.75], [1.65], [1.65], [3.5999999999999956], [3.5999999999999956], [1.35], [1.35], [1.75], [1.75], [1.75], [1.75], [1.65], [1.65], [2.7], [2.7, 2.65], [2.9], [2.65], [2.0], [2.0], [1.65], [1.65], [2.45], [2.45, 2.5], [2.5, 3.3], [7.95], [7.95, 2.85], [2.85], [6.45], [6.45, 2.95], [2.95], [2.75], [2.75, 2.75], [2.75], [1.5], [1.5, 1.5, 1.25], [1.5], [1.5], [1.5, 3.1], [3.1], [2.0], [2.0, 1.65], [1.65], [3.3, 2.75], [2.75], [1.25], [1.25], [2.75], [2.75, 3.0], [3.0], [4.75], [4.75, 2.85], [2.85], [2.8], [2.8, 1.25], [1.25], [1.25, 1.5], [1.5]], "edges": [[1], [0], [3], [2, 29], [5], [4], [7], [6], [9], [8, 24], [11], [10], [13], [12], [15], [14], [17], [16], [19], [18], [21], [20], [23], [22], [9], [26], [25], [28], [27, 46], [3], [31], [30], [33], [32], [35], [34], [37], [36], [39], [38], [41], [40], [43], [42], [45], [44, 47], [28], [45], [49], [48], [51], [50], [53], [52, 54], [53, 73], [56], [55, 57], [56], [59], [58, 60], [59], [62], [61, 63], [62], [65], [64, 66, 84], [65], [68], [67, 69], [68], [71], [70, 72], [71], [54, 74], [73], [76], [75], [78], [77, 79], [78], [81], [80, 82], [81], [84], [83, 65], [86], [85, 87], [86]], "vertices": [[44.49514563106796, 408.0], [44.49514563106796, 322.0], [44.0, 290.0], [44.0, 28.0], [613.0, 28.50266429840142], [516.0, 28.50266429840142], [776.8726708074535, 231.0], [776.8726708074535, 115.0], [554.0, 225.0], [236.0, 225.0], [484.0, 28.461799660441425], [383.0, 28.461799660441425], [350.0, 28.5], [323.0, 28.5], [461.0, 317.0], [434.0, 317.0], [775.0, 200.0], [599.0, 200.0], [402.0, 317.0], [375.0, 317.0], [553.6217391304348, 155.0], [553.6217391304348, 30.0], [332.0, 171.0], [332.0, 32.0], [236.0, 278.0], [548.0, 316.9862068965517], [493.0, 316.9862068965517], [343.0, 316.0], [333.0, 316.0], [80.0, 28.0], [455.49723756906076, 273.0], [455.49723756906076, 227.0], [504.58181818181816, 314.0], [504.58181818181816, 227.0], [553.2379807692308, 172.23798076923072], [591.2379807692307, 134.23798076923083], [124.0, 251.98660714285714], [48.0, 251.98660714285714], [469.0, 91.5031055900621], [428.0, 91.5031055900621], [560.9629629629629, 251.0], [560.9629629629629, 232.0], [314.6862745098039, 270.0], [314.6862745098039, 227.0], [514.0, 171.0], [514.0, 142.0], [333.0, 342.0], [551.0, 142.0], [588.5, 56.0], [588.5, 32.0], [560.9821428571429, 309.0], [560.9821428571429, 289.0], [776.9075342465753, 263.0], [776.0, 317.0], [733.0, 317.0], [712.0, 28.46212121212121], [777.0, 28.0], [777.0, 83.0], [190.0, 494.50344827586207], [237.0, 494.0], [237.47222222222223, 455.0], [92.0, 495.0], [44.0, 495.0], [44.47435897435897, 440.0], [237.0, 150.53237410071944], [216.0, 150.0], [200.0, 150.53237410071944], [236.0, 317.0], [236.0, 324.0], [216.0, 324.5], [48.0, 150.5], [154.0, 150.0], [154.0, 222.0], [733.0, 383.0], [690.0, 383.5482625482625], [380.0, 170.0078125], [425.0, 170.0], [591.0, 383.0], [548.0, 383.0], [548.0, 317.0], [237.0, 423.0], [237.0, 376.0], [210.0, 376.4825174825175], [179.0, 28.5], [216.0, 28.0], [471.0, 170.0], [426.0, 170.0], [425.5432525951557, 29.0]]}