{"vertices": [[44.49564134495641, 408.0], [44.49564134495641, 322.0], [44.0, 290.0], [44.0, 28.0], [613.0, 28.48172757475083], [516.0, 28.48172757475083], [484.0, 28.48172757475083], [383.0, 28.48172757475083], [350.0, 28.48172757475083], [323.0, 28.48172757475083], [80.0, 28.0], [776.9047619047619, 231.0], [776.9047619047619, 115.0], [552.0, 225.0], [237.0, 225.0], [461.0, 317.53318077803203], [434.0, 317.53318077803203], [402.0, 317.53318077803203], [375.0, 317.53318077803203], [552.0, 317.53318077803203], [493.0, 317.53318077803203], [343.0, 318.0], [332.0, 318.0], [237.0, 317.53318077803203], [216.0, 317.53318077803203], [775.0, 200.0], [599.0, 200.0], [552.0, 382.0], [552.0, 318.0], [552.0, 251.0], [552.1215053763441, 309.0], [552.1215053763441, 289.0], [332.2161654135338, 171.0], [332.2161654135338, 32.0], [332.0, 342.0], [237.0, 278.0], [236.89622641509433, 423.0], [236.89622641509433, 374.0], [154.0, 149.78234398782345], [48.0, 149.78234398782345], [591.0, 382.0], [234.0, 382.0324963072378], [210.0, 382.0324963072378], [455.49723756906076, 273.0], [455.49723756906076, 227.0], [154.0, 222.0], [154.0, 150.0], [505.26183844011143, 314.0], [505.26183844011143, 227.0], [505.26183844011143, 171.0], [505.26183844011143, 142.0], [553.2379807692308, 172.23798076923072], [591.2379807692307, 134.23798076923083], [124.0, 251.98660714285714], [48.0, 251.98660714285714], [469.0, 91.5031055900621], [428.0, 91.5031055900621], [314.6862745098039, 270.0], [314.6862745098039, 227.0], [515.0, 171.0], [515.0, 141.0], [551.0, 141.0], [588.5, 56.0], [588.5, 32.0], [44.49564134495641, 440.0], [44.0, 495.0], [92.0, 495.0], [712.0, 28.48172757475083], [777.0, 28.0], [777.0, 83.0], [179.0, 28.48172757475083], [216.0, 28.0], [776.9047619047619, 263.0], [776.0, 317.0], [733.0, 317.0], [190.0, 494.5216637781629], [236.0, 494.0], [236.89622641509433, 455.0], [552.1215053763441, 30.0], [552.0, 149.0], [517.0, 149.78234398782345], [237.0, 318.0], [237.0, 326.0], [216.0, 326.5], [237.0, 149.78234398782345], [216.0, 149.0], [200.0, 149.78234398782345], [733.0, 382.0], [690.0, 382.0324963072378], [380.0, 170.0078125], [425.0, 170.0], [471.0, 170.0], [426.0, 170.0], [425.5432525951557, 29.0]], "weights": [[2.75], [2.75], [2.75], [2.75, 2.65], [1.5], [1.5], [2.75], [2.75], [3.0500000000000003], [3.0500000000000003], [2.65], [2.85], [2.85], [1.85, 0.25], [1.85, 1.25], [2.95], [2.95], [2.35], [2.35], [2.35], [2.35], [7.65], [7.65, 2.95], [0.25], [0.25], [1.9], [1.9], [0.25, 1.5], [0.25], [0.25], [0.25], [0.25], [1.55], [1.55], [2.95], [1.25], [5.75], [5.75], [1.75], [1.75], [1.5], [0.25], [0.25], [1.75], [1.75], [1.55], [1.55], [1.75], [1.75], [0.25], [0.25], [4.749999999999988], [4.749999999999988], [1.35], [1.35], [1.5], [1.5], [1.45], [1.45], [5.75], [5.75, 2.45], [2.45], [2.0], [2.0], [2.85], [2.85, 1.5], [1.5], [2.75], [2.75, 2.65], [2.65], [2.75], [2.75, 1.25], [2.65], [2.65, 2.25], [2.25, 2.75], [6.45], [6.45, 2.95], [2.95], [1.5], [1.5, 0.25], [0.25], [1.5], [1.5, 3.0], [3.0], [1.35], [1.35, 1.35, 1.25], [1.35], [2.75, 2.75], [2.75], [1.25], [1.25], [1.35], [1.35, 1.75], [1.75]], "edges": [[1], [0], [3], [2, 10], [5], [4], [7], [6], [9], [8], [3], [12], [11], [14, 29], [13, 35], [16], [15], [18], [17], [20], [19], [22], [21, 34], [24], [23], [26], [25], [28, 40], [27], [13], [31], [30], [33], [32], [22], [14], [37], [36], [39], [38], [27], [42], [41], [44], [43], [46], [45], [48], [47], [50], [49], [52], [51], [54], [53], [56], [55], [58], [57], [60], [59, 61], [60], [63], [62], [65], [64, 66], [65], [68], [67, 69], [68], [71], [70, 85], [73], [72, 74], [73, 87], [76], [75, 77], [76], [79], [78, 80], [79], [82], [81, 83], [82], [85], [84, 86, 71], [85], [74, 88], [87], [90], [89], [92], [91, 93], [92]]}