{"weights": [[1.5], [1.5], [3.5, 2.4, 3.3], [3.5, 4.0], [1.5], [1.5], [3.0, 1.5, 3.25], [3.0, 2.75], [1.5], [1.5], [1.5], [2.4], [3.75], [3.75], [3.25], [3.25], [3.05], [3.05], [2.65], [2.65], [3.5], [3.5], [3.15], [3.15], [3.25], [3.25], [3.3], [3.25, 3.05], [4.05], [4.05], [3.7], [3.7], [4.0], [4.0], [3.05], [3.05], [3.15], [3.15, 2.75, 2.95], [2.95], [3.05, 2.35], [2.35], [1.5], [1.5, 3.5], [3.5], [4.0, 3.15], [3.15], [4.75], [4.75, 5.1], [5.1]], "edges": [[1], [0], [3, 11, 26], [2, 44], [5], [4], [7, 10, 27], [6, 37], [9], [8], [6], [2], [13], [12], [15], [14], [17], [16], [19], [18], [21], [20], [23], [22], [25], [24], [2], [6, 39], [29], [28], [31], [30], [33], [32], [35], [34], [37], [36, 7, 38], [37], [27, 40], [39], [42], [41, 43], [42], [3, 45], [44], [47], [46, 48], [47]], "vertices": [[636.0, 296.0], [414.0, 296.0], [693.0, 363.0], [358.0, 363.0], [323.9455564451561, 229.0], [323.9455564451561, 56.0], [232.0, 229.0], [232.0, 53.0], [273.0, 296.2156862745098], [249.0, 296.2156862745098], [274.0, 229.0], [693.0, 414.0], [357.5784832451499, 363.0], [357.5784832451499, 286.0], [355.0, 295.9217391304348], [317.0, 295.9217391304348], [692.9705882352941, 127.0], [692.9705882352941, 112.0], [408.0, 523.0], [358.0, 523.0], [265.0, 293.0], [265.0, 231.0], [692.950495049505, 245.0], [692.950495049505, 230.0], [193.0, 523.0], [165.0, 523.0], [693.0, 347.0], [165.0, 229.0], [361.0, 229.0], [324.0, 229.0], [205.0, 296.0], [168.0, 296.0], [424.5, 359.0], [424.5, 300.0], [692.9417475728155, 186.0], [692.9417475728155, 171.0], [693.0, 68.0], [693.0, 53.0], [693.1565836298932, 3.0], [165.0, 522.0], [114.0, 522.6150793650794], [357.9325842696629, 110.0], [357.0, 120.0], [328.0, 120.0], [358.0, 522.0], [329.0, 522.9820359281437], [694.95, 289.0], [694.0, 296.0], [683.0, 296.0]]}