{"vertices": [[636.0, 296.0068058076225], [414.0, 296.0068058076225], [273.0, 296.0068058076225], [249.0, 296.0068058076225], [355.0, 296.0068058076225], [317.0, 296.0068058076225], [205.0, 296.0068058076225], [168.0, 296.0068058076225], [323.9455564451561, 229.0], [323.9455564451561, 56.0], [408.0, 523.0], [358.0, 523.0], [193.0, 523.0], [165.0, 523.0], [357.5430497925311, 363.0], [357.5430497925311, 286.0], [274.0, 229.0], [232.0, 229.0], [361.0, 229.0], [324.0, 229.0], [693.0, 414.0], [693.0, 363.0], [693.1362799263352, 127.0], [693.1362799263352, 112.0], [693.1362799263352, 245.0], [693.1362799263352, 230.0], [693.1362799263352, 186.0], [693.1362799263352, 171.0], [693.0, 68.0], [693.0, 53.0], [265.0, 293.0], [265.0, 231.0], [424.5, 359.0], [424.5, 300.0], [232.0, 53.0], [693.1362799263352, 3.0], [683.0, 296.0068058076225], [693.0, 296.0], [693.1362799263352, 289.0], [358.0, 363.0], [693.1362799263352, 347.0], [165.0, 229.0], [232.0, 228.0], [165.0, 228.0], [114.0, 522.9224719101123], [165.0, 522.0], [329.0, 522.9224719101123], [358.0, 522.0], [357.5430497925311, 110.0], [357.0, 120.0], [328.0, 120.0]], "weights": [[1.5], [1.5], [1.5], [1.5], [3.25], [3.25], [3.45], [3.45], [3.45], [3.45], [3.25], [3.25], [3.25], [3.25], [3.75], [3.75], [3.35], [3.35, 3.2500000000000027], [3.35], [3.35], [3.2], [3.2, 4.1, 3.25], [3.05], [3.05], [3.25], [3.25], [3.25], [3.25], [3.35], [3.35, 2.85, 2.65], [4.1], [4.1], [4.0], [4.0], [2.85, 3.0], [2.65], [4.05], [4.05, 4.95], [4.95], [4.1, 3.75], [3.25], [3.2500000000000027, 2.75], [3.0, 3.35], [3.35], [1.9], [1.9, 2.75], [3.25], [3.25, 3.75], [1.5], [1.5, 3.7], [3.7]], "edges": [[1], [0], [3], [2], [5], [4], [7], [6], [9], [8], [11], [10], [13], [12], [15], [14], [17], [16, 41], [19], [18], [21], [20, 39, 40], [23], [22], [25], [24], [27], [26], [29], [28, 34, 35], [31], [30], [33], [32], [29, 42], [29], [37], [36, 38], [37], [21, 47], [21], [17, 45], [34, 43], [42], [45], [44, 41], [47], [46, 39], [49], [48, 50], [49]]}