{"vertices": [[660.0, 392.0], [660.0, 227.0], [540.0, 227.0], [528.0, 301.6938775510204], [511.0, 301.6938775510204], [540.0, 254.0], [497.0, 281.0], [497.0, 270.0], [506.0, 392.0], [506.3030794165316, 271.0]], "weights": [[1.25, 1.25], [1.25, 1.6], [1.6, 1.25], [5.65], [5.65], [1.25], [4.2], [4.2], [1.25, 0.45], [0.45]], "edges": [[1, 8], [0, 2], [1, 5], [4], [3], [2], [7], [6], [0, 9], [8]]}