{"vertices": [[139.44835501147665, 477.0], [139.44835501147665, 192.0], [454.67333333333335, 431.0], [454.67333333333335, 418.0], [355.0, 153.7051282051282], [175.0, 153.7051282051282], [452.0, 153.7051282051282], [412.0, 153.7051282051282], [152.0, 153.7051282051282], [137.0, 153.7051282051282], [371.0, 153.7051282051282], [357.0, 153.7051282051282], [602.0, 43.43035714285714], [509.0, 43.43035714285714], [219.12923076923076, 212.0], [219.12923076923076, 199.0], [259.0, 308.0], [219.0, 308.0], [280.5787401574803, 265.0], [280.5787401574803, 156.0], [310.3988095238095, 417.0], [310.3988095238095, 358.0], [587.0, 17.604456824512535], [524.0, 17.604456824512535], [485.0, 523.8488372093024], [473.0, 523.8488372093024], [447.0, 523.8488372093024], [406.0, 523.8488372093024], [374.0, 491.97026022304834], [319.0, 491.97026022304834], [411.0, 509.0], [376.0, 509.0], [246.70967741935488, 342.7096774193549], [272.0, 318.0], [692.0, 255.0], [657.0, 255.0], [251.0, 318.0], [612.5862068965517, 289.0], [612.5862068965517, 272.0], [251.0, 336.0], [310.0, 244.0], [284.0, 244.0], [389.0, 210.0], [389.0, 197.0], [289.0, 297.0], [289.0, 278.0], [413.0, 426.0], [413.0, 410.0], [177.0, 206.0], [177.0, 191.0], [283.0, 265.0], [283.0, 270.00000000000006], [355.0, 205.0], [355.0, 189.0], [376.0, 419.0], [376.0, 388.0], [376.0, 354.0], [290.0, 354.0721088435374], [416.0, 354.0721088435374], [515.0, 354.0], [592.0, 354.0721088435374], [692.0, 354.0], [227.0, 354.0721088435374], [219.0, 354.0], [219.0, 361.0], [219.0, 341.0], [454.67333333333335, 43.0], [454.0, 307.0], [343.0, 307.5016286644951], [657.0, 43.0], [641.0, 43.43035714285714], [600.9815195071868, 355.0], [600.0, 453.0], [518.0, 453.21311475409834], [219.12923076923076, 374.0], [219.0, 419.0], [142.0, 419.06127080181545], [219.0, 340.0], [142.0, 340.98022598870057], [284.0, 255.0268456375839], [310.0, 255.0], [482.0, 509.24642857142857], [515.0, 509.0], [310.3988095238095, 279.0], [311.0, 255.0], [310.3988095238095, 231.0]], "weights": [[2.55], [2.55], [0.3], [0.3], [1.95], [1.95], [2.25], [2.25], [3.2], [3.2], [0.25], [0.25], [5.45], [5.45], [0.55], [0.55], [5.65], [5.65, 2.45], [1.85], [1.85], [2.85], [2.85], [5.45], [5.45], [1.5], [1.5], [2.4], [2.4], [2.25], [2.25], [3.2500000000000058], [3.2500000000000058, 2.15], [1.5], [1.5, 1.5], [2.25, 6.55], [2.25, 1.65], [1.5, 8.149999999999991], [2.6], [2.6], [8.149999999999991], [3.2], [3.2], [0.7], [0.7], [0.7], [0.7], [0.5], [0.5], [0.6], [0.6], [2.849999999999994], [2.849999999999994], [0.7], [0.7], [2.15, 3.65], [2.25], [2.25, 2.75], [2.75], [1.95], [1.95, 2.65], [2.0], [2.0, 6.55], [1.25], [1.25, 0.25, 0.25], [0.25], [0.25], [1.75], [1.75, 1.75], [1.75], [1.65, 1.55], [1.55], [2.25], [2.25, 2.15], [2.15], [1.75], [1.75, 3.65, 3.65], [3.65], [2.45, 1.95], [1.95], [0.25], [0.25], [2.35], [2.35, 2.65], [1.65], [1.65, 1.65], [1.65]], "edges": [[1], [0], [3], [2], [5], [4], [7], [6], [9], [8], [11], [10], [13], [12], [15], [14], [17], [16, 77], [19], [18], [21], [20], [23], [22], [25], [24], [27], [26], [29], [28], [31], [30, 54], [33], [32, 36], [35, 61], [34, 69], [33, 39], [38], [37], [36], [41], [40], [43], [42], [45], [44], [47], [46], [49], [48], [51], [50], [53], [52], [31, 75], [56], [55, 57], [56], [59], [58, 82], [61], [60, 34], [63], [62, 64, 65], [63], [63], [67], [66, 68], [67], [35, 70], [69], [72], [71, 73], [72], [75], [74, 76, 54], [75], [17, 78], [77], [80], [79], [82], [81, 59], [84], [83, 85], [84]]}