{"weights": [[0.65], [0.65], [0.75], [0.75], [0.8, 0.7], [0.8, 0.6], [0.75], [0.75], [4.0], [4.0], [0.5, 0.65], [0.5], [6.25], [6.25, 4.7], [1.55], [1.55], [3.1, 3.05], [3.1, 0.75], [1.45, 0.7], [1.45, 1.2], [2.3], [2.3, 1.0], [1.05], [1.05], [0.85], [0.85], [0.95], [0.95, 0.7], [0.75], [0.75], [1.0], [1.0], [0.7], [0.7], [0.65], [1.0], [0.7], [0.7], [1.4], [1.4], [0.5], [0.5], [1.25], [1.25], [1.2], [3.05], [0.8], [0.8], [1.35], [1.35], [1.7], [1.7], [1.0], [1.0], [1.75], [1.75], [1.2], [1.2], [0.5], [0.5], [0.7], [0.7, 1.7], [1.7], [0.75, 0.95], [0.95], [1.5], [1.5, 0.75], [0.75], [0.6], [0.6, 0.6], [0.8], [0.8, 0.7], [0.7], [0.95], [0.95, 0.6], [0.6], [0.9], [0.9, 0.75], [0.75], [0.7, 0.6], [0.6], [2.8], [2.8, 4.7]], "edges": [[1], [0], [3], [2], [5, 37], [4, 69], [7], [6], [9], [8], [11, 34], [10], [13], [12, 82], [15], [14], [17, 45], [16, 63], [19, 79], [18, 44], [21], [20, 35], [23], [22], [25], [24], [27], [26, 36], [29], [28], [31], [30], [33], [32], [10], [21], [27], [4], [39], [38], [41], [40], [43], [42], [19], [16], [47], [46], [49], [48], [51], [50], [53], [52], [55], [54], [57], [56], [59], [58], [61], [60, 62], [61], [17, 64], [63], [66], [65, 67], [66], [69], [68, 5], [71], [70, 72], [71], [74], [73, 75], [74], [77], [76, 78], [77], [18, 80], [79], [82], [81, 13]], "vertices": [[212.8523316062176, 406.0], [212.8523316062176, 147.0], [310.0, 58.50847457627118], [250.0, 58.50847457627118], [402.0, 158.0], [347.0, 158.0], [665.506329113924, 248.0], [665.506329113924, 168.0], [548.7272727272727, 194.0], [548.7272727272727, 138.0], [666.0, 275.0], [608.0, 275.0], [197.0, 154.0], [197.0, 116.0], [488.0, 387.0], [488.0, 373.0], [409.0, 211.0], [389.0, 211.0], [487.0, 187.0], [440.0, 187.0], [407.0, 372.0], [391.0, 372.0], [463.0, 59.0], [434.0, 59.0], [612.2613636363636, 139.0], [612.2613636363636, 102.0], [573.0, 373.0], [549.0, 373.0], [612.5128205128206, 81.0], [612.5128205128206, 61.0], [230.0, 406.0], [213.0, 406.0], [517.0, 158.35526315789474], [468.0, 158.35526315789474], [666.0, 323.0], [391.0, 407.0], [549.0, 352.0], [402.0, 181.0], [401.0, 228.5], [390.0, 228.5], [580.0, 129.0], [580.0, 116.0], [549.0, 115.01162790697674], [520.0, 115.01162790697674], [440.0, 209.0], [409.0, 234.0], [347.0, 59.0], [347.0, 43.0], [546.0, 167.06578947368422], [519.0, 167.06578947368422], [408.0, 261.0], [391.0, 261.0], [433.5, 59.0], [433.5, 43.0], [488.0, 372.5151515151515], [469.0, 372.5151515151515], [389.0, 210.5], [376.0, 210.5], [600.0, 275.0], [588.0, 275.0], [666.0, 325.0], [666.0, 372.0], [640.0, 372.5], [389.0, 406.0], [372.0, 406.5151515151515], [665.0, 69.0], [665.0, 59.0], [549.0, 59.49781659388646], [214.0, 210.19526627218934], [347.0, 210.0], [518.0, 192.0], [518.0, 59.0], [491.0, 59.48979591836735], [548.4479166666666, 221.0], [548.0, 275.0], [570.0, 275.0], [576.0, 140.59731543624162], [665.0, 140.0], [665.5116279069767, 118.0], [487.0, 230.0], [440.0, 230.6764705882353], [213.16326530612244, 97.0], [213.0, 116.0]]}