{"weights": [[1.95], [1.95], [1.35, 1.85], [1.35], [2.65], [2.65], [4.45], [4.45], [1.95], [1.95], [2.75], [2.75], [5.75], [5.75], [4.65], [4.65], [1.95], [1.95], [2.35], [2.35], [5.400000000000011], [5.400000000000011, 1.5], [2.25], [2.25], [2.5], [2.5], [1.5], [1.5, 1.5], [1.8500000000000056], [1.8500000000000056, 2.25], [1.85, 2.55], [1.5], [1.5, 8.049999999999986], [2.95], [2.95], [1.35], [1.35], [8.049999999999986], [2.25], [2.25], [3.0], [3.0], [0.7], [0.7], [0.9], [0.9], [0.5], [0.5], [0.6], [0.6], [0.8], [0.8], [0.5], [0.5], [2.2999999999999923], [2.2999999999999923], [1.0], [1.0], [0.8], [0.8], [2.25, 1.95], [2.35], [2.35, 2.65], [2.75], [2.75, 2.55], [2.05], [2.05, 1.5], [1.5], [2.15], [2.15, 2.05], [2.05], [1.5], [1.5, 2.1], [2.1], [2.25], [2.25, 1.95, 1.95], [1.95], [1.95], [1.95, 0.5], [0.5], [2.25], [2.25, 2.65]], "edges": [[1], [0], [3, 30], [2], [5], [4], [7], [6], [9], [8], [11], [10], [13], [12], [15], [14], [17], [16], [19], [18], [21], [20, 32], [23], [22], [25], [24], [27], [26, 31], [29], [28, 60], [2, 64], [27], [21, 37], [34], [33], [36], [35], [32], [39], [38], [41], [40], [43], [42], [45], [44], [47], [46], [49], [48], [51], [50], [53], [52], [55], [54], [57], [56], [59], [58], [29, 75], [62], [61, 81], [64], [63, 30], [66], [65, 67], [66], [69], [68, 70], [69], [72], [71, 73], [72], [75], [74, 76, 60], [75], [78], [77, 79], [78], [81], [80, 62]], "vertices": [[139.44835501147665, 477.0], [139.44835501147665, 192.0], [657.0, 257.0], [657.0, 42.0], [355.0, 153.91202346041055], [175.0, 153.91202346041055], [602.0, 43.53142857142857], [509.0, 43.53142857142857], [280.5787401574803, 265.0], [280.5787401574803, 156.0], [312.6934673366834, 279.0], [312.6934673366834, 231.0], [587.0, 17.604456824512535], [524.0, 17.604456824512535], [485.0, 523.4545454545455], [473.0, 523.4545454545455], [374.0, 491.97026022304834], [319.0, 491.97026022304834], [308.9016393442623, 417.0], [308.9016393442623, 358.0], [246.70967741935488, 342.7096774193549], [272.0, 318.0], [452.0, 152.93193717277487], [412.0, 152.93193717277487], [447.0, 523.984375], [406.0, 523.984375], [259.0, 309.0], [219.0, 309.0], [411.0, 510.0], [376.0, 510.0], [692.0, 257.0], [219.0, 338.0], [251.0, 318.0], [612.5862068965517, 289.0], [612.5862068965517, 272.0], [152.0, 154.3265306122449], [137.0, 154.3265306122449], [251.0, 336.0], [657.0, 41.91428571428571], [641.0, 41.91428571428571], [310.0, 244.5], [284.0, 244.5], [389.0, 210.0], [389.0, 197.0], [289.0, 297.0], [289.0, 278.0], [413.0, 426.0], [413.0, 410.0], [177.0, 206.0], [177.0, 191.0], [210.52, 212.0], [210.52, 199.0], [371.0, 152.0], [357.0, 152.0], [283.0, 265.0], [283.0, 270.00000000000006], [446.5, 431.0], [446.5, 418.0], [355.0, 205.0], [355.0, 189.0], [376.0, 419.0], [416.0, 354.17857142857144], [515.0, 354.0], [592.0, 352.9377593360996], [692.0, 352.0], [454.880859375, 43.0], [454.0, 306.0], [343.0, 306.9955849889625], [600.9815195071868, 355.0], [600.0, 453.0], [518.0, 453.21311475409834], [290.0, 355.4622823984526], [376.0, 355.0], [376.0, 388.0], [219.47398843930637, 374.0], [219.0, 419.0], [142.0, 419.06127080181545], [142.0, 341.19628647214853], [227.0, 341.0], [227.0, 361.0], [482.0, 509.0134228187919], [515.0, 509.0]]}