{"vertices": [[212.8873563218391, 407.0], [212.8873563218391, 147.0], [665.5840707964602, 248.0], [665.5840707964602, 168.0], [666.0, 325.0], [666.0, 275.0], [310.0, 59.23956043956044], [250.0, 59.23956043956044], [463.0, 59.23956043956044], [433.0, 59.23956043956044], [406.0, 160.0], [347.0, 160.0], [517.0, 159.81165919282512], [468.0, 159.81165919282512], [546.0, 159.81165919282512], [519.0, 159.81165919282512], [406.0, 210.0], [389.0, 210.0], [548.6165803108809, 194.0], [548.6165803108809, 138.0], [548.6165803108809, 275.0], [548.6165803108809, 221.0], [548.6165803108809, 372.0], [548.6165803108809, 352.0], [608.0, 275.0], [570.0, 275.0], [549.0, 275.0], [600.0, 275.0], [588.0, 275.0], [197.0, 154.0], [197.0, 115.0], [407.0, 372.3757225433526], [391.0, 372.3757225433526], [573.0, 372.0], [549.0, 372.0], [487.0, 187.0], [438.0, 187.0], [347.0, 59.0], [347.0, 43.0], [612.3385826771654, 139.0], [612.3385826771654, 102.0], [612.3385826771654, 81.0], [612.3385826771654, 61.0], [230.0, 407.0], [213.0, 407.0], [406.0, 181.0], [580.0, 129.0], [580.0, 116.0], [549.0, 115.14141414141415], [520.0, 115.14141414141415], [438.0, 209.0], [438.1666666666667, 53.0], [438.1666666666667, 43.0], [546.0, 168.0], [519.0, 168.0], [408.0, 261.0], [391.0, 261.0], [212.8873563218391, 97.0], [212.0, 115.0], [666.0, 372.0], [640.0, 372.3757225433526], [665.5840707964602, 118.0], [665.0, 140.0], [576.0, 140.59731543624162], [376.0, 210.27826086956523], [491.0, 59.23956043956044], [518.0, 59.0], [518.0, 192.0], [214.0, 210.27826086956523], [347.0, 210.0], [487.0, 387.0], [487.0, 372.0], [469.0, 372.3757225433526], [487.0, 230.0], [440.0, 230.14444444444445], [390.0, 230.14444444444445], [406.0, 230.0], [372.0, 406.5076923076923], [389.0, 406.0], [666.0, 69.0], [666.0, 60.0], [549.0, 59.23956043956044]], "weights": [[0.75], [0.75], [0.75], [0.75], [0.75, 0.65], [0.75, 0.5], [0.5], [0.5], [0.85], [0.85], [0.7, 0.25], [0.7, 0.6], [0.85], [0.85], [0.25], [0.25], [0.8, 0.35], [0.8, 0.85, 0.95], [0.7], [0.7], [0.75], [0.75], [0.5], [0.5], [0.5], [0.7], [0.7], [0.5], [0.5], [4.85], [4.85, 5.65], [1.75], [1.75], [0.95], [0.95], [1.75, 0.65], [1.75, 0.25], [1.1], [1.1], [1.05], [1.05], [0.75], [0.75], [1.25], [1.25], [0.25], [0.6], [0.6], [1.25], [1.25], [0.25], [0.25], [0.25], [1.4], [1.4], [1.7], [1.7], [2.85], [2.85, 5.65], [0.65, 1.45], [1.45], [0.75], [0.75, 0.75], [0.75], [0.85], [0.9], [0.9, 0.7], [0.7], [0.65], [0.65, 0.6], [3.4], [3.4, 1.3], [1.3], [0.65, 0.75], [0.75], [0.5], [0.5, 0.35], [0.7], [0.7, 0.95], [0.25], [0.25, 0.85], [0.85]], "edges": [[1], [0], [3], [2], [5, 59], [4, 24], [7], [6], [9], [8], [11, 45], [10, 69], [13], [12], [15], [14], [17, 76], [16, 64, 78], [19], [18], [21], [20], [23], [22], [5], [26], [25], [28], [27], [30], [29, 58], [32], [31], [34], [33], [36, 73], [35, 50], [38], [37], [40], [39], [42], [41], [44], [43], [10], [47], [46], [49], [48], [36], [52], [51], [54], [53], [56], [55], [58], [57, 30], [4, 60], [59], [62], [61, 63], [62], [17], [66], [65, 67], [66], [69], [68, 11], [71], [70, 72], [71], [35, 74], [73], [76], [75, 16], [78], [77, 17], [80], [79, 81], [80]]}