{"weights": [[0.8], [0.8], [1.65, 0.5], [1.65, 1.75], [1.0], [1.0], [0.75], [0.75], [0.7, 1.1], [0.7, 0.5], [0.85], [0.85], [0.7], [0.7], [0.7], [0.7], [0.65], [0.65], [0.5], [0.5], [0.8], [0.8], [2.05], [2.05], [0.7], [0.7], [1.0], [1.0], [0.7], [0.7], [4.0], [4.0], [0.5], [0.5], [0.75], [0.75], [1.75], [0.25], [0.25], [1.25], [1.25], [0.7], [0.7], [0.8], [0.8], [2.1], [2.1], [0.8], [0.8], [1.25], [1.25], [0.85], [0.85], [0.75], [0.75], [1.0], [1.0], [1.4], [1.4], [1.1], [1.1], [0.9], [0.9], [1.2], [1.2], [0.7], [0.7], [1.1], [1.1], [0.5, 0.5], [0.5], [0.7], [0.7, 0.5], [0.5, 1.0], [1.0], [1.0], [1.0, 1.0], [1.0], [3.2], [3.2, 1.1], [1.05], [1.05, 0.5], [0.5], [7.8], [7.8, 2.0], [2.0], [1.05], [1.05, 0.5]], "edges": [[1], [0], [3, 9], [2, 36], [5], [4], [7], [6], [9, 79], [8, 2], [11], [10], [13], [12], [15], [14], [17], [16], [19], [18], [21], [20], [23], [22], [25], [24], [27], [26], [29], [28], [31], [30], [33], [32], [35], [34], [3], [38], [37], [40], [39], [42], [41], [44], [43], [46], [45], [48], [47], [50], [49], [52], [51], [54], [53], [56], [55], [58], [57], [60], [59], [62], [61], [64], [63], [66], [65], [68], [67], [70, 73], [69], [72], [71, 87], [69, 74], [73], [76], [75, 77], [76], [79], [78, 8], [81], [80, 82], [81], [84], [83, 85], [84], [87], [86, 72]], "vertices": [[498.0, 190.5027027027027], [405.0, 190.5027027027027], [149.0, 233.0], [149.0, 169.0], [497.0, 258.5], [408.0, 258.5], [615.0, 258.49411764705883], [530.0, 258.49411764705883], [127.0, 287.0], [127.0, 233.0], [315.0, 350.98924731182797], [280.0, 350.98924731182797], [510.0, 82.66666666666667], [490.0, 82.66666666666667], [316.0, 32.48979591836735], [291.0, 32.48979591836735], [461.0, 82.5925925925926], [445.0, 82.5925925925926], [308.0, 416.0], [291.0, 416.0], [409.0, 32.51020408163265], [384.0, 32.51020408163265], [409.0, 351.5079365079365], [377.0, 351.5079365079365], [555.4545454545455, 126.0], [555.4545454545455, 114.0], [424.0, 82.5], [408.0, 82.5], [383.0, 304.0], [383.0, 275.0], [350.0, 188.0], [350.0, 178.0], [407.0, 416.0], [384.0, 416.0], [469.45454545454544, 257.0], [469.45454545454544, 227.0], [187.0, 169.0], [199.82142857142858, 133.0], [199.82142857142858, 118.0], [336.0285714285714, 68.0], [336.0285714285714, 56.0], [349.0, 274.58620689655174], [331.0, 274.58620689655174], [291.0, 90.0], [291.0, 64.0], [446.0, 132.0], [446.0, 118.0], [370.0, 222.0], [370.0, 208.0], [322.02127659574467, 309.0], [322.02127659574467, 293.0], [228.48, 107.0], [228.48, 94.0], [555.0, 82.52173913043478], [531.0, 82.52173913043478], [197.0, 229.0], [197.0, 219.0], [230.5, 231.0], [230.5, 220.0], [196.5, 255.0], [196.5, 239.0], [189.0, 68.0], [179.0, 68.0], [194.0, 131.0], [194.0, 118.0], [555.4545454545455, 159.0], [555.4545454545455, 147.0], [349.0, 69.0], [349.0, 59.0], [769.0, 452.0], [751.0, 452.0], [651.0, 452.0], [640.0, 452.0], [769.0, 190.0], [655.0, 190.5], [530.0, 190.5], [616.0, 190.0], [616.0, 258.0], [150.0, 352.0], [150.0, 287.0], [408.48205128205126, 367.0], [408.0, 473.0], [426.0, 473.0], [291.0, 147.0], [291.0, 169.0], [254.0, 169.5], [622.0, 473.48571428571427], [640.0, 473.0]]}