{"vertices": [[769.0, 452.0], [769.0, 191.0], [616.0, 190.50084889643463], [530.0, 190.50084889643463], [498.0, 190.50084889643463], [405.0, 190.50084889643463], [769.0, 190.50084889643463], [655.0, 190.50084889643463], [149.0, 233.0], [149.0, 169.0], [497.0, 258.4971264367816], [408.0, 258.4971264367816], [615.0, 258.4971264367816], [530.0, 258.4971264367816], [127.0, 287.0], [127.0, 233.0], [315.0, 351.19871794871796], [280.0, 351.19871794871796], [409.0, 351.19871794871796], [377.0, 351.19871794871796], [510.0, 82.56390977443608], [490.0, 82.56390977443608], [461.0, 82.56390977443608], [445.0, 82.56390977443608], [424.0, 82.56390977443608], [408.0, 82.56390977443608], [555.0, 82.56390977443608], [531.0, 82.56390977443608], [316.0, 32.5], [291.0, 32.5], [409.0, 32.5], [384.0, 32.5], [291.0, 90.0], [291.0, 64.0], [187.0, 169.0], [308.0, 416.0], [291.0, 416.0], [407.0, 416.0], [384.0, 416.0], [616.0, 258.0], [616.0, 191.0], [555.4545454545455, 126.0], [555.4545454545455, 114.0], [555.4545454545455, 159.0], [555.4545454545455, 147.0], [383.0, 304.0], [383.0, 275.0], [349.5, 188.0], [349.5, 178.0], [349.5, 69.0], [349.5, 59.0], [469.45454545454544, 257.0], [469.45454545454544, 227.0], [197.9, 133.0], [197.9, 118.0], [197.9, 229.0], [197.9, 219.0], [197.9, 255.0], [197.9, 239.0], [336.0285714285714, 68.0], [336.0285714285714, 56.0], [349.0, 274.58620689655174], [331.0, 274.58620689655174], [446.0, 132.0], [446.0, 118.0], [370.0, 222.0], [370.0, 208.0], [322.02127659574467, 309.0], [322.02127659574467, 293.0], [229.4255319148936, 107.0], [229.4255319148936, 94.0], [229.4255319148936, 231.0], [229.4255319148936, 220.0], [189.0, 68.0], [179.0, 68.0], [194.0, 131.0], [194.0, 118.0], [751.0, 452.0], [651.0, 452.0], [640.0, 452.0], [149.0, 352.0], [149.0, 287.0], [408.48205128205126, 367.0], [408.0, 473.0], [426.0, 473.0], [291.0, 147.0], [291.0, 169.0], [254.0, 169.49820788530465], [622.0, 473.3695652173913], [640.0, 473.0]], "weights": [[0.5, 0.5], [0.5], [1.0], [1.0], [1.0], [1.0], [1.0], [1.0], [1.5, 0.5], [1.5, 1.75], [1.2], [1.2], [0.75], [0.75], [0.5, 1.0], [0.5, 0.5], [0.95], [0.95], [1.15], [1.15], [0.65], [0.65], [0.7], [0.7], [0.75], [0.75], [0.65], [0.65], [1.1], [1.1], [1.0], [1.0], [1.2], [1.2], [1.75], [0.9], [0.9], [0.5], [0.5], [1.1], [1.1], [0.7], [0.7], [0.7], [0.7], [1.2], [1.2], [2.7], [2.7], [0.7], [0.7], [0.75], [0.75], [0.25], [0.25], [0.55], [0.55], [0.75], [0.75], [1.25], [1.25], [0.75], [0.75], [1.6], [1.6], [0.7], [0.7], [1.15], [1.15], [0.5], [0.5], [1.0], [1.0], [0.8], [0.8], [1.2], [1.2], [0.5], [1.0], [1.0, 0.6], [3.65], [3.65, 1.0], [0.7], [0.7, 0.5], [0.5], [0.6], [0.6, 1.55], [1.55], [0.75], [0.75, 0.6]], "edges": [[1, 77], [0], [3], [2], [5], [4], [7], [6], [9, 15], [8, 34], [11], [10], [13], [12], [15, 81], [14, 8], [17], [16], [19], [18], [21], [20], [23], [22], [25], [24], [27], [26], [29], [28], [31], [30], [33], [32], [9], [36], [35], [38], [37], [40], [39], [42], [41], [44], [43], [46], [45], [48], [47], [50], [49], [52], [51], [54], [53], [56], [55], [58], [57], [60], [59], [62], [61], [64], [63], [66], [65], [68], [67], [70], [69], [72], [71], [74], [73], [76], [75], [0], [79], [78, 89], [81], [80, 14], [83], [82, 84], [83], [86], [85, 87], [86], [89], [88, 79]]}