{"vertices": [[89.0, 167.0], [89.0, 107.0], [592.0, 525.5743243243244], [510.0, 525.5743243243244], [519.0, 293.0], [443.0, 293.0], [344.0, 293.0], [321.0, 293.0], [321.0, 318.0], [321.20754716981133, 155.0], [321.20754716981133, 140.0], [397.0, 260.0], [317.0, 260.0], [466.0, 260.0], [455.0, 260.0], [451.0, 106.69300911854103], [385.0, 106.69300911854103], [139.0, 107.0], [277.0, 106.69300911854103], [227.0, 106.69300911854103], [486.0, 106.69300911854103], [473.0, 106.69300911854103], [671.0, 245.0], [671.0, 178.0], [443.0, 411.0], [432.22, 213.0], [432.22, 200.0], [738.0, 111.0], [624.0, 236.3653846153846], [558.0, 236.3653846153846], [671.0, 43.0], [645.0, 18.0], [710.9045801526718, 83.09541984732834], [155.0, 282.0], [90.0, 282.0], [613.0, 282.0], [584.0, 282.0], [88.0, 167.0], [67.0, 167.0], [557.0, 201.0], [557.0, 164.0], [557.0, 118.0], [557.0, 106.0], [582.4653465346535, 292.0], [582.4653465346535, 238.0], [277.0, 131.0], [277.0, 107.0], [119.0, 425.0], [88.0, 425.0], [357.0520833333333, 372.0], [357.0520833333333, 356.0], [357.0520833333333, 347.0], [357.0520833333333, 331.0], [357.0520833333333, 154.0], [357.0520833333333, 143.0], [67.0, 221.0], [645.4666666666667, 142.0], [645.4666666666667, 126.0], [430.0, 439.37333333333333], [402.0, 439.37333333333333], [400.0, 212.0], [400.0, 197.0], [486.35897435897436, 197.0], [486.35897435897436, 172.0], [486.0, 122.0], [486.0, 107.0], [138.0, 358.0], [138.0, 342.0], [138.0, 333.0], [138.0, 317.0], [694.7500000000001, 103.75], [707.2500000000001, 91.25], [597.5, 141.0], [597.5, 126.0], [146.0, 357.0], [146.0, 343.0], [371.0, 344.0], [371.0, 333.0], [294.5, 248.0], [294.5, 238.0], [261.5, 338.0], [261.5, 323.0], [653.26, 60.25999999999988], [244.0, 378.0], [230.0, 378.0], [608.0, 141.0], [608.0, 127.0], [88.0, 221.0], [626.0, 525.5743243243244], [671.0, 525.0], [671.0829015544041, 514.0], [551.0, 293.2451923076923], [671.0, 293.0], [671.0829015544041, 266.0], [514.0, 106.69300911854103], [230.0, 424.0], [199.0, 424.8082191780822], [478.0, 526.0], [433.0, 526.0], [432.22, 411.0], [321.20754716981133, 376.0], [322.0, 439.0], [343.0, 439.0]], "weights": [[0.8], [0.8, 0.75], [0.75], [0.75], [0.5], [0.5, 0.95], [0.25], [0.25, 0.5], [0.5], [0.25], [0.25], [0.6], [0.6], [1.0], [1.0], [0.5], [0.5], [0.75], [0.75], [0.75], [0.5], [0.5], [0.65], [0.65, 0.6999999999999815], [0.95], [0.25], [0.25], [0.6999999999999815, 0.8499999999999777], [0.65], [0.65], [0.6499999999999752, 0.49999999999996386], [0.6499999999999752, 0.5999999999999718], [0.8499999999999777], [0.5], [0.5], [1.0], [1.0], [0.75], [0.75, 0.5], [0.5], [0.5], [0.8], [0.8, 0.5999999999999718, 0.5], [0.75], [0.75], [0.8], [0.8], [0.7], [0.7, 0.75], [0.5], [0.5], [0.5], [0.5], [0.25], [0.25], [0.5, 1.1], [1.35], [1.35], [0.75], [0.75], [1.3], [1.3], [0.5], [0.5], [0.5], [0.5], [1.1], [1.1], [0.5], [0.5], [0.7499999999999768], [0.7499999999999768], [1.2], [1.2], [1.4], [1.4], [1.1], [1.1], [4.7], [4.7], [1.3], [1.3], [0.49999999999996386], [0.8], [0.8, 1.35], [1.3], [1.3], [0.75, 1.1], [0.55], [0.55, 0.5], [0.5], [0.95], [0.95, 0.5], [0.5], [0.5], [1.35, 0.5], [0.5], [0.75], [0.75, 0.7], [0.7], [1.9], [1.9, 0.7], [0.7]], "edges": [[1], [0, 17], [3], [2], [5], [4, 24], [7], [6, 8], [7], [10], [9], [12], [11], [14], [13], [16], [15], [1], [19], [18], [21], [20], [23], [22, 27], [5], [26], [25], [23, 32], [29], [28], [31, 82], [30, 42], [27], [34], [33], [36], [35], [38], [37, 55], [40], [39], [42], [41, 31, 94], [44], [43], [46], [45], [48], [47, 87], [50], [49], [52], [51], [54], [53], [38, 87], [57], [56], [59], [58], [61], [60], [63], [62], [65], [64], [67], [66], [69], [68], [71], [70], [73], [72], [75], [74], [77], [76], [79], [78], [81], [80], [30], [84], [83, 95], [86], [85], [48, 55], [89], [88, 90], [89], [92], [91, 93], [92], [42], [84, 96], [95], [98], [97, 99], [98], [101], [100, 102], [101]]}