{"weights": [[0.65], [0.65, 0.85], [1.0], [1.0], [0.7999999999999645], [0.7999999999999645, 0.7999999999999794], [0.6], [0.6], [0.5], [0.5], [0.75], [0.75, 1.000000000000008], [0.85], [0.75], [0.75, 0.75], [1.1], [1.1], [0.85, 0.6], [0.85, 0.5], [0.75], [0.75], [1.000000000000008, 0.49999999999996386], [0.75, 0.85], [0.6], [0.6], [0.7999999999999794, 0.49999999999996386], [0.5], [0.5], [0.85, 0.5], [0.6], [0.6], [0.49999999999996386], [1.25], [1.25], [0.6], [0.7], [0.7], [1.25], [1.25], [0.5, 1.5], [0.75], [0.75, 0.75], [0.8, 0.6], [0.8], [1.0], [1.0, 0.6], [1.2], [1.2], [0.6], [1.0], [1.0], [1.0], [1.0], [0.8], [0.8], [1.4], [1.4], [1.4], [1.4], [0.6], [0.6], [1.2], [1.2], [1.15], [1.15], [0.7499999999999689], [0.7499999999999689], [0.6], [0.6], [1.3], [1.3], [1.5], [1.5], [1.4], [1.4], [3.9], [3.9], [1.3], [1.3], [0.49999999999996386], [0.6], [0.85], [0.85], [0.75], [0.75], [0.5], [1.4], [1.4], [0.75, 1.5], [0.5], [0.5, 1.1], [1.1], [1.05], [1.05, 0.75], [0.75], [1.6], [1.6, 0.9], [0.9], [1.0], [1.0, 0.7], [0.7], [0.6], [0.6, 0.8], [0.8]], "edges": [[1], [0, 12], [3], [2], [5], [4, 25], [7], [6], [9], [8], [11], [10, 21], [1], [14], [13, 22], [16], [15], [18, 34], [17, 85], [20], [19], [11, 31], [14, 28], [24], [23], [5, 79], [27], [26], [22, 39], [30], [29], [21], [33], [32], [17], [36], [35], [38], [37], [28, 88], [41], [40, 88], [43, 80], [42], [45], [44, 48], [47], [46], [45], [50], [49], [52], [51], [54], [53], [56], [55], [58], [57], [60], [59], [62], [61], [64], [63], [66], [65], [68], [67], [70], [69], [72], [71], [74], [73], [76], [75], [78], [77], [25], [42], [82], [81], [84], [83], [18], [87], [86], [41, 39], [90], [89, 91], [90], [93], [92, 94], [93], [96], [95, 97], [96], [99], [98, 100], [99], [102], [101, 103], [102]], "vertices": [[519.0, 292.0], [443.0, 292.0], [592.0, 525.5], [510.0, 525.5], [556.0, 106.0], [645.0, 17.0], [397.0, 260.0], [317.0, 260.0], [451.0, 107.0], [385.0, 107.0], [671.0, 245.0], [671.0, 178.0], [443.0, 411.0], [139.0, 107.0], [88.0, 107.0], [478.0, 526.0], [433.0, 526.0], [230.0, 425.0], [230.0, 378.0], [432.50442477876106, 526.0], [432.50442477876106, 411.0], [738.0, 111.0], [88.0, 167.0], [624.0, 236.3653846153846], [558.0, 236.3653846153846], [671.0, 43.0], [155.0, 282.0], [90.0, 282.0], [67.0, 167.0], [557.0, 201.0], [557.0, 164.0], [710.75, 83.25], [582.4653465346535, 292.0], [582.4653465346535, 238.0], [199.0, 425.0], [613.0, 282.0], [584.0, 282.0], [358.85714285714283, 372.0], [358.85714285714283, 356.0], [67.0, 221.0], [119.0, 425.0], [88.0, 425.0], [487.0, 107.0], [473.0, 107.0], [314.0, 318.0], [314.0, 296.0], [645.4666666666667, 142.0], [645.4666666666667, 126.0], [344.0, 296.0], [430.0, 439.5], [402.0, 439.5], [358.5, 347.0], [358.5, 331.0], [327.5357142857143, 155.0], [327.5357142857143, 140.0], [400.0, 212.0], [400.0, 197.0], [318.0, 154.0], [318.0, 140.0], [486.0, 197.0], [486.0, 172.0], [351.5, 154.0], [351.5, 143.0], [136.51612903225808, 358.0], [136.51612903225808, 342.0], [694.7500000000001, 103.75], [707.2500000000001, 91.25], [466.0, 260.0], [455.0, 260.0], [597.5, 141.0], [597.5, 126.0], [146.0, 357.0], [146.0, 343.0], [371.0, 344.0], [371.0, 333.0], [294.5, 248.0], [294.5, 238.0], [261.5, 338.0], [261.5, 323.0], [653.26, 60.25999999999988], [487.0, 122.0], [429.5416666666667, 213.0], [429.5416666666667, 200.0], [139.48387096774192, 333.0], [139.48387096774192, 317.0], [244.0, 378.0], [608.0, 141.0], [608.0, 127.0], [88.0, 221.0], [626.0, 526.0], [670.0, 526.0], [670.5, 514.0], [551.0, 293.3953488372093], [670.0, 293.0], [670.5098039215686, 266.0], [322.5, 376.0], [322.0, 439.0], [343.0, 439.0], [227.0, 106.5], [277.0, 106.0], [277.0, 131.0], [514.0, 107.0], [556.0, 107.0], [556.0, 118.0]]}