{"vertices": [[191.7, 169.0], [191.7, 124.0], [191.7, 464.0], [191.7, 238.0], [668.3436734693878, 342.0], [668.3436734693878, 310.0], [668.3436734693878, 421.0], [668.3436734693878, 359.0], [596.0, 245.0], [596.0, 218.0], [596.1635944700461, 126.0], [596.1635944700461, 111.0], [596.1635944700461, 98.0], [596.1635944700461, 88.0], [596.0, 295.0], [596.0, 279.0], [504.0, 132.0], [504.0, 50.0], [503.6498673740053, 240.0], [503.6498673740053, 195.0], [357.79405520169854, 174.0], [357.79405520169854, 111.0], [640.0, 36.17560975609756], [554.0, 36.17560975609756], [552.0, 36.17560975609756], [533.0, 36.17560975609756], [236.0, 163.0], [236.0, 137.0], [236.0, 271.0], [236.0, 244.0], [250.0, 464.0], [192.0, 464.0], [551.0, 421.0], [551.0, 377.0], [550.9520295202952, 242.0], [550.9520295202952, 217.0], [550.9520295202952, 96.0], [550.9520295202952, 85.0], [355.0, 163.0], [355.0, 305.76221498371336], [340.0, 305.76221498371336], [559.0, 279.0], [559.0, 218.0], [195.0, 137.0], [483.0, 295.0], [483.0, 280.0], [546.0, 279.0], [504.0, 279.0], [536.0, 50.0], [657.0, 50.48223350253807], [637.0, 50.48223350253807], [507.0, 377.0], [668.0, 218.30416666666667], [633.0, 218.30416666666667], [264.0, 218.30416666666667], [244.0, 218.30416666666667], [280.01785714285717, 272.0], [280.01785714285717, 247.0], [280.01785714285717, 161.0], [280.01785714285717, 124.0], [179.45205479452054, 320.0], [179.45205479452054, 305.0], [306.0, 453.0], [294.0, 453.0], [256.0, 453.0], [245.0, 453.0], [134.60416666666666, 320.0], [134.60416666666666, 305.0], [580.5238095238095, 126.0], [580.5238095238095, 115.0], [669.0, 279.0], [669.0, 287.0], [684.0, 287.0], [596.1635944700461, 324.0], [596.0, 401.0], [560.0, 401.6666666666667], [504.0, 409.0], [504.0, 280.0], [357.79405520169854, 233.0], [357.0, 464.0], [296.0, 464.10873146622737], [356.0, 244.0], [309.0, 244.0], [655.5333333333333, 366.0], [655.0, 402.0], [596.0, 402.0], [231.0, 305.76221498371336], [309.0, 305.0], [684.0, 218.0], [684.0, 279.0], [483.1923076923077, 333.0], [483.0, 345.0], [501.0, 345.0], [668.3436734693878, 49.0], [669.0, 218.0]], "weights": [[6.25], [6.25], [1.85], [1.85], [1.0], [1.0], [1.5], [1.5], [1.3], [1.3, 1.25], [1.15], [1.15], [0.25], [0.25], [1.65], [1.65, 2.45], [2.85], [2.85, 1.95], [3.85], [3.85], [1.85], [1.85], [0.95], [0.95], [4.0], [4.0], [1.85, 1.75], [1.85, 1.6], [1.65], [1.65, 2.95], [2.85], [2.85], [0.75], [0.75, 1.7], [0.25], [0.25], [0.25], [0.25], [1.75], [1.75], [1.75], [3.55, 2.45], [3.55, 1.25], [1.6], [1.45], [1.45, 0.25], [0.5], [0.5], [1.95], [1.9], [1.9], [1.7], [1.3], [1.3], [0.95], [0.95], [0.3], [0.3], [0.25], [0.25], [1.5], [1.5], [5.6], [5.6], [4.2], [4.2], [2.15], [2.15], [1.05], [1.05], [4.75, 0.95], [4.75, 2.0], [2.0], [2.15], [2.15, 1.25], [1.25], [4.349999999999989], [4.349999999999989, 0.25], [1.45], [1.45, 3.85], [3.85], [2.95], [2.95, 2.95, 1.25], [1.5], [1.5, 1.95], [1.95], [1.65], [1.65, 1.25], [0.75, 0.75], [0.75, 0.95], [1.65], [1.65, 1.45], [1.45], [1.65], [1.65, 0.75]], "edges": [[1], [0], [3], [2], [5], [4], [7], [6], [9], [8, 42], [11], [10], [13], [12], [15], [14, 41], [17], [16, 48], [19], [18], [21], [20], [23], [22], [25], [24], [27, 38], [26, 43], [29], [28, 82], [31], [30], [33], [32, 51], [35], [34], [37], [36], [26], [40], [39], [42, 15], [41, 9], [27], [45], [44, 77], [47], [46], [17], [50], [49], [33], [53], [52], [55], [54], [57], [56], [59], [58], [61], [60], [63], [62], [65], [64], [67], [66], [69], [68], [71, 89], [70, 72], [71], [74], [73, 75], [74], [77], [76, 45], [79], [78, 80], [79], [82], [81, 29, 87], [84], [83, 85], [84], [87], [86, 82], [89, 94], [88, 70], [91], [90, 92], [91], [94], [93, 88]]}