{"weights": [[1.25], [1.25, 1.65], [1.45], [1.45, 1.45], [1.5, 1.15], [1.5], [1.35], [1.35], [1.7], [1.7, 1.45], [1.2], [1.2], [1.65, 1.25], [1.15], [1.15], [1.45], [1.25], [1.75], [1.75, 1.5], [1.8], [1.8], [1.25], [1.25], [1.15], [1.45, 0.7], [1.5], [1.5], [1.35], [1.35], [1.8], [1.8], [1.25], [1.25], [2.0], [2.0], [1.5], [0.7], [1.3], [1.3], [0.9], [0.9], [1.05], [1.05], [1.5], [1.5], [0.75], [0.75], [0.25], [0.25], [0.25], [0.25], [0.6], [0.6], [1.1], [1.1], [0.500000000000004], [0.500000000000004], [1.55], [1.55, 1.25], [1.25], [0.85], [0.85, 1.9], [1.9]], "edges": [[1], [0, 12], [3], [2, 15], [5, 23], [4], [7], [6], [9], [8, 24], [11], [10], [1, 16], [14], [13], [3], [12], [18], [17, 35], [20], [19], [22], [21], [4], [9, 36], [26], [25], [28], [27], [30], [29], [32], [31], [34], [33], [18], [24], [38], [37], [40], [39], [42], [41], [44], [43], [46], [45], [48], [47], [50], [49], [52], [51], [54], [53], [56], [55], [58], [57, 59], [58], [61], [60, 62], [61]], "vertices": [[554.0, 436.0], [554.0, 46.0], [439.0, 261.0], [322.0, 261.0], [438.0, 470.0], [438.0, 327.0], [399.0, 46.18867924528302], [285.0, 46.18867924528302], [494.0, 268.0], [494.0, 169.0], [439.0, 290.0], [381.0, 290.0], [430.0, 46.0], [443.0, 219.65060240963857], [256.0, 219.65060240963857], [322.0, 396.0], [430.0, 129.0], [552.0, 305.0], [479.0, 305.0], [555.0, 470.0104166666667], [522.0, 470.0104166666667], [436.0, 429.07954545454544], [404.0, 429.07954545454544], [470.0, 470.0], [442.0, 169.0], [552.0, 199.0], [496.0, 199.0], [380.9868421052632, 290.0], [380.9868421052632, 263.0], [411.0, 289.0], [411.0, 263.0], [352.0, 429.96629213483146], [321.0, 429.96629213483146], [315.5, 130.0], [315.5, 114.0], [479.0, 332.0], [442.0, 183.0], [470.5, 403.0], [470.5, 386.0], [340.0, 130.0], [340.0, 115.0], [551.0, 84.125], [530.0, 84.125], [320.0, 328.0], [308.0, 328.0], [354.52941176470586, 363.0], [354.52941176470586, 345.0], [370.5, 362.0], [370.5, 346.0], [486.5, 403.0], [486.5, 387.0], [522.0, 397.0], [522.0, 387.0], [492.0, 402.0], [492.0, 392.0], [397.0, 361.0], [407.0, 351.0], [254.01766304347825, 78.0], [254.0, 328.0], [271.0, 328.0], [493.6630434782609, 47.0], [493.0, 128.0], [467.0, 128.0]]}