{"vertices": [[439.0, 261.0], [322.0, 261.0], [435.42587209302326, 129.0], [435.42587209302326, 47.0], [435.0, 183.0], [435.0, 169.0], [399.0, 46.154947916666664], [285.0, 46.154947916666664], [494.0, 268.0], [494.0, 169.0], [493.7713717693837, 403.0], [493.7713717693837, 392.0], [443.0, 219.65060240963857], [256.0, 219.65060240963857], [322.0, 396.0], [321.52582159624416, 130.0], [321.52582159624416, 114.0], [552.0, 305.0], [478.0, 305.0], [555.0, 470.0109289617486], [522.0, 470.0109289617486], [352.0, 429.52542372881356], [321.0, 429.52542372881356], [320.0, 328.013698630137], [308.0, 328.013698630137], [552.0, 199.0], [496.0, 199.0], [380.2906976744186, 362.0], [380.2906976744186, 352.0], [411.0, 289.0], [411.0, 263.0], [478.0, 332.0], [478.0, 403.0], [478.0, 386.0], [470.0, 403.0], [470.0, 386.0], [340.0, 130.0], [340.0, 115.0], [551.0, 84.125], [530.0, 84.125], [354.52941176470586, 363.0], [354.52941176470586, 345.0], [366.0, 356.0], [366.0, 346.0], [522.0, 397.0], [522.0, 387.0], [397.0, 361.0], [407.0, 351.0], [554.0, 436.0], [554.0, 46.0], [424.0, 46.154947916666664], [254.01766304347825, 78.0], [254.0, 328.0], [271.0, 328.0], [470.0, 470.0], [435.0, 470.0], [493.7713717693837, 47.0], [493.0, 128.0], [467.0, 128.0], [439.0, 290.0], [380.0, 290.0], [380.2906976744186, 263.0], [404.0, 429.52542372881356], [436.0, 429.0], [435.42587209302326, 327.0]], "weights": [[1.45], [1.45, 1.25], [0.25], [0.25], [0.25], [0.25, 2.35], [1.35], [1.35], [1.25], [1.25, 2.35], [0.3], [0.3], [0.85], [0.85], [1.25], [0.3], [0.3], [1.25], [1.25, 1.7], [1.25], [1.25], [1.65], [1.65], [1.3], [1.3], [1.5], [1.5], [0.25], [0.25], [1.7], [1.7], [1.7], [0.25], [0.25], [1.2], [1.2], [1.1], [1.1], [1.25], [1.25], [0.85], [0.85], [1.4], [1.4], [0.9], [0.9], [0.750000000000006], [0.750000000000006], [1.45], [1.45, 1.55], [1.55], [3.15], [3.15, 1.3], [1.3], [1.25], [1.25, 0.25], [0.95], [0.95, 1.5], [1.5], [4.2], [4.2, 1.25], [1.25], [1.25], [1.25, 0.25, 0.25], [0.25]], "edges": [[1], [0, 14], [3], [2], [5], [4, 9], [7], [6], [9], [8, 5], [11], [10], [13], [12], [1], [16], [15], [18], [17, 31], [20], [19], [22], [21], [24], [23], [26], [25], [28], [27], [30], [29], [18], [33], [32], [35], [34], [37], [36], [39], [38], [41], [40], [43], [42], [45], [44], [47], [46], [49], [48, 50], [49], [52], [51, 53], [52], [55], [54, 63], [57], [56, 58], [57], [60], [59, 61], [60], [63], [62, 64, 55], [63]]}