{"weights": [[1.65], [1.65], [5.85], [5.85, 1.55], [1.35], [1.35, 2.0], [0.9], [0.9], [1.5], [1.5], [4.349999999999994], [4.349999999999994], [4.4], [4.4], [0.85], [0.85], [1.85], [1.85], [1.5, 1.65], [1.5, 1.7], [2.45], [2.45, 1.6], [1.5], [1.5], [7.15, 1.45], [7.15, 1.55], [1.65], [1.0], [1.0], [1.7], [0.55, 1.95], [0.55, 2.0], [1.9], [1.9, 1.75], [1.45, 1.55], [2.0], [2.3], [2.3, 1.5, 1.5], [1.6], [2.25], [2.25], [1.75], [1.75], [1.2], [1.2], [1.35], [1.35], [1.5], [1.5, 2.45], [1.95], [2.8], [2.8], [1.5], [1.5], [1.65], [1.65], [3.55], [3.55], [1.7], [1.7], [4.6], [4.6], [1.5], [1.5], [1.35], [1.35], [1.55], [0.75], [0.75], [1.8], [1.8], [1.5], [1.5, 1.5, 1.5, 1.75, 1.5], [1.2], [1.2], [2.7], [2.7, 1.45], [2.25], [2.25, 1.5, 1.5], [1.5], [1.5], [1.5], [2.45], [2.45, 2.45, 1.5], [3.45], [3.45, 1.5], [1.85], [1.85, 1.5], [2.0, 1.75], [1.75], [1.75, 1.45, 1.75], [1.5], [1.5, 1.5, 1.5, 1.5], [1.45], [1.45, 1.5, 1.5]], "edges": [[1], [0], [3], [2, 25], [5], [4, 35], [7], [6], [9], [8], [11], [10], [13], [12], [15], [14], [17], [16], [19, 26], [18, 29], [21], [20, 38], [23], [22], [25, 34], [24, 3], [18], [28], [27], [19], [31, 49], [30, 88], [33], [32, 90], [24, 66], [5], [37], [36, 80, 81], [21], [40], [39], [42], [41], [44], [43], [46], [45], [48], [47, 83], [30], [51], [50], [53], [52], [55], [54], [57], [56], [59], [58], [61], [60], [63], [62], [65], [64], [34], [68], [67], [70], [69], [72], [71, 85, 91, 90, 92], [74], [73], [76], [75, 90], [78], [77, 79, 94], [78], [37], [37], [83], [82, 48, 92], [85], [84, 72], [87], [86, 92], [31, 89], [88], [33, 76, 72], [72], [72, 83, 87, 94], [94], [93, 78, 92]], "vertices": [[190.8177570093458, 169.0], [190.8177570093458, 124.0], [596.0, 245.0], [596.0, 218.0], [503.0, 132.0], [503.0, 50.0], [596.5172413793103, 126.0], [596.5172413793103, 111.0], [670.0, 342.0], [670.0, 310.0], [503.252, 240.0], [503.252, 195.0], [666.4957805907173, 421.0], [666.4957805907173, 359.0], [640.0, 36.223684210526315], [554.0, 36.223684210526315], [356.90816326530614, 174.0], [356.90816326530614, 111.0], [236.0, 163.0], [236.0, 137.0], [549.0, 421.0], [549.0, 377.0], [655.5333333333333, 401.0], [655.5333333333333, 366.0], [558.0, 278.0], [558.0, 218.0], [355.0, 163.0], [594.0, 98.0], [594.0, 88.0], [195.0, 137.0], [684.0, 285.0], [684.0, 217.0], [483.0, 295.0], [483.0, 283.0], [596.0, 278.0], [536.0, 50.0], [656.0, 402.0], [596.0, 402.0], [507.0, 377.0], [276.26666666666665, 272.0], [276.26666666666665, 247.0], [283.5103448275862, 161.0], [283.5103448275862, 124.0], [545.0, 96.0], [545.0, 85.0], [355.0, 305.97727272727275], [340.0, 305.97727272727275], [236.0, 271.0], [236.0, 244.0], [670.0, 285.0], [657.0, 50.47435897435897], [637.0, 50.47435897435897], [178.95081967213116, 320.0], [178.95081967213116, 305.0], [552.0, 36.0377358490566], [533.0, 36.0377358490566], [306.0, 453.4761904761905], [294.0, 453.4761904761905], [134.60416666666666, 320.0], [134.60416666666666, 305.0], [256.0, 453.0], [245.0, 453.0], [264.0, 221.5], [244.0, 221.5], [501.0, 345.0], [484.0, 345.0], [596.0, 295.0], [580.5238095238095, 126.0], [580.5238095238095, 115.0], [483.5, 345.0], [483.5, 333.0], [-345.0, 278.0], [191.0, 278.0], [633.0, 217.5], [669.0, 217.0], [302.0, 464.0], [358.0, 464.0], [504.0, 409.0], [504.0, 278.0], [546.0, 278.0], [596.2846715328467, 324.0], [560.0, 402.0], [356.0, 244.0], [309.0, 244.0], [250.0, 464.0], [192.0, 464.0], [231.0, 305.72623574144484], [309.0, 305.0], [670.0, 217.0], [669.4347158218126, 49.0], [358.0, 280.0], [191.75331369661268, 238.0], [309.0, 278.0], [358.02680965147454, 233.0], [358.0, 278.0]]}