{"weights": [[0.75], [0.75], [1.15], [1.15, 1.05], [1.1, 0.85, 1.5], [1.1, 1.0], [0.85, 0.85], [1.3], [1.3, 1.15], [1.15, 6.55], [0.9, 1.5, 0.75], [0.9], [6.05], [6.05, 0.75], [0.75], [0.75, 1.1], [0.95, 1.05], [0.95, 1.5], [1.35], [1.35], [1.5], [1.25], [1.25], [1.0], [1.0], [1.1], [1.1, 6.55], [1.2], [1.2, 1.0], [1.1], [1.1], [1.45], [1.45], [1.2], [1.2, 1.0], [1.5], [0.95], [0.95], [1.15], [1.15], [1.2], [1.2], [1.4], [1.4, 0.85], [1.1], [1.5], [1.05], [1.05, 1.75], [0.75], [0.75, 1.0], [0.85, 1.0], [1.05, 1.05, 1.1], [1.1], [1.25], [1.25, 1.75], [1.0, 1.1], [1.1], [0.75, 1.0], [1.0], [0.85, 0.75], [0.75], [6.55, 6.55, 0.75]], "edges": [[1], [0], [3], [2, 51], [5, 6, 45], [4, 50], [4, 59], [8], [7, 9], [8, 61], [11, 20, 57], [10], [13], [12, 61], [15], [14, 44], [17, 51], [16, 35], [19], [18], [10], [22], [21], [24], [23], [26], [25, 61], [28], [27, 49], [30], [29], [32], [31], [34], [33, 55], [17], [37], [36], [39], [38], [41], [40], [43], [42, 50], [15], [4], [47], [46, 54], [49], [48, 28], [43, 5], [3, 16, 52], [51], [54], [53, 47], [34, 56], [55], [10, 58], [57], [6, 60], [59], [26, 9, 13]], "vertices": [[178.49579831932772, 380.0], [178.49579831932772, 320.0], [677.0, 362.0], [677.0, 140.0], [480.0, 413.0], [480.0, 352.0], [360.0, 413.0], [318.0, 273.0], [318.0, 105.0], [228.0, 105.0], [584.0, 413.0], [584.0, 352.0], [179.0, 231.0], [179.0, 139.0], [282.0, 272.0], [178.0, 272.0], [479.0, 140.0], [479.0, 55.0], [576.0, 210.98947368421054], [548.0, 210.98947368421054], [559.0, 413.0], [676.0, 211.00520833333334], [611.0, 211.00520833333334], [584.0, 351.5], [542.0, 351.5], [241.0, 150.0], [228.0, 150.0], [310.0, 496.0], [296.0, 496.0], [516.0, 351.0], [494.0, 351.0], [577.0, 184.50877192982455], [548.0, 184.50877192982455], [583.0, 388.0], [558.0, 388.0], [467.0, 55.0], [256.51162790697674, 411.0], [256.51162790697674, 389.0], [316.0, 150.02272727272728], [301.0, 150.02272727272728], [577.0, 211.0], [577.0, 185.0], [508.0, 498.0], [494.0, 498.0], [178.0, 283.0], [493.0, 413.0], [398.0, 55.0], [385.0, 55.0], [178.0, 412.3706563706564], [296.0, 412.0], [494.0, 352.0], [545.0, 140.0], [545.9674185463659, 316.0], [319.0, 139.00510204081633], [385.0, 139.0], [558.0, 497.0], [544.0, 497.5], [676.0, 413.0], [676.5, 398.0], [360.0, 496.0], [346.0, 496.5217391304348], [228.0, 139.0]]}