{"vertices": [[178.83574879227052, 380.0], [178.83574879227052, 320.0], [179.0, 231.0], [179.0, 139.0], [179.0, 283.0], [179.0, 272.0], [677.0, 362.0], [677.0, 139.0], [479.0, 413.0], [479.0, 352.0], [479.0, 139.0], [479.0, 55.0], [360.0, 413.0], [296.0, 412.79784688995215], [178.0, 412.79784688995215], [493.0, 413.0], [318.0, 273.0], [318.0, 105.0], [228.0, 105.0], [545.9674185463659, 316.0], [545.9674185463659, 140.0], [582.0, 211.0], [582.0, 185.0], [282.0, 272.0], [548.0, 211.0], [676.0, 211.0], [611.0, 211.0], [296.0, 497.0], [296.0, 413.0], [582.0, 351.5], [542.0, 351.5], [516.0, 351.0], [494.0, 351.0], [241.0, 150.0], [228.0, 150.0], [316.0, 149.84848484848484], [301.0, 149.84848484848484], [310.0, 497.0], [297.0, 497.0], [508.0, 497.0], [494.0, 497.0], [582.0, 184.50877192982455], [548.0, 184.50877192982455], [479.0, 54.80769230769231], [467.0, 54.80769230769231], [398.0, 55.0], [385.0, 55.0], [256.51162790697674, 411.0], [256.51162790697674, 389.0], [676.9879310344828, 398.0], [676.0, 413.0], [584.0, 413.0], [559.0, 412.79784688995215], [582.0, 412.0], [494.0, 352.0], [319.0, 139.32872928176795], [385.0, 139.0], [228.0, 139.0], [558.0, 388.0], [558.0, 497.0], [544.0, 497.0105263157895], [360.0, 497.0], [346.0, 497.0105263157895], [582.0, 388.0], [582.0, 352.0]], "weights": [[0.75], [0.75], [1.25], [1.25, 0.5], [0.85], [0.85, 0.85], [1.05], [1.05, 1.5], [1.5, 0.95, 1.25], [1.5, 1.1], [1.2, 1.5], [1.2], [0.95, 1.1], [0.75], [0.75], [1.25], [1.0], [1.0, 1.05], [1.05, 1.25], [0.9], [0.9], [0.25, 2.1], [0.25], [0.85], [2.1], [1.5], [1.5], [1.0], [1.0], [1.4], [1.4], [1.0], [1.0], [0.75], [0.75, 1.25], [1.45], [1.45], [0.5], [0.5], [1.05], [1.05, 0.85], [0.9], [0.9], [1.2], [1.2], [0.95], [0.95, 0.95], [0.95], [0.95], [0.9], [0.9, 0.5], [0.5], [1.25], [1.25, 0.25], [0.85, 1.1], [1.25], [1.25, 0.95], [0.5, 1.25, 1.25], [1.0, 1.2], [1.0, 0.75], [0.75], [1.1, 0.5], [0.5], [1.2, 0.25, 0.25], [0.25]], "edges": [[1], [0], [3], [2, 57], [5], [4, 23], [7], [6, 10], [9, 12, 15], [8, 54], [11, 7], [10], [8, 61], [14], [13], [8], [17], [16, 18], [17, 57], [20], [19], [22, 24], [21], [5], [21], [26], [25], [28], [27], [30], [29], [32], [31], [34], [33, 57], [36], [35], [38], [37], [40], [39, 54], [42], [41], [44], [43], [46], [45, 56], [48], [47], [50], [49, 51], [50], [53], [52, 63], [40, 9], [56], [55, 46], [3, 34, 18], [59, 63], [58, 60], [59], [12, 62], [61], [58, 64, 53], [63]]}