{"weights": [[3.55], [3.55, 2.95], [5.05], [5.05, 4.65], [2.75], [2.75], [2.95, 2.2], [4.65], [2.2, 3.4499999999999895], [1.5], [1.5, 3.5], [1.45], [1.45], [3.85, 3.95], [3.85, 3.55], [8.45], [8.45], [1.7], [1.7], [1.45, 1.7], [1.45, 1.45], [0.85], [0.85], [3.65], [3.65], [0.9], [0.9, 1.6], [4.0], [4.0], [3.75], [3.75], [4.05], [4.05, 0.5], [0.95], [0.95], [2.25], [2.25], [1.3], [1.3], [1.5], [1.5], [0.5], [1.4], [1.4], [3.85], [3.85, 1.5], [3.75], [3.75, 1.5], [2.35, 1.5], [2.35, 1.5], [1.25], [1.25, 1.65, 2.0], [3.5], [3.4499999999999895], [4.1], [4.1], [3.35], [3.35], [1.0], [1.0], [2.2], [2.2], [1.0], [1.0], [3.65, 0.25, 1.5], [3.65], [2.2], [2.2, 1.6], [3.55], [2.05], [2.05, 1.2999999999999798], [0.9], [0.9], [1.45, 1.25], [1.65, 0.85], [2.0, 1.3999999999999995], [0.25], [0.25], [1.3], [1.3], [3.1], [3.1], [0.9], [0.9, 0.5999999999999648], [1.45], [1.45], [0.25], [0.25], [0.75], [0.75, 0.7000000000000056], [0.85], [0.85], [1.25], [1.25], [6.5], [6.5], [1.55], [1.55], [0.25], [1.2, 1.5], [1.2], [3.7], [3.7, 3.85], [0.95], [0.95, 0.6500000000000101], [1.7, 0.9], [0.85], [0.95], [0.95], [3.55], [3.55], [1.5], [1.5], [1.5], [1.1999999999999977, 1.0999999999999925], [1.1999999999999977], [1.5], [1.25], [1.5], [1.5], [1.5], [0.5999999999999648], [0.9], [0.95], [0.95], [1.3999999999999995], [0.85], [0.85], [1.1], [1.1], [0.7000000000000056], [0.6500000000000101, 1.2999999999999798], [1.0999999999999925], [0.7], [0.7], [1.0], [1.0], [4.0], [4.0], [3.95, 3.35], [3.95, 3.95, 1.4], [3.35, 4.15], [4.15], [3.25], [3.25, 3.55], [4.55], [4.55, 1.4, 1.4], [1.5], [1.5, 3.55, 3.55], [3.55], [1.25], [1.25, 1.45], [1.45], [1.25], [1.25, 3.9], [3.9], [1.0], [1.0, 1.4, 1.4], [1.4], [1.5], [1.5, 1.5, 1.5], [1.5], [3.0], [3.0, 3.85], [1.25], [1.25, 0.8], [0.8]], "edges": [[1], [0, 6], [3], [2, 7], [5], [4], [1, 8], [3], [6, 53], [10], [9, 52], [12], [11], [14, 140], [13, 68], [16], [15], [18], [17], [20, 105], [19, 73], [22], [21], [24], [23], [26], [25, 67], [28], [27], [30], [29], [32], [31, 41], [34], [33], [36], [35], [38], [37], [40], [39], [32], [43], [42], [45], [44, 47], [47], [46, 45], [49, 120], [48, 116], [51], [50, 74, 75], [10], [8], [55], [54], [57], [56], [59], [58], [61], [60], [63], [62], [65, 98, 160], [64], [67], [66, 26], [14], [70], [69, 131], [72], [71], [20, 117], [51, 106], [51, 125], [77], [76], [79], [78], [81], [80], [83], [82, 121], [85], [84], [87], [86], [89], [88, 130], [91], [90], [93], [92], [95], [94], [97], [96], [64], [100, 113], [99], [102], [101, 163], [104], [103, 131], [19, 122], [74], [108], [107], [110], [109], [112], [111], [99], [115, 132], [114], [49], [73], [119], [118], [48], [83], [105], [124], [123], [75], [127], [126], [129], [128], [89], [104, 70], [114], [134], [133], [136], [135], [138], [137], [140, 141], [139, 13, 146], [139, 142], [141], [144], [143, 148], [146], [145, 140, 157], [148], [147, 149, 144], [148], [151], [150, 152], [151], [154], [153, 155], [154], [157], [156, 158, 146], [157], [160], [159, 64, 161], [160], [163], [162, 102], [165], [164, 166], [165]], "vertices": [[35.0, 309.0], [35.0, 43.0], [429.0, 280.0], [300.0, 280.0], [352.0, 196.64343163538874], [248.0, 196.64343163538874], [207.0, 43.0], [300.0, 419.0], [207.0, 143.0], [545.0, 452.0], [497.0, 452.0], [713.0, 501.49723756906076], [684.0, 501.49723756906076], [289.0, 112.0], [289.0, 52.0], [368.0, 410.9947368421053], [304.0, 410.9947368421053], [341.0, 337.5], [320.0, 337.5], [79.0, 229.0], [60.0, 229.0], [341.0, 323.53846153846155], [320.0, 323.53846153846155], [109.0, 229.48717948717947], [89.0, 229.48717948717947], [586.0, 310.0], [564.0, 310.0], [634.5, 189.0], [634.5, 116.0], [111.0, 215.38888888888889], [89.0, 215.38888888888889], [651.0, 280.0], [623.0, 280.0], [594.0, 279.5238095238095], [564.0, 279.5238095238095], [596.0, 502.2611464968153], [571.0, 502.2611464968153], [647.0, 332.0], [647.0, 323.0], [405.0, 323.5], [382.0, 323.5], [623.0, 310.0], [202.0, 215.0], [188.0, 215.0], [609.0, 280.0], [594.0, 280.0], [611.0, 309.0], [594.0, 309.0], [434.0, 336.0], [412.0, 336.0], [554.0, 294.0], [535.0, 294.0], [497.0, 422.0], [254.34798994974875, 190.65201005025125], [170.0, 230.5], [150.0, 230.5], [781.0, 192.12426035502958], [755.0, 192.12426035502958], [677.0, 310.44], [663.0, 310.44], [281.5, 243.0], [281.5, 219.0], [169.0, 215.38709677419354], [150.0, 215.38709677419354], [645.0, 452.0], [625.0, 296.52777777777777], [584.0, 294.0], [564.0, 294.0], [321.0, 52.0], [727.0, 311.0], [727.0, 269.0], [713.0, 310.44444444444446], [698.0, 310.44444444444446], [60.0, 243.0], [535.0, 309.0], [535.0, 279.0], [246.57333333333332, 244.0], [246.57333333333332, 219.0], [392.8301886792453, 353.0], [392.8301886792453, 327.0], [203.0, 111.5], [178.0, 111.5], [644.0, 352.0], [627.0, 352.0], [713.0, 280.55555555555554], [698.0, 280.55555555555554], [686.1095890410959, 306.0], [686.1095890410959, 285.0], [478.0, 352.0], [458.0, 352.0], [126.48648648648648, 333.0], [126.48648648648648, 314.0], [238.0, 214.55555555555554], [223.0, 214.55555555555554], [135.0, 215.0], [119.0, 215.0], [373.0, 343.0357142857143], [353.0, 343.0357142857143], [657.0, 110.0], [177.0, 287.0], [163.0, 287.0], [52.0, 430.0], [52.0, 421.0], [756.0, 311.0], [756.0, 280.0], [79.0, 215.0], [554.0, 309.0], [578.3448275862069, 399.0], [578.3448275862069, 380.0], [61.0, 111.05594405594405], [39.0, 111.05594405594405], [335.0, 353.0], [322.0, 353.0], [177.0, 274.0], [267.0, 243.0], [275.00000000000006, 226.00000000000006], [412.0, 353.0], [79.0, 243.0], [476.0, 324.0], [464.0, 324.0], [434.0, 353.0], [646.0, 332.0], [59.0, 215.0], [253.41176470588235, 244.0], [253.41176470588235, 224.0], [553.0, 279.0], [239.0, 243.43333333333334], [222.0, 243.43333333333334], [677.0, 400.0], [677.0, 381.0], [478.8166666666666, 331.8166666666666], [741.0, 312.0], [260.0, 229.00000000000006], [206.0, 332.0], [206.0, 319.0], [449.0, 195.0], [439.0, 195.0], [712.0, 495.0], [702.0, 495.0], [785.0, 112.0], [657.0, 112.0], [785.0, 452.0], [740.0, 452.77884615384613], [97.0, 421.7832865606486], [497.0, 421.0], [525.0, 192.04570184983677], [657.0, 192.0], [486.0, 279.3333333333333], [497.0, 279.0], [497.1434184675835, 264.0], [186.0, 243.46875], [207.0, 243.0], [207.90697674418604, 221.0], [89.0, 243.9848484848485], [119.0, 243.0], [119.51351351351352, 226.0], [677.0, 281.0], [657.0, 281.0], [657.0, 305.0], [645.0, 310.0], [645.0, 323.0], [633.0, 323.0], [34.292682926829265, 403.0], [34.0, 421.0], [141.43478260869566, 226.0], [141.0, 244.0], [120.0, 244.0]]}