{"weights": [[1.55], [1.55], [1.25], [1.25], [0.8], [0.8], [2.3, 0.75], [2.3, 1.5], [5.55], [5.55], [1.55], [1.55, 0.85], [1.05], [1.05, 5.85, 1.75], [0.85], [5.85], [1.05], [1.05], [0.75], [0.75], [0.5], [0.5], [0.75], [1.5], [0.75], [0.75, 1.15], [1.0], [1.0, 0.85], [0.85], [2.849999999999997], [2.849999999999997, 1.15], [0.75], [0.75, 1.15], [1.75, 1.3], [1.3], [1.15], [1.15, 1.0], [1.0], [0.75], [0.75, 1.15]], "edges": [[1], [0], [3], [2], [5], [4], [7, 22], [6, 23], [9], [8], [11], [10, 14], [13], [12, 15, 33], [11], [13], [17], [16], [19], [18], [21], [20], [6], [7], [25], [24, 32], [27], [26, 28], [27], [30], [29, 39], [32], [31, 25], [13, 34], [33], [36], [35, 37], [36], [39], [38, 30]], "vertices": [[474.0, 239.0], [474.0, 136.0], [474.0, 135.76433121019107], [409.0, 135.76433121019107], [239.0, 198.0], [239.0, 165.0], [257.0, 418.0], [250.0, 1478.0], [243.53497942386832, 365.0], [243.53497942386832, 314.0], [259.0, 166.0], [259.0, 136.0], [596.0, 265.0], [543.0, 265.0], [334.0, 136.0], [543.0, 239.0], [543.0, 238.86516853932585], [507.0, 238.86516853932585], [434.5050505050505, 324.0], [434.5050505050505, 274.0], [412.0, 418.0], [375.0, 418.0], [275.0, 418.0], [250.0, 364.0], [536.0, 135.48717948717947], [597.0, 135.0], [474.5, 275.0], [474.0, 417.0], [444.0, 417.50877192982455], [256.0, 328.0], [256.0, 275.0], [560.0, 417.50704225352115], [597.0, 417.0], [543.0, 290.0], [508.0, 290.8921568627451], [421.26720647773277, 137.0], [422.0, 238.0], [444.0, 238.0], [239.47692307692307, 241.0], [240.0, 275.0]]}