{"vertices": [[474.0, 239.0], [474.0, 136.0], [474.0, 135.70021881838073], [409.0, 135.70021881838073], [597.0, 135.70021881838073], [536.0, 135.70021881838073], [257.0, 328.0], [257.0, 275.0], [257.0, 166.0], [257.0, 136.0], [242.5278276481149, 198.0], [242.5278276481149, 165.0], [242.5278276481149, 365.0], [242.5278276481149, 314.0], [412.0, 417.60526315789474], [375.0, 417.60526315789474], [275.0, 418.0], [257.0, 418.0], [596.0, 266.0], [544.0, 266.0], [544.0, 239.0], [249.0, 328.0], [249.0, 314.0], [544.0, 238.74809160305344], [507.0, 238.74809160305344], [434.5050505050505, 324.0], [434.5050505050505, 274.0], [597.0, 136.0], [597.0, 417.0], [560.0, 417.60526315789474], [474.36654135338347, 275.0], [474.0, 417.0], [444.0, 417.60526315789474], [334.0, 136.0], [249.0, -3852.0], [242.5278276481149, 275.0], [242.0, 265.0], [242.5278276481149, 241.0], [258.0, 265.86507936507934], [544.0, 290.0], [508.0, 290.8921568627451], [249.0, 364.0], [249.0, 275.0], [243.0, 275.0], [421.26720647773277, 137.0], [422.0, 239.0], [444.0, 239.0]], "weights": [[0.85], [0.85], [0.85], [0.85], [0.75], [0.75], [2.5], [2.5, 2.35, 2.35, 1.2], [0.5], [0.5, 0.85, 2.35, 2.35], [0.25], [0.25], [1.5], [1.5], [0.5], [0.5], [0.75], [0.75, 2.35], [0.5], [0.5, 5.6, 2.0], [5.6], [7.2], [7.2], [1.35], [1.35], [0.75], [0.75], [0.8], [0.8, 0.75], [0.75], [0.75], [0.75, 0.75], [0.75], [0.85], [2.35, 1.5], [0.3], [0.3, 0.3, 0.25], [0.3], [0.25], [2.0, 1.85], [1.85], [1.5], [1.5, 1.5, 1.2, 1.2], [1.2], [3.1], [3.1, 0.75], [0.75]], "edges": [[1], [0], [3], [2], [5], [4], [7], [6, 17, 9, 42], [9], [8, 33, 34, 7], [11], [10], [13], [12], [15], [14], [17], [16, 7], [19], [18, 20, 39], [19], [22], [21], [24], [23], [26], [25], [28], [27, 29], [28], [31], [30, 32], [31], [9], [9, 42], [36], [35, 37, 38], [36], [36], [19, 40], [39], [42], [41, 34, 43, 7], [42], [45], [44, 46], [45]]}