{"vertices": [[361.0, 164.0], [361.0, 31.0], [360.7566510172144, 302.0], [360.7566510172144, 214.0], [468.0037735849057, 257.0], [468.0037735849057, 214.0], [468.0, 302.0], [468.0, 260.0], [609.0, 483.0], [609.0, 348.0], [163.0, 193.0], [163.0, 164.0], [666.0, 163.86760355029585], [466.0, 163.86760355029585], [666.0, 282.0], [666.0, 164.0], [468.0, 259.53221957040574], [362.0, 259.53221957040574], [274.0, 485.0], [274.0, 348.0], [287.0, 348.0], [481.0, 348.0], [468.0, 348.0], [489.0, 107.0], [489.0, 31.0], [553.0, 384.0214067278287], [470.0, 384.0214067278287], [359.0, 384.0214067278287], [277.0, 384.0214067278287], [134.0, 384.0], [134.0, 324.0], [546.0, 107.0], [465.0, 431.0], [426.0, 431.0], [489.0, 30.67105263157895], [464.0, 30.67105263157895], [385.0, 31.0], [161.0, 324.0], [376.0, 223.5148514851485], [364.0, 223.5148514851485], [465.0, 223.5148514851485], [451.0, 223.5148514851485], [530.0, 245.0], [530.0, 235.0], [361.0, 484.0], [361.0, 348.0], [348.0, 348.343365253078], [468.0, 484.0], [410.0, 348.343365253078], [162.99343544857769, 277.0], [162.0, 384.0], [666.0894495412844, 325.0], [666.0, 348.0], [555.0, 483.0], [555.0, 348.0], [542.0, 348.343365253078], [221.0, 485.0], [221.0, 349.0], [165.0, 348.343365253078]], "weights": [[1.55, 1.55], [1.55, 1.099999999999999], [1.5], [1.5], [2.05], [2.05], [1.35], [1.35], [1.35], [1.35, 1.3], [1.75], [1.75, 1.55], [1.45], [1.45], [1.5], [1.5], [1.75], [1.75], [1.65], [1.65, 1.75], [1.75], [1.75], [1.75, 1.65, 1.75], [1.55, 1.45], [1.55], [1.55], [1.55], [1.25], [1.25], [1.25, 0.25], [1.25, 2.0], [1.45], [1.6], [1.6], [1.7499999999999987], [1.7499999999999987], [1.099999999999999], [2.0], [1.7], [1.7], [1.75], [1.75], [0.8], [0.8], [1.85], [1.85, 1.75], [1.75], [1.65], [1.75], [4.65], [4.65, 0.25], [1.65], [1.65, 1.3], [1.35], [1.35, 1.45], [1.45], [1.75], [1.75, 1.35], [1.35]], "edges": [[1, 11], [0, 36], [3], [2], [5], [4], [7], [6], [9], [8, 52], [11], [10, 0], [13], [12], [15], [14], [17], [16], [19], [18, 20], [19], [22], [21, 47, 48], [24, 31], [23], [26], [25], [28], [27], [30, 50], [29, 37], [23], [33], [32], [35], [34], [1], [30], [39], [38], [41], [40], [43], [42], [45], [44, 46], [45], [22], [22], [50], [49, 29], [52], [51, 9], [54], [53, 55], [54], [57], [56, 58], [57]]}