{"weights": [[1.45, 1.55], [1.45, 1.5], [1.25], [1.25, 1.65], [1.95], [1.95, 1.55], [3.15], [3.15], [1.75], [1.75], [1.65], [1.65, 1.6], [1.65], [1.65], [1.85], [1.85, 1.55], [1.75], [1.75, 1.7], [1.65], [1.65], [4.45, 2.1], [4.45, 2.0], [1.5], [1.5], [1.7], [1.45], [1.45, 1.55], [2.1], [1.8], [1.8], [1.45], [1.45], [1.5], [2.0], [1.6], [1.55], [1.75], [1.75, 1.85, 2.0], [1.75], [1.75], [1.75], [1.75], [2.0], [2.0], [0.6], [0.6], [1.85], [2.0], [1.65], [1.65, 3.35], [3.35], [1.65, 1.8], [1.8], [1.55, 1.7499999999999987], [1.7499999999999987], [1.45], [1.45, 1.6], [1.6]], "edges": [[1, 5], [0, 32], [3], [2, 51], [5], [4, 0], [7], [6], [9], [8], [11], [10, 34], [13], [12], [15], [14, 35], [17], [16, 24], [19], [18], [21, 27], [20, 33], [23], [22], [17], [26], [25, 53], [20], [29], [28], [31], [30], [1], [21], [11], [15], [37], [36, 46, 47], [39], [38], [41], [40], [43], [42], [45], [44], [37], [37], [49], [48, 50], [49], [3, 52], [51], [26, 54], [53], [56], [55, 57], [56]], "vertices": [[360.0, 164.0], [360.0, 31.0], [609.0, 483.0], [609.0, 348.0], [162.0, 193.0], [162.0, 164.0], [361.0, 484.0], [361.0, 349.0], [163.17151162790697, 380.0], [163.17151162790697, 277.0], [555.0, 483.0], [555.0, 348.0], [360.78125, 302.0], [360.78125, 214.0], [274.0, 485.0], [274.0, 349.0], [221.0, 485.0], [221.0, 349.0], [553.0, 384.3831168831169], [470.0, 384.3831168831169], [134.0, 381.0], [134.0, 324.0], [359.0, 385.0], [277.0, 385.0], [165.0, 349.0], [546.0, 107.0], [489.0, 107.0], [163.0, 381.0], [465.0, 431.0], [426.0, 431.0], [468.0, 302.0], [468.0, 260.0], [385.0, 31.0], [161.0, 324.0], [542.0, 348.0], [287.0, 349.0], [481.0, 348.0], [468.0, 348.0], [361.0, 348.5348837209302], [348.0, 348.5348837209302], [376.0, 223.53191489361703], [364.0, 223.53191489361703], [465.0, 223.5], [451.0, 223.5], [530.0, 245.0], [530.0, 235.0], [468.0, 484.0], [410.0, 348.5], [362.0, 259.53221957040574], [467.0, 259.0], [467.45098039215685, 214.0], [666.0, 348.0], [666.5, 325.0], [489.0, 30.0], [464.0, 30.41176470588235], [466.0, 163.4162895927602], [666.0, 164.0], [666.0, 282.0]]}