{"vertices": [[523.7551020408164, 396.0], [523.7551020408164, 347.0], [523.7551020408164, 473.0], [523.7551020408164, 428.0], [523.7551020408164, 303.0], [523.7551020408164, 285.0], [271.6178861788618, 113.0], [271.6178861788618, 68.0], [271.6178861788618, 160.0], [271.6178861788618, 128.0], [339.4927536231884, 335.0], [339.4927536231884, 194.0], [616.6020408163265, 241.0], [616.6020408163265, 141.0], [616.6020408163265, 296.0], [616.6020408163265, 267.0], [736.0, 104.61357702349869], [645.0, 104.61357702349869], [620.0, 104.61357702349869], [534.0, 104.61357702349869], [487.0, 104.61357702349869], [435.0, 104.61357702349869], [120.0, 105.0], [106.0, 105.0], [574.0, 103.0], [574.0, 47.0], [460.0, 193.42525773195877], [429.0, 193.42525773195877], [171.0, 193.42525773195877], [106.0, 193.42525773195877], [426.0, 193.42525773195877], [376.0, 193.42525773195877], [230.0, 193.42525773195877], [178.0, 193.42525773195877], [641.0, 541.5481927710844], [527.0, 541.5481927710844], [338.0, 304.4550561797753], [322.0, 304.4550561797753], [727.0, 492.5], [671.0, 492.5], [726.0, 450.0], [671.0, 450.0], [726.0, 354.69620253164555], [671.0, 354.69620253164555], [435.0, 96.0], [435.0, 47.0], [229.0, 110.0], [229.0, 62.0], [736.3103448275862, 187.0], [736.3103448275862, 163.0], [736.0, 131.0], [736.0, 105.0], [471.0, 333.0], [471.0, 304.0], [312.0, 48.0], [312.0, 22.0], [106.0, 155.0], [703.0, 236.17857142857142], [634.0, 236.17857142857142], [497.0, 105.0], [497.0, 76.0], [323.0, 22.0], [474.0, 22.5], [464.0, 22.5], [507.0, 213.0], [507.0, 193.0], [375.0, 334.0], [363.0, 334.0], [290.0, 314.0], [272.0, 314.0], [726.0, 397.0], [708.0, 397.0], [463.0, 47.0], [574.0, 46.62162162162162], [561.0, 46.62162162162162], [236.0, 219.0], [226.0, 219.0], [524.0, 283.0], [524.0, 248.0], [539.0, 248.0], [517.0, 248.0], [271.6178861788618, 314.0], [271.0, 219.0], [271.6178861788618, 191.0], [261.0, 219.0], [574.0, 248.0], [574.0, 193.0], [490.0, 193.42525773195877], [573.8265895953757, 274.0], [573.0, 304.0], [464.0, 193.42525773195877], [471.0, 193.0], [471.0, 220.0], [617.0, 304.4550561797753], [736.0, 304.0], [736.3103448275862, 275.0], [471.1111111111111, 278.0], [498.0, 248.375], [517.0, 270.0], [535.0, 22.5], [545.0, 22.0], [545.0, 40.0], [383.0, 22.5], [394.0, 22.0], [394.0, 54.0]], "weights": [[0.25], [0.25], [0.25], [0.25], [0.25], [0.25], [0.25], [0.25], [0.75], [0.75], [1.35], [1.35], [0.55], [0.55], [0.5], [0.5], [0.5], [0.5], [1.15], [1.15], [0.35], [0.35], [0.25], [0.25, 0.65], [0.65], [0.65], [0.5], [0.5], [0.25], [0.25], [0.5], [0.5], [0.25], [0.25], [0.6], [0.6], [0.25], [0.25], [1.0], [1.0], [0.7], [0.7], [0.7], [0.7], [0.6], [0.6, 0.25], [0.5], [0.5], [0.6], [0.6], [0.5], [0.5], [0.5], [0.5, 0.5, 0.55], [0.6], [0.6, 0.25], [0.65], [0.65], [0.65], [0.5], [0.5], [0.25], [0.7], [0.7], [0.6], [0.6], [0.5], [0.5], [0.6], [0.6], [0.9], [0.9], [0.25], [0.25], [0.25], [0.8], [0.8], [0.25], [0.25, 0.55, 0.55], [0.55], [0.55, 0.55, 1.0], [1.6], [1.6, 1.6, 1.2], [1.6], [1.2], [0.5], [0.5, 0.65], [0.65], [0.9], [0.9, 0.55], [1.0], [1.0, 0.8], [0.8], [0.5], [0.5, 0.6], [0.6], [0.5], [0.55], [1.0], [0.5], [0.5, 0.5], [0.5], [0.4], [0.4, 0.5], [0.5]], "edges": [[1], [0], [3], [2], [5], [4], [7], [6], [9], [8], [11], [10], [13], [12], [15], [14], [17], [16], [19], [18], [21], [20], [23], [22, 56], [25], [24], [27], [26], [29], [28], [31], [30], [33], [32], [35], [34], [37], [36], [39], [38], [41], [40], [43], [42], [45], [44, 72], [47], [46], [49], [48], [51], [50], [53], [52, 96, 89], [55], [54, 61], [23], [58], [57], [60], [59], [55], [63], [62], [65], [64], [67], [66], [69], [68], [71], [70], [45], [74], [73], [76], [75], [78], [77, 79, 80], [78], [78, 97, 98], [82], [81, 83, 84], [82], [82], [86], [85, 87], [86], [89], [88, 53], [91], [90, 92], [91], [94], [93, 95], [94], [53], [80], [80], [100], [99, 101], [100], [103], [102, 104], [103]]}