{"weights": [[0.5], [0.5], [0.75], [0.75], [0.65], [0.65], [0.6], [0.6], [0.6], [0.6], [0.65], [0.65], [0.65], [0.65], [1.1], [1.1], [0.95], [0.95], [0.7], [0.7], [0.55], [0.55], [0.5], [0.5], [0.7], [0.7], [0.65], [0.65], [0.65], [0.65, 0.8], [0.5], [0.5], [0.5], [0.5], [0.9], [0.9], [0.5], [0.5], [1.05], [1.05], [1.0, 0.8], [1.0], [0.5], [0.5, 0.7, 0.6], [0.7], [0.7, 0.9], [0.5, 0.7], [0.5], [0.7], [0.7], [0.5], [0.5], [0.6, 0.55], [0.6], [0.65], [0.65, 0.6], [0.65], [0.65, 0.5], [0.55], [0.55], [0.6], [0.6], [0.55], [0.55], [0.9], [0.5], [0.5, 0.5], [0.8], [0.8], [1.1, 0.6], [1.1], [0.5], [0.5], [0.8], [0.5], [0.7], [0.7], [0.5], [0.5], [0.8], [0.6], [0.7], [0.7], [0.6], [0.5], [0.5], [0.5], [0.7], [0.7], [0.7], [0.7], [0.65], [0.65, 1.2, 0.65], [1.2], [0.7, 0.65], [0.65], [0.7], [0.6], [0.7], [0.7, 0.65], [0.55, 0.65], [0.65]], "edges": [[1], [0], [3], [2], [5], [4], [7], [6], [9], [8], [11], [10], [13], [12], [15], [14], [17], [16], [19], [18], [21], [20], [23], [22], [25], [24], [27], [26], [29], [28, 79], [31], [30], [33], [32], [35], [34], [37], [36], [39], [38], [41, 73], [40], [43], [42, 96, 97], [45], [44, 64], [47, 94], [46], [49], [48], [51], [50], [53, 100], [52], [55], [54, 80], [57], [56, 74], [59], [58], [61], [60], [63], [62], [45], [66], [65, 86], [68], [67], [70, 83], [69], [72], [71], [40], [57], [76], [75], [78], [77], [29], [55], [82], [81], [69], [85], [84], [66], [88], [87], [90], [89], [92], [91, 93, 99], [92], [46, 95], [94], [43], [43], [99], [98, 92], [52, 101], [100]], "vertices": [[527.0, 396.0], [527.0, 347.0], [339.4927536231884, 335.0], [339.4927536231884, 194.0], [616.5329341317365, 241.0], [616.5329341317365, 141.0], [736.0, 103.62328767123287], [645.0, 103.62328767123287], [574.0, 248.0], [574.0, 192.0], [574.0, 191.77570093457945], [490.0, 191.77570093457945], [641.0, 541.5481927710844], [527.0, 541.5481927710844], [727.0, 492.5], [671.0, 492.5], [620.0, 104.58904109589041], [534.0, 104.58904109589041], [460.0, 192.47169811320754], [429.0, 192.47169811320754], [171.0, 195.30107526881721], [106.0, 195.30107526881721], [271.0, 113.0], [271.0, 68.0], [726.0, 450.0], [671.0, 450.0], [726.0, 354.69620253164555], [671.0, 354.69620253164555], [435.0, 96.0], [435.0, 49.0], [229.0, 110.0], [229.0, 62.0], [736.0, 187.0], [736.0, 163.0], [471.0, 333.0], [471.0, 305.0], [527.0, 473.0], [527.0, 428.0], [487.0, 105.61538461538461], [435.0, 105.61538461538461], [471.0, 192.0], [464.0, 192.0], [539.0, 248.0], [518.0, 248.0], [312.0, 48.0], [312.0, 23.0], [617.0, 304.0], [617.0, 267.0], [271.4754098360656, 160.0], [271.4754098360656, 128.0], [426.0, 193.0], [376.0, 193.0], [574.0, 305.0], [574.0, 274.0], [574.0, 103.0], [574.0, 41.0], [106.0, 155.0], [106.0, 110.0], [703.0, 236.17857142857142], [634.0, 236.17857142857142], [497.0, 105.0], [497.0, 76.0], [230.0, 194.70833333333334], [178.0, 194.70833333333334], [323.0, 23.0], [394.0, 54.0], [394.0, 23.0], [507.0, 213.0], [507.0, 193.0], [545.0, 22.0], [535.0, 22.0], [375.0, 334.0], [363.0, 334.0], [471.0, 220.0], [120.0, 110.0], [726.0, 397.0], [708.0, 397.0], [518.0, 303.0], [518.0, 285.0], [463.0, 49.0], [561.0, 41.0], [338.0, 313.0], [322.0, 313.0], [545.0, 40.0], [736.0, 131.0], [736.0, 104.0], [383.0, 23.0], [474.0, 22.0], [464.0, 22.0], [236.0, 219.0], [226.0, 219.0], [271.87857142857143, 191.0], [271.0, 219.0], [261.0, 219.0], [736.0, 304.0], [736.7297297297297, 275.0], [518.0, 283.0], [498.0, 248.64285714285714], [290.0, 314.0], [272.0, 314.0], [472.0, 305.0], [471.27777777777777, 278.0]]}