{"vertices": [[151.0, 235.0], [151.0, 35.0], [373.0, 211.0], [373.0, 35.0], [537.0, 62.20357751277683], [465.0, 62.20357751277683], [424.0, 62.20357751277683], [378.0, 62.20357751277683], [662.0, 62.20357751277683], [624.0, 62.20357751277683], [290.0, 254.0], [290.0, 211.0], [337.2677966101695, 212.0], [337.2677966101695, 170.0], [337.0, 388.0], [337.0, 335.0], [337.2677966101695, 473.0], [337.2677966101695, 461.0], [290.0, 210.93414634146342], [156.0, 210.93414634146342], [401.0, 211.0], [682.0886766712142, 325.0], [682.0886766712142, 257.0], [532.0, 447.0382436260623], [466.0, 447.0382436260623], [389.0, 447.0382436260623], [379.0, 447.0382436260623], [305.0, 493.01106194690266], [269.0, 493.01106194690266], [221.0, 35.0], [337.0, 35.0], [671.5283018867924, 302.0], [671.5283018867924, 279.0], [671.5283018867924, 325.0], [671.5283018867924, 313.0], [671.5283018867924, 268.0], [671.5283018867924, 257.0], [455.0, 238.0], [360.0, 371.46153846153845], [340.0, 371.46153846153845], [369.0, 178.5], [338.0, 178.5], [355.0, 298.0], [433.0, 225.00000000000003], [395.0, 320.0], [380.0, 311.0], [369.0, 306.0], [465.0, 222.0], [151.42771274913002, 274.0], [151.0, 493.0], [185.0, 493.0], [658.715582450832, 131.0], [658.0, 447.0], [626.0, 447.0382436260623], [373.05426716141, 379.0], [373.0, 477.0], [299.0, 477.1035856573705], [290.1, 291.0], [290.0, 342.0], [155.0, 342.82696629213484], [337.0, 52.0], [303.0, 35.458471760797345]], "weights": [[3.65], [3.65, 3.15], [1.5, 1.65], [1.5, 3.35], [3.45], [3.45], [3.85], [3.85], [4.45], [4.45], [1.15], [1.15], [0.75], [0.75], [0.5], [0.5, 0.7499999999999971], [0.5], [0.5], [0.95], [0.95], [1.65, 2.0499999999999927, 1.3499999999999985], [1.5], [1.5], [3.15], [3.15], [2.85], [2.85], [4.85], [4.85], [3.15], [3.35, 0.75, 3.25], [1.5], [1.5], [1.5], [1.5], [1.5], [1.5], [2.0499999999999927, 1.5500000000000014], [1.3], [1.3], [1.3], [1.3], [0.7499999999999971, 0.9499999999999819], [1.3499999999999985], [0.9499999999999819], [0.8500000000000085], [0.8500000000000085], [1.5500000000000014], [6.35], [6.35, 3.25], [3.25], [3.35], [3.35, 3.25], [3.25], [4.75], [4.75, 4.85], [4.85], [1.35], [1.35, 1.25], [1.25], [0.75], [3.25]], "edges": [[1], [0, 29], [3, 20], [2, 30], [5], [4], [7], [6], [9], [8], [11], [10], [13], [12], [15], [14, 42], [17], [16], [19], [18], [2, 37, 43], [22], [21], [24], [23], [26], [25], [28], [27], [1], [3, 60, 61], [32], [31], [34], [33], [36], [35], [20, 47], [39], [38], [41], [40], [15, 44], [20], [42], [46], [45], [37], [49], [48, 50], [49], [52], [51, 53], [52], [55], [54, 56], [55], [58], [57, 59], [58], [30], [30]]}