{"weights": [[1.5], [1.5, 2.95], [4.35, 1.65], [4.35, 3.8], [3.85], [3.85], [1.35], [1.35], [1.5], [1.5], [3.8499999999999988], [3.8499999999999988], [3.25], [3.25], [1.05], [1.05, 0.7999999999999966], [3.5], [3.5], [3.05], [3.05], [5.65], [5.65], [2.95], [1.5], [1.5], [1.65, 2.6999999999999953, 2.0500000000000003], [1.5], [1.5], [3.8, 1.6], [1.5], [1.5], [2.6999999999999953, 1.6000000000000114], [3.3], [3.3], [1.1], [1.1], [0.7999999999999966], [2.0500000000000003], [0.9999999999999893], [0.9999999999999893], [1.6], [3.3], [3.3], [0.7], [0.7], [1.6000000000000114], [3.35], [3.35, 3.15], [3.15], [3.55], [3.55, 3.5], [3.5], [3.25], [3.25, 3.45], [3.45], [1.15], [1.15, 1.15], [1.15], [1.45], [1.45, 1.3], [1.3]], "edges": [[1], [0, 22], [3, 25], [2, 28], [5], [4], [7], [6], [9], [8], [11], [10], [13], [12], [15], [14, 36], [17], [16], [19], [18], [21], [20], [1], [24], [23], [2, 31, 37], [27], [26], [3, 40], [30], [29], [25, 45], [33], [32], [35], [34], [15], [25], [39], [38], [28], [42], [41], [44], [43], [31], [47], [46, 48], [47], [50], [49, 51], [50], [53], [52, 54], [53], [56], [55, 57], [56], [59], [58, 60], [59]], "vertices": [[152.0, 235.0], [152.0, 36.0], [374.0, 210.0], [374.0, 35.0], [537.0, 62.29622641509434], [465.0, 62.29622641509434], [336.008, 212.0], [336.008, 170.0], [682.0886766712142, 325.0], [682.0886766712142, 257.0], [424.0, 62.48342541436464], [378.0, 62.48342541436464], [532.0, 446.9934640522876], [466.0, 446.9934640522876], [339.0, 388.0], [339.0, 332.0], [305.0, 493.0], [269.0, 493.0], [334.0, 35.04205607476636], [303.0, 35.04205607476636], [662.0, 61.670212765957444], [624.0, 61.670212765957444], [221.0, 36.0], [671.5355450236967, 302.0], [671.5355450236967, 279.0], [399.0, 210.0], [671.5405405405405, 325.0], [671.5405405405405, 313.0], [336.0, 35.0], [671.5, 268.0], [671.5, 257.0], [455.0, 238.0], [360.0, 371.46153846153845], [340.0, 371.46153846153845], [369.0, 178.5], [338.0, 178.5], [356.0, 298.0], [433.0, 225.00000000000003], [363.0, 303.0], [395.0, 320.0], [336.0, 52.0], [389.0, 447.5], [379.0, 447.5], [338.4782608695652, 473.0], [338.4782608695652, 461.0], [465.0, 222.0], [151.16459627329192, 274.0], [151.0, 493.0], [185.0, 493.0], [658.715582450832, 131.0], [658.0, 447.0], [626.0, 447.0], [372.09312320916905, 379.0], [372.0, 477.0], [299.0, 477.1035856573705], [290.0, 254.0], [290.0, 211.0], [156.0, 211.1304347826087], [155.0, 342.82696629213484], [290.0, 342.0], [290.0, 291.0]]}