{"weights": [[3.0, 2.85], [3.0, 3.6], [3.0], [3.0], [2.95], [2.95], [2.85], [2.85], [0.7], [0.7, 0.8], [2.85], [2.95], [2.95], [0.7], [0.7, 0.7, 1.3], [3.0], [3.0], [3.5], [3.5], [0.8], [0.7], [3.5], [3.5], [3.5], [3.5, 4.85], [3.8], [3.8], [1.3], [2.3], [2.3], [2.7], [2.7], [3.05], [3.05], [3.2], [3.2], [3.6], [2.5], [2.5], [3.0], [3.0, 3.0], [3.0], [3.55], [3.55, 2.75], [2.75], [4.85, 3.2499999999999964], [3.2499999999999964]], "edges": [[1, 10], [0, 36], [3], [2], [5], [4], [7], [6], [9], [8, 19], [0], [12], [11], [14], [13, 20, 27], [16], [15], [18], [17], [9], [14], [22], [21], [24], [23, 45], [26], [25], [14], [29], [28], [31], [30], [33], [32], [35], [34], [1], [38], [37], [40], [39, 41], [40], [43], [42, 44], [43], [24, 46], [45]], "vertices": [[204.0, 467.0], [204.0, 64.0], [695.5, 202.0], [695.5, 61.0], [519.0, 334.0], [519.0, 4.0], [640.0, 63.57322175732217], [523.0, 63.57322175732217], [434.0, 221.0], [434.0, 178.0], [253.0, 467.0], [550.0, 407.61986301369865], [503.0, 407.61986301369865], [516.0, 295.0], [434.0, 295.0], [468.0, 407.5], [451.0, 407.5], [308.0, 64.0], [286.0, 64.0], [516.0, 178.0], [434.0, 260.0], [400.0, 407.5], [380.0, 407.5], [415.0, 4.0], [378.0, 4.0], [519.0, 3.5], [483.0, 3.5], [434.0, 329.0], [153.0, 286.0], [153.0, 270.0], [498.0, 534.0], [482.0, 534.0], [413.0, 533.9090909090909], [397.0, 533.9090909090909], [519.5, 404.0], [519.5, 385.0], [219.0, 64.0], [153.03125, 201.0], [153.03125, 186.0], [695.5, 270.0], [695.0, 407.0], [672.0, 407.5], [376.90723562152135, 329.0], [376.0, 467.0], [333.0, 467.4364406779661], [378.0, 63.0], [359.0, 63.97115384615385]]}