{"vertices": [[661.0, 230.0], [661.0, 4.0], [357.0, 192.0], [302.0, 192.0], [657.0, 192.0], [534.0, 192.0], [191.96852459016392, 457.0], [191.96852459016392, 388.0], [191.96852459016392, 358.0], [191.96852459016392, 222.0], [192.0, 192.0], [192.0, 169.0], [485.7344444444444, 293.0], [485.7344444444444, 241.0], [485.7344444444444, 486.0], [485.7344444444444, 341.0], [486.0, 48.0], [486.0, 25.0], [486.0, 4.0], [302.0, 281.0], [302.0, 497.0], [302.0, 426.0], [302.0, 61.0], [302.0, 25.0], [552.0, 486.0], [486.0, 486.0], [361.0, 25.0], [449.0, 25.0], [302.0, 425.98384925975773], [192.0, 425.98384925975773], [543.0, 4.0], [661.0, 3.9778801843317972], [598.0, 3.9778801843317972], [656.0, 310.0], [580.0, 310.0], [597.0, 342.0], [578.0, 342.0], [657.0, 341.85767790262173], [635.0, 341.85767790262173], [578.0, 266.0], [533.0, 266.0], [369.0, 543.2977941176471], [346.0, 543.2977941176471], [446.0, 543.2977941176471], [425.0, 543.2977941176471], [534.0, 222.0], [660.916564792176, 259.0], [660.0, 486.0], [608.0, 486.3144876325088], [415.0, 191.99529780564262], [449.0, 191.0], [485.7344444444444, 193.0], [485.0, 160.0], [485.7344444444444, 136.0], [451.0, 160.5], [301.51673469387754, 192.0], [301.0, 169.0], [301.51673469387754, 150.0], [250.0, 375.0], [250.0, 280.0], [196.0, 280.49514563106794], [578.0, 341.0], [530.0, 341.85767790262173], [413.0, 25.104761904761904], [449.0, 26.0]], "weights": [[3.55], [3.55], [1.25], [1.25, 0.5], [1.25], [1.25, 1.65], [3.65], [3.65], [3.25], [3.25], [3.35], [3.35, 3.5], [1.25], [1.25], [1.25], [1.25], [1.45], [1.45, 3.85, 5.25], [3.85, 3.75], [0.5], [3.35], [3.35], [1.5], [1.5, 3.25], [3.55], [3.55], [3.25], [5.25], [3.65], [3.65], [3.75], [3.75], [3.75], [1.5], [1.5], [1.15], [1.15], [1.25], [1.25], [1.7, 1.25], [1.7], [1.9], [1.9], [3.4], [3.4], [1.65], [3.45], [3.45, 3.35], [3.35], [1.65], [1.65, 0.85], [1.25], [1.25, 1.25, 1.4], [1.25], [1.4], [1.5], [1.5, 1.5, 3.5], [1.5], [1.5], [1.5, 0.75], [0.75], [1.25, 1.45], [1.45], [3.75], [3.75, 0.85]], "edges": [[1], [0], [3], [2, 19], [5], [4, 45], [7], [6], [9], [8], [11], [10, 56], [13], [12], [15], [14], [17], [16, 18, 27], [17, 30], [3], [21], [20], [23], [22, 26], [25], [24], [23], [17], [29], [28], [18], [32], [31], [34], [33], [36], [35], [38], [37], [40, 61], [39], [42], [41], [44], [43], [5], [47], [46, 48], [47], [50], [49, 64], [52], [51, 53, 54], [52], [52], [56], [55, 57, 11], [56], [59], [58, 60], [59], [39, 62], [61], [64], [63, 50]]}