{"vertices": [[204.0, 467.0], [204.0, 64.0], [695.5, 202.0], [695.5, 61.0], [519.0, 334.0], [519.0, 4.0], [519.4688816097332, 404.0], [519.4688816097332, 385.0], [640.0, 63.706552706552706], [523.0, 63.706552706552706], [308.0, 63.706552706552706], [286.0, 63.706552706552706], [219.0, 64.0], [434.0, 221.0], [434.0, 178.0], [434.15384615384613, 294.0], [434.15384615384613, 260.0], [434.0, 329.0], [434.0, 295.0], [253.0, 467.0], [550.0, 407.5552050473186], [503.0, 407.5552050473186], [468.0, 407.5552050473186], [451.0, 407.5552050473186], [400.0, 407.5552050473186], [380.0, 407.5552050473186], [516.0, 295.0], [516.0, 178.0], [415.0, 4.0], [377.0, 4.0], [519.0, 3.5], [483.0, 3.5], [153.01538461538462, 286.0], [153.01538461538462, 270.0], [153.01538461538462, 201.0], [153.01538461538462, 186.0], [498.0, 533.9545454545455], [482.0, 533.9545454545455], [413.0, 533.9545454545455], [397.0, 533.9545454545455], [695.5, 270.0], [695.0, 407.0], [672.0, 407.5552050473186], [377.41211519364447, 329.0], [377.0, 467.0], [333.0, 467.1804788213628], [377.0, 63.0], [359.0, 63.706552706552706]], "weights": [[3.0, 2.6], [3.0, 3.3500000000000023], [3.0], [3.0], [2.85], [2.85], [2.75], [2.75], [2.9500000000000037], [2.9500000000000037], [3.250000000000002], [3.250000000000002], [3.3500000000000023], [0.55], [0.55, 0.6], [0.55], [0.55], [0.5], [0.5, 0.6], [2.6], [5.35], [5.35], [2.75], [2.75], [3.25], [3.25], [0.6], [0.6], [3.7], [3.7, 3.25], [3.6], [3.6], [1.7], [1.7], [2.45], [2.45], [3.85], [3.85], [2.25], [2.25], [3.0], [3.0, 2.75], [2.75], [0.95], [0.95, 2.55], [2.55], [3.25, 3.150000000000003], [3.150000000000003]], "edges": [[1, 19], [0, 12], [3], [2], [5], [4], [7], [6], [9], [8], [11], [10], [1], [14], [13, 27], [16], [15], [18], [17, 26], [0], [21], [20], [23], [22], [25], [24], [18], [14], [29], [28, 46], [31], [30], [33], [32], [35], [34], [37], [36], [39], [38], [41], [40, 42], [41], [44], [43, 45], [44], [29, 47], [46]]}