{"weights": [[3.45], [3.45], [3.25], [3.25], [3.6], [3.6], [1.15], [1.15], [1.35], [1.35], [6.45], [6.45, 1.25, 1.05], [3.75], [3.75], [3.35], [3.35, 3.45], [3.45], [1.3], [1.3, 1.45], [3.45], [3.45], [3.25], [3.25, 1.9], [1.9], [3.75], [3.75, 4.0], [1.6], [1.6], [1.7, 1.35], [1.7], [3.75], [3.75], [1.0], [1.0], [1.25], [1.25], [1.6, 2.05], [1.6], [3.0], [3.0], [1.25], [1.25], [3.6], [3.6, 3.5], [1.25], [1.25], [1.45], [2.45], [2.45], [3.55], [3.55, 3.3], [3.3], [1.05], [1.05, 3.5, 1.05], [1.5], [1.5, 0.75], [0.75], [1.35, 3.65, 5.45], [3.65], [2.05, 1.45], [1.45], [5.45, 4.0], [1.25]], "edges": [[1], [0], [3], [2], [5], [4], [7], [6], [9], [8], [11], [10, 62, 53], [13], [12], [15], [14, 16], [15], [18], [17, 46], [20], [19], [22], [21, 23], [22], [25], [24, 61], [27], [26], [29, 57], [28], [31], [30], [33], [32], [35], [34], [37, 59], [36], [39], [38], [41], [40], [43], [42, 53], [45], [44], [18], [48], [47], [50], [49, 51], [50], [53], [52, 43, 11], [55], [54, 56], [55], [28, 58, 61], [57], [36, 60], [59], [57, 25], [11]], "vertices": [[661.0, 230.0], [661.0, 4.0], [191.89237668161434, 457.0], [191.89237668161434, 388.0], [192.0, 358.0], [192.0, 222.0], [485.9934640522876, 293.0], [485.9934640522876, 241.0], [486.01807228915663, 193.0], [486.01807228915663, 136.0], [302.0, 281.0], [302.0, 192.0], [301.0, 497.0], [301.0, 426.0], [301.0, 61.0], [301.0, 25.0], [361.0, 25.0], [657.0, 192.0], [534.0, 192.0], [301.0, 425.98384925975773], [192.0, 425.98384925975773], [552.0, 487.0], [486.0, 487.0], [486.0, 341.0], [543.0, 4.0], [483.0, 4.0], [656.0, 310.0], [580.0, 310.0], [449.0, 192.0], [415.0, 192.0], [661.0, 3.9732824427480917], [598.0, 3.9732824427480917], [485.0, 160.5], [451.0, 160.5], [597.0, 342.0], [578.0, 342.0], [578.0, 266.0], [533.0, 266.0], [369.0, 543.1205673758865], [346.0, 543.1205673758865], [657.0, 341.984126984127], [635.0, 341.984126984127], [192.0, 192.0], [192.0, 169.0], [485.0, 48.0], [485.0, 25.0], [534.0, 222.0], [446.0, 543.4885496183206], [425.0, 543.4885496183206], [660.883565797453, 259.0], [660.0, 486.0], [608.0, 486.0], [301.8212290502793, 150.0], [301.0, 169.0], [250.0, 375.0], [250.0, 280.0], [196.0, 280.49514563106794], [449.0, 25.0], [413.0, 25.44927536231884], [578.0, 341.0], [530.0, 341.76623376623377], [483.0, 25.0], [357.0, 192.0]]}