{"vertices": [[189.0, 448.0], [189.0, 5.0], [405.6346578366446, 169.0], [405.6346578366446, 85.0], [405.6346578366446, 32.0], [405.6346578366446, 11.0], [488.0, 448.0], [406.0, 448.0], [233.0, 448.0], [447.0, 94.0], [447.0, 5.0], [447.18232044198896, 294.0], [447.18232044198896, 277.0], [447.0, 4.994172094617758], [299.0, 4.994172094617758], [621.0, 4.994172094617758], [582.0, 4.994172094617758], [505.0, 5.0], [222.0, 5.0], [332.0, 187.5435684647303], [194.0, 187.5435684647303], [443.0, 187.5435684647303], [426.0, 187.5435684647303], [546.0, 373.0], [546.0, 278.0], [616.0, 213.0], [504.0, 213.0], [616.0, 379.98924731182797], [553.0, 379.98924731182797], [220.0, 230.90972222222223], [194.0, 230.90972222222223], [339.0, 230.90972222222223], [318.0, 230.90972222222223], [269.0, 230.90972222222223], [259.0, 230.90972222222223], [455.0, 295.7739130434783], [408.0, 295.7739130434783], [546.0, 277.5], [508.0, 277.5], [362.8873873873874, 218.11261261261262], [332.0, 188.0], [407.0, 94.0], [339.0, 231.0], [363.78571428571433, 205.78571428571433], [621.0, 5.0], [621.0, 447.0], [533.0, 447.99957983193275], [405.6346578366446, 258.0], [405.0, 447.0], [341.0, 447.99957983193275], [447.18232044198896, 211.0], [447.0, 201.0], [447.18232044198896, 154.0], [447.0, 211.0], [406.0, 169.0]], "weights": [[4.5, 4.5], [4.5, 4.25], [1.25], [1.25], [1.25], [1.25], [4.5], [4.5], [4.5], [1.25, 1.5], [1.25, 4.25], [0.25], [0.25], [4.35], [4.35], [4.25], [4.25], [4.25], [4.25], [1.25], [1.25], [1.5], [1.5], [1.55], [1.55], [1.6], [1.6], [1.35], [1.35], [1.15], [1.15], [1.25], [1.25], [0.5], [0.5], [0.75], [0.75], [1.1], [1.1], [1.850000000000011], [1.850000000000011], [1.5], [3.2000000000000073], [3.2000000000000073], [4.25], [4.25, 4.5], [4.5], [1.5], [1.5, 4.5], [4.5], [3.25], [3.25, 3.25, 3.8000000000000043, 3.8000000000000043], [3.25], [3.8000000000000043], [3.8000000000000043]], "edges": [[1, 8], [0, 18], [3], [2], [5], [4], [7], [6], [0], [10, 41], [9, 17], [12], [11], [14], [13], [16], [15], [10], [1], [20], [19], [22], [21], [24], [23], [26], [25], [28], [27], [30], [29], [32], [31], [34], [33], [36], [35], [38], [37], [40], [39], [9], [43], [42], [45], [44, 46], [45], [48], [47, 49], [48], [51], [50, 52, 53, 54], [51], [51], [51]]}