{"weights": [[4.5, 1.5], [4.5], [4.25, 1.85], [4.25], [4.25], [4.25], [1.25], [1.25], [4.35], [4.35], [3.5], [3.5], [1.35], [1.35], [1.5], [1.5], [1.25], [1.25], [4.25], [4.25, 1.5], [1.25], [1.25], [1.1], [1.1], [1.7, 1.8], [1.7], [1.35], [1.35], [1.25], [1.25], [1.5], [1.5], [0.5], [0.5], [4.5, 1.8], [4.5], [1.5, 1.5, 1.85, 1.85], [1.5], [1.25], [1.25, 4.5], [4.5], [1.8, 1.8, 1.85, 1.85], [1.4], [1.4, 3.150000000000003], [4.35], [4.35, 3.150000000000003], [0.95], [0.95, 1.2], [1.2], [1.8000000000000065], [1.8000000000000065, 4.950000000000008, 4.950000000000008], [4.950000000000008], [4.950000000000008], [4.5, 1.85], [4.5], [1.85, 1.85, 1.5]], "edges": [[1, 36], [0], [3, 36], [2], [5], [4], [7], [6], [9], [8], [11], [10], [13], [12], [15], [14], [17], [16], [19], [18, 55], [21], [20], [23], [22], [25, 41], [24], [27], [26], [29], [28], [31], [30], [33], [32], [35, 41], [34], [0, 37, 2, 41], [36], [39], [38, 40], [39], [24, 34, 36, 55], [43], [42, 45], [45], [44, 43], [47], [46, 48], [47], [50], [49, 51, 52], [50], [50], [54, 55], [53], [53, 41, 19]], "vertices": [[621.0, 448.0], [533.0, 448.0], [398074.0, 10.0], [299.0, 4.998138957816377], [621.0, 4.986595174262734], [582.0, 4.986595174262734], [333.0, 188.0047619047619], [194.0, 188.0047619047619], [488.0, 448.0], [406.0, 448.0], [222.0, 5.0], [189.0, 5.0], [546.0, 373.0], [546.0, 278.0], [616.0, 213.0], [504.0, 213.0], [616.0, 379.98924731182797], [553.0, 379.98924731182797], [233.0, 448.0], [189.0, 448.0], [220.0, 230.98701298701297], [194.0, 230.98701298701297], [546.0, 277.5], [508.0, 277.5], [447.0, 94.0], [407.0, 94.0], [404.98387096774195, 32.0], [404.98387096774195, 11.0], [339.0, 230.96491228070175], [318.0, 230.96491228070175], [443.0, 184.41935483870967], [426.0, 184.41935483870967], [269.0, 230.0], [259.0, 230.0], [447.0, 5.0], [189.0, 8.0], [621.0, 10.0], [621.0, 5.0], [405.9948096885813, 258.0], [405.0, 448.0], [341.0, 448.0], [447.0, 10.0], [405.00375939849624, 85.0], [405.0, 169.0], [446.3157894736842, 154.0], [446.0, 210.0], [408.0, 295.7739130434783], [454.0, 295.0], [454.5, 277.0], [333.0, 188.0], [361.0, 214.0], [339.0, 231.0], [363.78571428571433, 205.78571428571433], [-133.0, 10.0], [189.0, 9.0], [189.0, 10.0]]}