{"vertices": [[347.99881235154396, 464.0], [347.99881235154396, 263.0], [348.0, 225.0], [348.0, 88.0], [562.0, 88.5], [444.0, 88.5], [386.0, 88.0], [652.0, 88.5], [593.0, 88.5], [699.0, 357.0], [656.0, 357.0], [505.0, 357.0], [481.0, 357.0], [129.48333333333332, 190.0], [129.48333333333332, 151.0], [129.48333333333332, 280.0], [129.48333333333332, 248.0], [129.48333333333332, 359.0], [129.48333333333332, 338.0], [446.0, 225.0], [536.0, 301.0], [536.0, 267.0], [563.0, 355.0], [563.0, 301.0], [718.5533596837945, 247.0], [718.5533596837945, 221.0], [530.7636363636362, 216.76363636363635], [546.0, 201.0], [595.0, 269.0], [572.0000000000001, 246.00000000000003], [387.0, 464.0], [348.0, 464.0], [604.0, 377.0], [593.0, 377.0], [692.0, 262.0], [682.0, 262.0], [669.0, 256.0], [546.0, 201.43478260869566], [529.0, 201.43478260869566], [699.0, 88.0], [683.0, 88.5], [481.0, 463.0], [445.0, 463.5092250922509], [528.0, 357.02492211838006], [592.0, 357.0], [592.0, 377.0], [664.0, 247.0], [673.0, 256.0], [692.0, 256.0], [647.0, 377.1694915254237], [656.0, 377.0]], "weights": [[2.25], [2.25], [2.45, 0.5], [2.45, 1.5], [2.7], [2.7], [1.5], [2.0], [2.0], [2.25, 6.65], [2.25, 2.3], [2.15], [2.15, 2.65], [1.75], [1.75], [1.55], [1.55], [1.75], [1.75], [0.5], [0.9, 0.5], [0.9], [0.5], [0.5, 0.5], [1.5], [1.5], [2.3499999999999788], [2.3499999999999788], [0.6999999999999653], [0.6999999999999653], [1.75], [1.75], [3.75], [3.75], [1.5], [1.5, 1.5], [1.5], [2.8], [2.8], [6.65, 2.0], [2.0], [2.65, 1.75], [1.75], [2.45], [2.45, 2.6], [2.6], [1.5], [1.5, 8.349999999999985], [8.349999999999985], [5.55], [5.55, 2.3]], "edges": [[1], [0], [3, 19], [2, 6], [5], [4], [3], [8], [7], [10, 39], [9, 50], [12], [11, 41], [14], [13], [16], [15], [18], [17], [2], [21, 23], [20], [23], [22, 20], [25], [24], [27], [26], [29], [28], [31], [30], [33], [32], [35], [34, 36], [35], [38], [37], [9, 40], [39], [12, 42], [41], [44], [43, 45], [44], [47], [46, 48], [47], [50], [49, 10]]}