{"weights": [[2.75, 0.5], [2.75, 2.0], [2.0], [2.0], [2.0], [4.15, 7.45], [4.15, 2.1], [1.65], [1.65], [1.8], [1.8], [2.0], [2.0], [0.5], [2.25], [2.25, 2.25], [0.6, 0.5], [0.6], [0.5], [0.5, 0.5], [1.5], [1.5], [3.6499999999999853], [3.6499999999999853], [0.49999999999996386], [0.49999999999996386], [1.5], [1.5, 1.5], [1.75], [1.75], [1.5], [7.75], [7.75], [4.25], [4.25], [2.25], [2.25, 1.5], [1.5], [7.45, 2.0], [2.0], [2.25, 1.85], [1.85], [4.15], [4.15, 2.5], [2.5], [1.5], [1.5, 7.6499999999999915], [7.6499999999999915], [6.0], [6.0, 2.1]], "edges": [[1, 13], [0, 4], [3], [2], [1], [6, 38], [5, 49], [8], [7], [10], [9], [12], [11], [0], [15], [14, 40], [17, 19], [16], [19], [18, 16], [21], [20], [23], [22], [25], [24], [27], [26, 30], [29], [28], [27], [32], [31], [34], [33], [36], [35, 37], [36], [5, 39], [38], [15, 41], [40], [43], [42, 44], [43], [46], [45, 47], [46], [49], [48, 6]], "vertices": [[348.0, 225.0], [348.0, 88.0], [562.0, 88.5], [444.0, 88.5], [386.0, 88.0], [699.0, 357.0], [656.0, 357.0], [129.49032258064517, 190.0], [129.49032258064517, 151.0], [129.47540983606558, 280.0], [129.47540983606558, 248.0], [652.0, 88.5], [593.0, 88.5], [446.0, 225.0], [505.0, 357.0], [481.0, 357.0], [536.0, 301.0], [536.0, 267.0], [563.0, 355.0], [563.0, 301.0], [718.5533596837945, 247.0], [718.5533596837945, 221.0], [530.7636363636362, 216.76363636363635], [546.0, 201.0], [595.0, 269.0], [572.0000000000001, 246.00000000000003], [692.0, 262.0], [682.0, 262.0], [129.48192771084337, 359.0], [129.48192771084337, 338.0], [669.0, 256.0], [604.0, 377.0], [593.0, 377.0], [546.0, 201.43478260869566], [529.0, 201.43478260869566], [348.00298507462685, 263.0], [348.0, 464.0], [387.0, 464.0], [699.0, 88.0], [683.0, 88.5], [481.0, 463.0], [445.0, 463.51145038167937], [528.0, 357.02453987730064], [592.0, 357.0], [592.0, 377.0], [664.0, 247.0], [673.0, 256.0], [692.0, 256.0], [647.0, 377.5], [656.0, 377.0]]}