{"weights": [[2.45], [2.45, 2.3], [2.5], [2.5], [2.25], [2.25], [2.7, 2.3], [2.7, 0.7], [1.85], [1.85], [1.05], [1.05], [2.1], [2.1], [0.95], [0.95], [0.6, 1.0500000000000045], [0.6], [0.35], [0.35, 2.7], [2.25], [2.25], [0.95], [0.95, 0.5], [1.5], [1.5], [2.3], [2.3], [2.3], [0.75], [0.75], [2.25], [2.25], [3.65], [3.65], [2.15], [2.15], [2.8], [2.8], [2.7, 2.2], [2.35], [2.35], [2.65], [2.65], [2.85], [2.85], [0.75], [0.75, 1.0500000000000045, 0.6000000000000048], [1.0], [1.0], [0.5], [2.95], [2.95], [1.2], [1.2], [2.2], [2.3], [0.7], [0.6000000000000048], [0.8000000000000045], [0.8000000000000045], [0.6], [0.6], [0.8], [0.8], [2.85], [2.85, 2.35], [2.35], [0.9], [0.9, 1.45], [2.25], [2.25, 1.9], [1.9], [2.55], [2.55, 1.45]], "edges": [[1], [0, 28], [3], [2], [5], [4], [7, 56], [6, 57], [9], [8], [11], [10], [13], [12], [15], [14], [17, 47], [16], [19], [18, 39], [21], [20], [23], [22, 50], [25], [24], [27], [26], [1], [30], [29], [32], [31], [34], [33], [36], [35], [38], [37], [19, 55], [41], [40], [43], [42], [45], [44], [47], [46, 16, 58], [49], [48], [23], [52], [51], [54], [53], [39], [6], [7], [47], [60], [59], [62], [61], [64], [63], [66], [65, 67], [66], [69], [68, 74], [71], [70, 72], [71], [74], [73, 69]], "vertices": [[240.0, 239.0], [240.0, 31.0], [183.0, 395.0], [183.0, 303.0], [182.99554565701558, 533.0], [182.99554565701558, 445.0], [355.0, 533.0], [355.0, 408.0], [388.0, 305.2531073446328], [224.0, 305.2531073446328], [603.0, 303.5952380952381], [577.0, 303.5952380952381], [349.0, 31.0], [277.0, 31.0], [384.73801916932905, 162.0], [384.73801916932905, 29.0], [348.0, 199.0], [243.0, 199.0], [445.0, 410.0], [445.0, 304.0], [538.0, 462.0067567567568], [507.0, 462.0067567567568], [381.0, 259.0], [347.0, 259.0], [494.0, 198.5], [470.0, 198.5], [459.0, 462.005376344086], [420.0, 462.005376344086], [253.0, 31.0], [465.0, 198.2991452991453], [420.0, 198.2991452991453], [354.99348534201954, 371.0], [354.99348534201954, 309.0], [643.020202020202, 308.0], [643.020202020202, 288.0], [207.0, 533.0], [183.0, 533.0], [386.0, 462.0], [358.0, 462.0], [455.0, 304.0], [240.0212765957447, 302.0], [240.0212765957447, 264.0], [643.2105263157895, 216.0], [643.2105263157895, 195.0], [541.0, 71.94871794871794], [517.0, 71.94871794871794], [326.0, 198.0], [326.0, 178.0], [445.0, 303.5], [412.0, 303.5], [347.0, 231.0], [402.0, 71.4375], [388.0, 71.4375], [371.0, 301.0], [371.0, 260.0], [455.0, 321.0], [330.0, 533.0], [380.0, 408.0], [306.4814814814815, 157.51851851851853], [396.7608695652174, 174.2391304347826], [385.0, 162.0], [261.0, 158.0], [243.0, 158.0], [594.0, 199.0], [577.0, 199.0], [602.0, 199.0], [602.0, 71.0], [577.0, 71.41071428571429], [421.0, 258.32380952380953], [468.0, 258.0], [603.0, 304.0], [603.0, 461.0], [587.0, 461.64864864864865], [451.0, 71.46913580246914], [468.0, 71.0]]}