{"vertices": [[603.0, 199.0], [603.0, 72.0], [240.0, 239.0], [240.0, 31.0], [240.2034795763994, 302.0], [240.2034795763994, 264.0], [182.99779492833517, 395.0], [182.99779492833517, 303.0], [182.99779492833517, 533.0], [182.99779492833517, 445.0], [354.7874493927126, 371.0], [354.7874493927126, 309.0], [354.7874493927126, 258.0], [354.7874493927126, 231.0], [388.0, 305.0426164519326], [224.0, 305.0426164519326], [455.0, 305.0], [445.0, 305.0], [349.0, 31.0], [277.0, 31.0], [253.0, 31.0], [384.73801916932905, 162.0], [384.73801916932905, 29.0], [494.0, 198.63066202090593], [470.0, 198.63066202090593], [465.0, 198.63066202090593], [420.0, 198.63066202090593], [594.0, 198.63066202090593], [577.0, 198.63066202090593], [381.0, 258.0], [355.0, 258.0], [538.0, 461.9783464566929], [507.0, 461.9783464566929], [459.0, 461.9783464566929], [420.0, 461.9783464566929], [386.0, 461.9783464566929], [358.0, 461.9783464566929], [643.1134020618557, 308.0], [643.1134020618557, 288.0], [643.1134020618557, 216.0], [643.1134020618557, 195.0], [207.0, 533.0], [183.0, 533.0], [468.0, 71.62237762237763], [451.0, 71.62237762237763], [603.0, 71.62237762237763], [577.0, 71.62237762237763], [541.0, 71.62237762237763], [517.0, 71.62237762237763], [402.0, 71.62237762237763], [388.0, 71.62237762237763], [371.0, 301.0], [371.0, 260.0], [455.0, 321.0], [347.0, 199.0], [326.0, 178.0], [306.39204545454544, 157.6079545454545], [380.0, 408.0], [355.0, 408.0], [396.7608695652174, 174.2391304347826], [385.0, 162.0], [261.0, 158.0], [243.0, 158.0], [577.0, 305.0426164519326], [603.0, 305.0], [468.0, 72.0], [468.0, 258.0], [421.0, 258.3953488372093], [355.0, 533.0], [330.0, 533.0094339622641], [412.0, 305.0426164519326], [445.0, 410.0], [347.0, 198.63066202090593], [326.0, 198.0], [243.0, 198.63066202090593], [587.0, 461.9783464566929], [603.0, 461.0]], "weights": [[2.75], [2.75], [2.95], [2.95, 2.7], [2.25], [2.25], [2.25], [2.25], [2.25], [2.25], [2.35], [2.35], [0.25], [0.25], [2.4], [2.4], [2.3, 2.0], [2.3, 0.5, 0.3], [2.3], [2.3], [2.7], [0.55], [0.55], [0.85], [0.85], [1.25], [1.25], [0.55], [0.55], [0.8], [0.8], [2.25], [2.25], [2.35], [2.35], [2.25], [2.25], [2.45], [2.45], [2.45], [2.45], [2.25], [2.25], [2.65], [2.65], [2.75], [2.75], [2.75], [2.75], [2.85], [2.85], [1.1], [1.1], [2.0], [1.6500000000000052], [1.6500000000000052, 0.5500000000000045, 0.95], [0.5500000000000045], [0.6], [0.6, 2.55], [0.5500000000000044], [0.5500000000000044], [0.6], [0.6], [0.5], [0.5, 2.25], [1.6], [1.6, 1.25], [1.25], [2.55, 2.35], [2.35], [0.5], [0.3], [0.95], [0.95, 0.95, 0.95], [0.95], [2.35], [2.35, 2.25]], "edges": [[1], [0], [3], [2, 20], [5], [4], [7], [6], [9], [8], [11], [10], [13], [12], [15], [14], [17, 53], [16, 70, 71], [19], [18], [3], [22], [21], [24], [23], [26], [25], [28], [27], [30], [29], [32], [31], [34], [33], [36], [35], [38], [37], [40], [39], [42], [41], [44], [43], [46], [45], [48], [47], [50], [49], [52], [51], [16], [55], [54, 56, 73], [55], [58], [57, 68], [60], [59], [62], [61], [64], [63, 76], [66], [65, 67], [66], [58, 69], [68], [17], [17], [73], [72, 74, 55], [73], [76], [75, 64]]}