{"weights": [[4.35], [4.35], [2.75, 4.25], [2.75, 1.450000000000012], [1.35], [1.35], [1.5], [1.5], [4.25], [4.25, 1.9], [2.2], [2.2], [4.25], [4.25], [4.25], [4.25], [2.6, 1.450000000000012], [2.6, 1.85], [1.75], [1.75], [1.75], [1.75, 7.5], [4.25], [1.5], [1.5], [4.25], [4.25, 4.25, 4.25], [4.35], [4.35], [1.85], [1.9], [4.25], [4.25], [3.75], [3.75, 4.65], [4.65], [1.5], [1.5, 4.5], [4.5], [2.2], [2.2, 1.75], [1.75], [1.5], [1.5, 2.0], [2.0], [1.25], [1.25, 7.5]], "edges": [[1], [0], [3, 22], [2, 16], [5], [4], [7], [6], [9], [8, 30], [11], [10], [13], [12], [15], [14], [17, 3], [16, 29], [19], [18], [21], [20, 46], [2], [24], [23], [26], [25, 31, 32], [28], [27], [17], [9], [26], [26], [34], [33, 35], [34], [37], [36, 38], [37], [40], [39, 41], [40], [43], [42, 44], [43], [46], [45, 21]], "vertices": [[503.0, 24.08995983935743], [366.0, 24.08995983935743], [390.0, 512.0], [390.0, 377.0], [424.00714285714287, 231.0], [424.00714285714287, 184.0], [226.8494623655914, 459.0], [226.8494623655914, 440.0], [385.0, 444.0], [351.0, 444.0], [523.0, 275.0], [462.0, 275.0], [385.0, 495.0118577075099], [356.0, 495.0118577075099], [234.0, 494.9717741935484], [206.0, 494.9717741935484], [373.0, 360.0], [351.0, 360.0], [424.1829268292683, 292.0], [424.1829268292683, 264.0], [613.0, 153.0], [568.0, 153.0], [419.0, 512.0], [459.0, 221.0], [427.0, 221.0], [176.0, 24.0], [210.0, 24.0], [248.0, 443.85714285714283], [234.0, 443.85714285714283], [351.0, 375.0], [351.0, 429.0], [210.0, 460.0], [251.0, 24.0], [618.4587829089339, 229.0], [618.0, 512.0], [590.0, 512.0186046511628], [618.0, 194.0], [618.0, 24.0], [556.0, 24.00194931773879], [461.5, 184.0], [461.0, 275.0], [425.0, 275.4888888888889], [525.2603550295858, 240.0], [525.0, 290.0], [614.0, 290.0], [515.0, 185.0258064516129], [568.0, 185.0]]}