{"vertices": [[210.0, 460.0], [210.0, 24.0], [503.0, 24.055669050051073], [366.0, 24.055669050051073], [231.0, 24.0], [251.0, 24.0], [390.0, 512.0], [390.0, 377.0], [424.07207207207205, 231.0], [424.07207207207205, 184.0], [424.07207207207205, 292.0], [424.07207207207205, 264.0], [226.8494623655914, 459.0], [226.8494623655914, 440.0], [248.0, 443.9505617977528], [234.0, 443.9505617977528], [523.0, 275.0], [462.0, 275.0], [419.0, 512.0], [385.0, 494.99201596806387], [356.0, 494.99201596806387], [234.0, 494.99201596806387], [206.0, 494.99201596806387], [373.0, 360.0], [351.0, 360.0], [613.0, 153.0], [568.0, 153.0], [459.0, 221.0], [427.0, 221.0], [351.0, 375.0], [618.3226479020068, 229.0], [618.0, 512.0], [590.0, 512.0208816705336], [618.0, 194.0], [618.0, 24.0], [556.0, 24.055669050051073], [461.5, 184.0], [461.0, 275.0], [425.0, 275.4959568733154], [525.2603550295858, 240.0], [525.0, 290.0], [614.0, 290.0], [515.0, 185.0258064516129], [568.0, 185.0], [385.0, 444.0], [351.0, 444.0], [351.2962962962963, 429.0]], "weights": [[6.25], [6.25, 4.25], [4.45], [4.45], [4.25, 4.25], [4.25], [6.45, 4.35], [6.45, 1.4500000000000117], [1.55], [1.55], [1.5], [1.5], [1.5], [1.5], [3.15], [3.15], [1.75], [1.75], [4.35], [4.05], [4.05], [4.25], [4.25], [1.25, 1.4500000000000117], [1.25, 1.75], [2.15], [2.15, 2.2], [1.5], [1.5], [1.75], [4.05], [4.05, 4.45], [4.45], [4.25], [4.25, 4.25], [4.25], [2.0], [2.0, 1.75], [1.75], [1.65], [1.65, 2.3], [2.3], [1.45], [1.45, 2.2], [4.25], [4.25, 1.75], [1.75]], "edges": [[1], [0, 4], [3], [2], [1, 5], [4], [7, 18], [6, 23], [9], [8], [11], [10], [13], [12], [15], [14], [17], [16], [6], [20], [19], [22], [21], [24, 7], [23, 29], [26], [25, 43], [28], [27], [24], [31], [30, 32], [31], [34], [33, 35], [34], [37], [36, 38], [37], [40], [39, 41], [40], [43], [42, 26], [45], [44, 46], [45]]}