{"weights": [[4.0, 4.0], [4.0, 3.75], [3.85], [3.85], [3.4500000000000206], [3.4500000000000206, 3.75], [3.6], [3.6], [3.5], [3.5, 4.0], [3.75], [3.75], [1.0], [1.0], [1.15], [1.15], [0.75], [0.75], [3.75], [3.75], [0.75], [0.75], [1.5], [1.5], [1.2, 0.9], [1.2, 0.75], [1.5, 3.45], [1.5, 4.9, 3.7], [1.0], [1.0], [3.45], [0.65], [0.65], [4.0], [0.75], [0.75], [0.75, 1.3], [0.7], [0.7], [0.8], [0.8], [1.3], [6.25], [6.25, 3.25], [3.25], [6.95], [6.95, 4.0], [4.9], [3.7], [0.9, 1.0], [1.0], [0.75], [0.75, 0.85], [0.75], [0.75, 0.85]], "edges": [[1, 33], [0, 11], [3], [2], [5], [4, 10], [7], [6], [9], [8, 46], [5], [1], [13], [12], [15], [14], [17], [16], [19], [18], [21], [20], [23], [22], [25, 49], [24, 36], [27, 30], [26, 47, 48], [29], [28], [26], [32], [31], [0], [35], [34], [25, 41], [38], [37], [40], [39], [36], [43], [42, 44], [43], [46], [45, 9], [27], [27], [24, 50], [49], [52], [51, 54], [54], [53, 52]], "vertices": [[199.0, 468.0], [199.0, 4.0], [530.0, 4.0], [343.0, 4.0], [637.0, 181.00238188093599], [637.0, 4.0], [637.0, 410.0], [637.0, 220.0], [451.0, 436.0], [414.0, 436.0], [576.0, 4.0], [274.0, 4.0], [413.1097178683386, 436.0], [413.1097178683386, 286.0], [633.0, 278.7721088435374], [512.0, 278.7721088435374], [633.0, 170.49795918367346], [510.0, 170.49795918367346], [343.0, 467.49510763209395], [278.0, 467.49510763209395], [226.0, 234.51111111111112], [203.0, 234.51111111111112], [566.0, 482.0], [530.0, 482.0], [475.0, 107.0], [397.0, 107.0], [533.0, 436.0], [512.0, 436.0], [436.5, 106.0], [436.5, 9.0], [533.0, 471.0], [462.0, 332.2985074626866], [415.0, 332.2985074626866], [233.0, 468.0], [293.0, 234.51020408163265], [268.0, 234.51020408163265], [397.0, 134.0], [397.48148148148147, 23.0], [397.48148148148147, 9.0], [475.48148148148147, 23.0], [475.48148148148147, 9.0], [409.0, 134.0], [637.0731707317074, 449.0], [637.0, 482.0], [604.0, 482.0143540669856], [388.0, 467.587982832618], [414.0, 467.0], [512.5, 327.0], [497.0, 436.0], [475.0, 133.0], [463.0, 133.5], [335.0, 234.51162790697674], [359.0, 234.0], [203.0, 171.4920127795527], [359.0, 172.0]]}