{"vertices": [[327.0, 136.0], [327.0, 17.0], [451.0, 17.104166666666668], [390.0, 17.104166666666668], [364.0, 17.0], [344.99236641221376, 381.0], [344.99236641221376, 337.0], [286.0, 136.0], [286.0, 94.0], [405.0078125, 381.0], [405.0078125, 338.0], [225.01538461538462, 138.0], [225.01538461538462, 94.0], [516.0, 165.0], [516.0, 18.0], [478.0, 17.104166666666668]], "weights": [[1.5, 1.45], [1.5, 0.25], [2.9], [2.9], [0.25], [1.25], [1.25], [1.8, 1.45], [1.8], [1.25], [1.25], [1.25], [1.25], [1.25], [1.25, 0.25], [0.25]], "edges": [[1, 7], [0, 4], [3], [2], [1], [6], [5], [8, 0], [7], [10], [9], [12], [11], [14], [13, 15], [14]]}