{"vertices": [[394.0, 40.0], [394.0, 26.0], [254.0, 109.0], [254.0, 26.0], [254.04066543438077, 167.0], [254.04066543438077, 131.0], [254.04066543438077, 247.0], [254.04066543438077, 209.0], [629.9930191972077, 403.0], [629.9930191972077, 347.0], [629.9930191972077, 322.0], [629.9930191972077, 267.0], [629.9930191972077, 242.0], [629.9930191972077, 226.0], [408.0, 455.011673151751], [395.0, 455.011673151751], [214.0, 290.0], [197.0, 290.0], [394.0, 289.9037558685446], [347.0, 289.9037558685446], [536.0, 96.98606271777004], [453.0, 96.98606271777004], [411.0, 96.98606271777004], [395.0, 96.98606271777004], [573.2039106145252, 109.0], [573.2039106145252, 96.0], [573.2039106145252, 196.0], [573.2039106145252, 133.0], [271.0, 529.9968454258675], [218.0, 529.9968454258675], [394.0, 25.993333333333332], [370.0, 25.993333333333332], [282.0, 26.0], [563.0, 495.0], [528.0, 495.0], [600.0, 228.01162790697674], [570.0, 228.01162790697674], [581.9945945945946, 184.0], [581.9945945945946, 146.0], [197.0, 302.0], [218.0, 456.0], [218.0, 442.0], [394.0, 290.0], [394.0, 529.0], [339.0, 529.9968454258675], [320.0, 290.0], [254.0, 290.0], [629.9930191972077, 426.0], [629.0, 494.0], [592.0, 494.79828326180257], [454.0, 455.011673151751], [528.0, 455.0], [241.0, 289.9037558685446], [254.0, 289.0], [254.04066543438077, 264.0], [197.1904761904762, 428.0], [198.0, 442.0]], "weights": [[0.5], [0.5], [1.25], [1.25, 1.25], [1.25], [1.25], [1.35], [1.35], [1.25], [1.25], [1.25], [1.25], [1.2], [1.2], [1.25], [1.25], [2.55], [2.55, 1.05], [1.5], [1.5], [1.15], [1.15], [1.75], [1.75], [0.25], [0.25], [3.65], [3.65], [1.25], [1.25], [1.25], [1.25], [1.25], [5.15], [5.15, 1.5], [1.95], [1.95], [6.35], [6.35], [1.05], [1.3], [1.3, 1.55], [0.85], [0.85, 1.25], [1.25], [1.25], [1.25], [4.95], [4.95, 1.55], [1.55], [1.55], [1.55, 1.5], [1.25], [1.25, 1.5], [1.5], [1.15], [1.15, 1.55]], "edges": [[1], [0], [3], [2, 32], [5], [4], [7], [6], [9], [8], [11], [10], [13], [12], [15], [14], [17], [16, 39], [19], [18], [21], [20], [23], [22], [25], [24], [27], [26], [29], [28], [31], [30], [3], [34], [33, 51], [36], [35], [38], [37], [17], [41], [40, 56], [43], [42, 44], [43], [46], [45], [48], [47, 49], [48], [51], [50, 34], [53], [52, 54], [53], [56], [55, 41]]}