{"weights": [[1.15, 1.7], [1.15], [1.25], [1.25, 1.5], [1.2], [1.2], [1.5], [1.5], [1.25], [1.25], [1.3], [1.3, 1.5], [1.25], [1.25], [1.35], [1.35], [1.95], [1.95], [1.55], [1.55], [1.7], [0.95], [0.95], [0.75], [0.75], [1.85], [1.85], [1.25], [1.25], [1.25], [1.25], [5.65], [5.65], [1.45], [1.45], [5.4], [5.4, 1.5], [1.7], [1.7], [1.5], [1.3], [1.3, 1.95], [1.25], [1.25], [1.6], [1.6], [1.5], [1.25], [1.25, 1.5], [5.05], [5.05, 1.65], [1.65], [3.45], [3.45, 1.95], [1.45], [1.45, 2.6], [2.6]], "edges": [[1, 20], [0], [3], [2, 39], [5], [4], [7], [6], [9], [8], [11], [10, 46], [13], [12], [15], [14], [17], [16], [19], [18], [0], [22], [21], [24], [23], [26], [25], [28], [27], [30], [29], [32], [31], [34], [33], [36], [35, 48], [38], [37], [3], [41], [40, 53], [43], [42], [45], [44], [11], [48], [47, 36], [50], [49, 51], [50], [53], [52, 41], [55], [54, 56], [55]], "vertices": [[394.0, 530.0], [394.0, 290.0], [254.0, 109.0], [254.0, 26.0], [629.9938650306749, 403.0], [629.9938650306749, 347.0], [630.0, 322.0], [630.0, 267.0], [254.009900990099, 167.0], [254.009900990099, 131.0], [214.0, 290.0], [198.0, 290.0], [536.0, 96.9917695473251], [453.0, 96.9917695473251], [394.0, 289.73026315789474], [347.0, 289.73026315789474], [570.0263157894736, 109.0], [570.0263157894736, 96.0], [271.0, 529.993670886076], [218.0, 529.993670886076], [339.0, 530.0], [396.0, 25.986486486486488], [370.0, 25.986486486486488], [408.0, 455.02777777777777], [395.0, 455.02777777777777], [574.2464985994397, 196.0], [574.2464985994397, 133.0], [600.0, 228.01162790697674], [570.0, 228.01162790697674], [396.0, 40.0], [396.0, 26.0], [582.4932432432432, 184.0], [582.4932432432432, 146.0], [254.0185185185185, 247.0], [254.0185185185185, 209.0], [563.0, 495.0], [528.0, 495.0], [411.0, 96.95454545454545], [395.0, 96.95454545454545], [282.0, 26.0], [218.0, 456.0], [218.0, 442.0], [629.9545454545455, 242.0], [629.9545454545455, 226.0], [254.0, 290.0], [241.0, 290.0], [198.0, 302.0], [454.0, 455.00904977375563], [528.0, 455.0], [629.9951219512195, 426.0], [629.0, 494.0], [592.0, 494.66153846153844], [197.04651162790697, 428.0], [197.0, 442.0], [254.20238095238096, 264.0], [255.0, 290.0], [320.0, 290.0]]}