{"vertices": [[199.0, 468.0], [199.0, 4.0], [530.0, 4.0], [343.0, 4.0], [637.0, 4.0], [576.0, 4.0], [274.0, 4.0], [637.0, 181.00106025452394], [636.9803551201218, 410.00103153976306], [636.9803551201218, 219.99893072271888], [633.0, 171.05555555555554], [510.0, 171.05555555555554], [511.0, 435.98275862068965], [497.0, 435.98275862068965], [343.0, 467.5183299389002], [278.0, 467.5183299389002], [233.0, 468.0], [633.0, 278.7721088435374], [512.0, 278.7721088435374], [566.0, 482.00650759219087], [530.0, 482.00650759219087], [226.0, 234.5109489051095], [203.0, 234.5109489051095], [293.0, 234.5109489051095], [268.0, 234.5109489051095], [475.0, 107.0], [397.0, 107.0], [436.5, 106.0], [436.5, 9.0], [533.0, 471.0], [533.0, 436.0], [462.0, 332.2985074626866], [415.0, 332.2985074626866], [475.23636363636365, 23.0], [475.23636363636365, 9.0], [397.0, 134.0], [397.4878048780488, 23.0], [397.4878048780488, 9.0], [409.0, 134.0], [636.8992644787318, 448.99890200795807], [636.0, 482.0], [604.0, 482.00650759219087], [203.0, 171.05555555555554], [359.0, 171.0], [451.0, 436.0], [414.0, 436.0], [414.0078277886497, 286.0], [512.0, 436.0], [512.5, 327.0], [388.0, 467.5183299389002], [414.0, 467.0], [335.0, 234.5109489051095], [359.0, 234.0], [475.0, 133.0], [463.0, 133.65625]], "weights": [[4.0, 3.75], [4.0, 3.75], [3.75], [3.75], [3.75, 3.2500000000000084], [3.75], [3.75], [3.2500000000000084], [3.450000000000004], [3.450000000000004], [0.5], [0.5], [3.3], [3.3], [3.75], [3.75], [3.75], [1.05], [1.05], [7.95], [7.95], [0.8], [0.8], [0.75], [0.75], [1.0, 0.5], [1.0, 0.75], [1.1], [1.1], [3.25], [3.25, 8.05], [0.55], [0.55], [1.05], [1.05], [0.75, 0.85], [0.95], [0.95], [0.85], [6.649999999999997], [6.649999999999997, 3.25], [3.25], [0.75], [0.75, 0.75], [1.5], [1.5, 0.45, 3.85], [0.45], [8.05, 1.4], [1.4], [1.5], [1.5, 3.85], [0.75], [0.75, 0.75], [0.5, 0.75], [0.75]], "edges": [[1, 16], [0, 6], [3], [2], [5, 7], [4], [1], [4], [9], [8], [11], [10], [13], [12], [15], [14], [0], [18], [17], [20], [19], [22], [21], [24], [23], [26, 53], [25, 35], [28], [27], [30], [29, 47], [32], [31], [34], [33], [26, 38], [37], [36], [35], [40], [39, 41], [40], [43], [42, 52], [45], [44, 46, 50], [45], [30, 48], [47], [50], [49, 45], [52], [51, 43], [25, 54], [53]]}