{"weights": [[1.15, 1.55], [1.15, 1.35], [3.85], [3.85], [1.25], [1.25], [1.35], [1.7, 1.55], [1.7], [1.25], [1.25], [1.25], [1.25], [1.25], [1.25, 1.15], [1.15]], "edges": [[1, 7], [0, 6], [3], [2], [5], [4], [1], [8, 0], [7], [10], [9], [12], [11], [14], [13, 15], [14]], "vertices": [[327.0, 136.0], [327.0, 20.0], [451.0, 15.434426229508198], [390.0, 15.434426229508198], [344.99236641221376, 381.0], [344.99236641221376, 337.0], [364.0, 20.0], [286.0, 136.0], [286.0, 94.0], [405.0078125, 381.0], [405.0078125, 338.0], [225.01538461538462, 138.0], [225.01538461538462, 94.0], [516.0, 165.0], [516.0, 20.0], [478.0, 20.009345794392523]]}