{"vertices": [[494.6670305676856, 519.0], [494.6670305676856, 403.0], [494.6670305676856, 219.0], [494.6670305676856, 82.0], [495.0, 294.0], [495.0, 260.0], [494.6670305676856, 49.0], [494.6670305676856, 29.0], [494.6670305676856, 363.0], [494.6670305676856, 327.0], [374.0, 237.0], [374.0, 211.0], [209.0, 293.0], [209.0, 137.0], [565.0, 363.0], [565.0, 260.0], [351.0, 168.0], [351.0, 137.0], [350.7, 49.0], [350.7, 29.0], [312.24817518248176, 206.24817518248176], [243.0, 275.0], [272.24817518248176, 246.24817518248176], [495.0, 363.0], [591.0, 363.0], [638.0, 363.0], [621.0, 363.0], [639.0, 259.7588652482269], [621.0, 259.7588652482269], [590.0, 260.0], [553.0, 108.9980694980695], [499.0, 108.9980694980695], [642.0, 108.9980694980695], [589.0, 108.9980694980695], [553.0, 519.0], [495.0, 519.0], [413.0, 520.3453996983409], [380.0, 520.3453996983409], [495.0, 520.3453996983409], [450.0, 520.3453996983409], [366.0, 495.0], [306.0, 495.0], [260.0, 495.0], [209.0, 495.0], [492.0, 531.4949832775919], [450.0, 531.4949832775919], [638.0, 310.0], [619.0, 310.0], [432.0, 183.0], [403.0, 183.0], [392.0, 3.5721649484536084], [377.0, 3.5721649484536084], [466.0, 3.5721649484536084], [453.0, 3.5721649484536084], [639.0, 337.1788617886179], [625.0, 337.1788617886179], [432.0, 155.0], [210.0, 275.0], [489.0, 155.0], [306.0, 521.0], [260.0, 521.0], [192.0, 293.0], [485.0000000000001, 527.0000000000001], [642.0, 109.0], [642.0, 520.0], [590.0, 520.3453996983409], [374.2762195121951, 281.0], [374.0, 531.0], [413.0, 531.0], [209.0, 337.0], [192.0, 337.1788617886179], [350.0, 137.0], [350.7, 83.0], [566.0, 310.30434782608694], [619.0, 325.0]], "weights": [[0.25], [0.25], [7.349999999999994], [7.349999999999994], [0.25], [0.25, 0.5], [0.25], [0.25], [0.25], [0.25], [2.75], [2.75, 0.500000000000004], [2.2, 3.0], [2.2, 5.8], [0.5, 0.6, 0.5], [0.5, 0.5, 0.7], [0.25, 0.500000000000004], [0.25], [2.3], [2.3], [0.500000000000004], [0.500000000000004, 0.5], [0.500000000000004], [0.6], [0.5], [0.6], [0.6], [1.15], [1.15], [0.7], [2.25], [2.25], [2.35], [2.35], [0.5], [0.5, 3.7000000000000055], [0.25], [0.25], [0.25], [0.25], [0.5], [0.5, 3.2], [0.5, 3.1], [0.5, 0.5], [2.9], [2.9], [0.25], [0.25, 0.35, 0.6], [0.9, 0.5], [0.9, 0.500000000000004], [2.55], [2.55], [3.45], [3.45], [0.25], [0.25], [0.5, 0.5], [0.5], [0.5], [3.2], [3.1], [3.0], [3.7000000000000055], [7.65], [7.65, 0.5], [0.5], [2.75], [2.75, 2.75], [2.75], [0.5, 3.35], [3.35], [5.8, 2.75], [2.75], [0.35], [0.6]], "edges": [[1], [0], [3], [2], [5], [4, 15], [7], [6], [9], [8], [11], [10, 49], [13, 61], [12, 71], [15, 23, 24], [14, 5, 29], [17, 20], [16], [19], [18], [16], [22, 57], [21], [14], [14], [26], [25], [28], [27], [15], [31], [30], [33], [32], [35], [34, 62], [37], [36], [39], [38], [41], [40, 59], [43, 60], [42, 69], [45], [44], [47], [46, 73, 74], [49, 56], [48, 11], [51], [50], [53], [52], [55], [54], [48, 58], [21], [56], [41], [42], [12], [35], [64], [63, 65], [64], [67], [66, 68], [67], [43, 70], [69], [13, 72], [71], [47], [47]]}