{"weights": [[4.95, 4.75], [4.95, 5.05], [5.95], [5.95], [4.25], [4.25], [2.25], [2.25], [4.45], [4.45], [1.5], [1.5], [5.05], [1.35], [1.35], [1.6], [1.6], [1.75], [1.75], [4.75], [5.0], [5.0], [3.9, 1.45], [3.9, 1.5, 2.0], [1.250000000000006, 2.15], [1.250000000000006], [2.15], [1.45], [1.5], [1.5], [4.25], [4.25, 4.85], [1.5], [1.5, 4.85, 4.85], [4.85], [4.85], [1.75], [1.75, 1.65], [1.65], [4.75], [4.75, 4.75, 1.25], [4.75], [2.9], [2.9, 1.75], [1.75], [1.5], [1.5, 2.25], [1.5], [2.0], [5.0], [5.0, 4.85], [2.3], [2.3, 2.25], [1.5], [1.5, 1.25]], "edges": [[1, 19], [0, 12], [3], [2], [5], [4], [7], [6], [9], [8], [11], [10], [1], [14], [13], [16], [15], [18], [17], [0], [21], [20], [23, 27], [22, 47, 48], [25, 26], [24], [24], [22], [29], [28], [31], [30, 50], [33], [32, 34, 35], [33], [33], [37], [36, 38], [37], [40], [39, 41, 54], [40], [43], [42, 44], [43], [46], [45, 52], [23], [23], [50], [49, 31], [52], [51, 46], [54], [53, 40]], "vertices": [[80.0, 506.0], [80.0, 25.0], [341.0, 24.045126353790614], [219.0, 24.045126353790614], [464.0, 23.936395759717314], [398.0, 23.936395759717314], [468.0, 319.6312594840668], [318.0, 319.6312594840668], [644.0, 24.266393442622952], [567.0, 24.266393442622952], [754.0, 213.0], [607.0, 213.0], [141.0, 25.0], [229.0, 213.05405405405406], [85.0, 213.05405405405406], [426.5079365079365, 385.0], [426.5079365079365, 321.0], [317.46530612244896, 93.0], [317.46530612244896, 29.0], [127.0, 506.0], [588.0, 441.5], [550.0, 441.5], [221.0, 262.0], [191.0, 262.0], [304.0, 107.0], [317.0, 93.0], [286.0, 114.46031746031746], [221.0, 278.0], [435.0, 506.0], [435.0, 499.0], [701.0, 24.008403361344538], [759.0, 24.0], [429.3197903014417, 429.0], [429.0, 506.0], [435.0, 506.48926014319807], [382.0, 506.48926014319807], [424.5142083897158, 24.0], [424.0, 213.0], [385.0, 213.01724137931035], [304.0, 506.5640756302521], [268.0, 506.0], [205.0, 506.5640756302521], [281.15521628498726, 104.0], [281.0, 213.0], [341.0, 213.0], [433.0, 441.54397394136805], [467.0, 441.0], [191.0, 215.0], [179.0, 262.5], [723.0, 441.5], [759.0, 441.0], [429.0, 376.5], [467.0, 376.0], [262.0, 318.4761904761905], [268.0, 318.0]]}