{"weights": [[7.25, 2.55], [7.25], [0.6, 2.5, 3.499999999999992], [0.6], [1.2], [1.2, 0.500000000000004], [1.2], [1.2], [0.7, 0.5, 0.5], [0.7, 0.6, 0.55], [0.5], [0.5, 0.6], [2.55], [2.55], [0.500000000000004], [0.500000000000004], [0.5, 0.5], [0.5, 3.4], [0.5, 5.9], [2.5], [2.5], [2.55], [2.5], [2.35], [2.35], [0.5], [0.5, 3.3], [3.0], [3.0], [0.5], [0.5], [0.5], [0.500000000000002, 0.6], [0.500000000000002], [3.4, 3.2], [3.4, 0.7], [0.8, 0.5], [0.8, 0.500000000000004], [0.75], [0.75], [3.05], [3.05], [0.9], [0.9], [0.5, 0.5], [0.6], [0.5], [3.3], [0.5], [0.6], [0.6], [3.2], [0.55], [2.75], [2.75], [3.45], [3.45], [3.4], [0.7], [0.7], [3.499999999999992], [0.6], [0.6], [0.9], [0.9], [0.7, 3.2], [3.2], [5.9, 2.75], [2.75], [2.75], [2.75, 2.75], [2.75]], "edges": [[1, 21], [0], [3, 22, 60], [2], [5], [4, 37], [7], [6], [9, 16, 48], [8, 11, 52], [11], [10, 9], [13], [12], [15], [14], [8, 31], [18, 57], [17, 67], [20], [19], [0], [2], [24], [23], [26], [25, 47], [28], [27], [30], [29], [16], [33, 45], [32], [35, 51], [34, 65], [37, 44], [36, 5], [39], [38], [41], [40], [43], [42], [36, 46], [32], [44], [26], [8], [50], [49], [34], [9], [54], [53], [56], [55], [17], [59], [58], [2], [62], [61], [64], [63], [35, 66], [65], [18, 68], [67], [70], [69, 71], [70]], "vertices": [[642.0, 518.0], [642.0, 109.0], [498.0, 516.0], [498.0, 403.0], [373.0, 237.0], [373.0, 213.0], [494.06973058637084, 219.0], [494.06973058637084, 82.0], [565.0, 363.0], [565.0, 260.0], [498.0, 294.0], [498.0, 260.0], [491.9684210526316, 49.0], [491.9684210526316, 29.0], [312.2469135802469, 206.24691358024688], [353.0, 165.0], [498.0, 363.0], [209.0, 293.0], [209.0, 137.0], [553.0, 109.0], [499.0, 109.0], [590.0, 518.0], [553.0, 516.0], [642.0, 108.99596774193549], [589.0, 108.99596774193549], [366.0, 495.0], [306.0, 495.0], [481.0, 530.5], [450.0, 530.5], [623.0, 311.0], [566.0, 311.0], [498.0, 327.0], [244.0, 275.0], [272.25000000000006, 246.25000000000006], [260.0, 495.0], [209.0, 495.0], [432.0, 183.0], [402.0, 183.0], [639.0, 259.51428571428573], [621.0, 259.51428571428573], [392.0, 3.5754716981132075], [377.0, 3.5754716981132075], [639.0, 332.48148148148147], [625.0, 332.48148148148147], [432.0, 155.0], [210.0, 275.0], [489.0, 155.0], [306.0, 521.0], [591.0, 363.0], [352.0, 165.0], [352.0, 137.0], [260.0, 521.0], [590.0, 260.0], [350.7102803738318, 49.0], [350.7102803738318, 29.0], [466.0, 3.5681818181818183], [453.0, 3.5681818181818183], [192.0, 293.0], [638.0, 363.0], [621.0, 363.0], [481.0, 530.0], [638.0, 307.0], [626.0, 307.0], [619.0, 325.0], [619.0, 312.0], [209.0, 338.0], [192.0, 338.5], [350.0, 137.0], [350.5078864353312, 83.0], [374.4370816599732, 281.0], [375.0, 531.0], [413.0, 531.0]]}