{"vertices": [[80.0, 507.0], [80.0, 24.0], [341.0, 24.18239538239538], [219.0, 24.18239538239538], [644.0, 24.18239538239538], [567.0, 24.18239538239538], [141.0, 24.0], [426.89110604332956, 385.0], [426.89110604332956, 321.0], [468.0, 319.59558823529414], [318.0, 319.59558823529414], [268.0, 319.59558823529414], [262.0, 319.59558823529414], [127.0, 507.0], [754.0, 212.93524590163935], [607.0, 212.93524590163935], [229.0, 212.93524590163935], [85.0, 212.93524590163935], [317.46530612244896, 93.0], [317.46530612244896, 29.0], [588.0, 441.51367781155017], [550.0, 441.51367781155017], [221.0, 262.0], [191.0, 262.0], [304.0, 107.0], [317.0, 93.0], [286.0, 114.46031746031746], [221.0, 278.0], [435.0, 510.0], [435.0, 499.0], [701.0, 24.18239538239538], [759.0, 24.0], [464.0, 24.18239538239538], [426.0, 24.0], [398.0, 24.18239538239538], [426.89110604332956, 429.0], [426.0, 506.0], [382.0, 506.5290502793296], [304.0, 506.5290502793296], [268.0, 506.0], [205.0, 506.5290502793296], [268.0, 320.0], [385.0, 212.93524590163935], [427.0, 212.0], [341.0, 213.0], [281.0, 213.0], [281.15521628498726, 104.0], [433.0, 441.51367781155017], [467.0, 441.0], [723.0, 441.51367781155017], [759.0, 441.0], [191.0, 215.0], [179.0, 262.5], [429.0, 376.5], [467.0, 376.0]], "weights": [[5.45, 4.75], [5.45, 4.95], [1.5], [1.5], [4.45], [4.45], [4.95], [2.05], [2.05], [1.95], [1.95], [1.65], [1.65], [4.75], [1.25], [1.25], [1.35], [1.35], [1.75], [1.75], [4.75], [4.75], [4.0, 1.55], [4.0, 1.9, 2.0], [1.250000000000006, 1.75], [1.250000000000006], [1.75], [1.55], [1.5], [1.5], [4.25], [4.25, 4.85], [4.25], [4.25, 4.25, 0.25], [4.25], [1.5], [1.5, 4.75], [4.75], [4.75], [4.75, 4.75, 1.35], [4.75], [1.35], [1.5], [1.5, 0.25], [1.65], [1.65, 3.65], [3.65], [4.75], [4.75, 1.5], [4.75], [4.75, 4.85], [1.9], [2.0], [2.0], [2.0, 1.5]], "edges": [[1, 13], [0, 6], [3], [2], [5], [4], [1], [8], [7], [10], [9], [12], [11], [0], [15], [14], [17], [16], [19], [18], [21], [20], [23, 27], [22, 51, 52], [25, 26], [24], [24], [22], [29], [28], [31], [30, 50], [33], [32, 34, 43], [33], [36], [35, 37], [36], [39], [38, 40, 41], [39], [39], [43], [42, 33], [45], [44, 46], [45], [48], [47, 54], [50], [49, 31], [23], [23], [54], [53, 48]]}