{"weights": [[1.5], [1.5], [3.75], [3.75], [5.9499999999999975], [5.9499999999999975], [3.05], [3.05], [3.45], [3.45], [3.45], [3.45], [1.25], [1.25], [3.45], [3.45], [7.35], [7.35], [1.25], [1.25], [1.25], [1.25], [3.5], [3.5], [3.5], [3.5], [1.25], [1.25, 1.25], [3.1500000000000057], [3.1500000000000057], [3.75], [3.75], [1.25], [1.25], [1.25], [2.5000000000000027], [2.5000000000000027], [4.25], [4.25, 3.75], [3.75]], "edges": [[1], [0], [3], [2], [5], [4], [7], [6], [9], [8], [11], [10], [13], [12], [15], [14], [17], [16], [19], [18], [21], [20], [23], [22], [25], [24], [27], [26, 34], [29], [28], [31], [30], [33], [32], [27], [36], [35], [38], [37, 39], [38]], "vertices": [[240.44894466628637, 170.0], [240.44894466628637, 13.0], [594.5383678440926, 247.0], [594.5383678440926, 142.0], [237.98153277931672, 371.0], [237.98153277931672, 218.0], [398.0, 16.003278688524592], [310.0, 16.003278688524592], [523.0, 15.990551181102362], [432.0, 15.990551181102362], [595.0, 15.841698841698841], [556.0, 15.841698841698841], [351.0, 124.89779005524862], [242.0, 124.89779005524862], [269.0, 371.0], [238.0, 371.0], [595.0, 91.0], [595.0, 16.0], [591.0, 150.99738903394257], [463.0, 150.99738903394257], [385.9908675799087, 94.0], [385.9908675799087, 20.0], [492.0, 371.0], [463.0, 371.0], [371.0, 371.0], [340.0, 371.0], [520.0, 79.0], [464.0, 79.0], [392.1897905759162, 165.81020942408378], [351.0, 125.0], [276.0, 16.37037037037037], [248.0, 16.37037037037037], [590.0, 79.01123595505618], [560.0, 79.01123595505618], [464.0, 100.0], [384.71649484536084, 45.283505154639215], [358.7164948453608, 19.283505154639187], [594.0505050505051, 318.0], [594.0, 370.0], [564.0, 370.55721393034827]]}