{"vertices": [[239.50669957686884, 170.0], [239.50669957686884, 13.0], [239.50669957686884, 371.0], [239.50669957686884, 218.0], [594.4045002616431, 247.0], [594.4045002616431, 142.0], [398.0, 16.0203488372093], [310.0, 16.0203488372093], [523.0, 16.0203488372093], [432.0, 16.0203488372093], [276.0, 16.0203488372093], [248.0, 16.0203488372093], [351.0, 124.89779005524862], [242.0, 124.89779005524862], [269.0, 371.0], [240.0, 371.0], [492.0, 370.8939580764488], [463.0, 370.8939580764488], [371.0, 370.8939580764488], [340.0, 370.8939580764488], [591.0, 150.99738903394257], [463.0, 150.99738903394257], [385.9908675799087, 94.0], [385.9908675799087, 20.0], [520.0, 79.0], [464.0, 79.0], [590.0, 78.71910112359551], [560.0, 78.71910112359551], [392.1897905759162, 165.81020942408378], [351.0, 125.0], [464.0, 100.0], [384.71649484536084, 45.283505154639215], [358.7164948453608, 19.283505154639187], [594.4045002616431, 318.0], [594.0, 370.0], [564.0, 370.8939580764488], [594.0, 91.0], [594.0, 16.0], [556.0, 16.0203488372093]], "weights": [[7.750000000000003], [7.750000000000003], [3.45], [3.45], [3.75], [3.75], [3.65], [3.65], [3.35], [3.35], [3.55], [3.55], [1.35], [1.35], [3.45], [3.45], [3.25], [3.25], [3.25], [3.25], [1.5], [1.5], [1.65], [1.65], [1.4], [1.4, 1.25], [1.35], [1.35], [2.6000000000000068], [2.6000000000000068], [1.25], [2.3500000000000063], [2.3500000000000063], [6.75], [6.75, 3.75], [3.75], [4.05], [4.05, 3.55], [3.55]], "edges": [[1], [0], [3], [2], [5], [4], [7], [6], [9], [8], [11], [10], [13], [12], [15], [14], [17], [16], [19], [18], [21], [20], [23], [22], [25], [24, 30], [27], [26], [29], [28], [25], [32], [31], [34], [33, 35], [34], [37], [36, 38], [37]]}