{"weights": [[2.25], [2.25], [2.6], [2.6, 0.9], [0.35], [0.35], [2.25], [2.25], [0.75], [0.75, 0.5, 0.8], [2.3, 0.5], [2.3], [0.5], [0.5], [2.25], [2.25], [0.6, 0.6, 0.8], [0.6, 0.5], [3.0], [3.0], [0.5, 0.5], [0.5, 0.5], [3.1], [3.1], [0.6], [1.85], [1.85], [1.1999999999999986], [1.1999999999999986], [0.7], [0.7], [0.5], [0.5], [2.2], [2.2, 2.95], [2.5], [2.5], [0.7], [0.7], [0.9, 2.65], [2.65], [0.9], [0.9], [0.5, 0.75], [0.75], [0.75], [0.75, 0.55], [0.55], [2.95, 1.55], [1.55]], "edges": [[1], [0], [3], [2, 39], [5], [4], [7], [6], [9], [8, 20, 16], [11, 43], [10], [13], [12], [15], [14], [17, 24, 9], [16, 31], [19], [18], [21, 9], [20, 32], [23], [22], [16], [26], [25], [28], [27], [30], [29], [17], [21], [34], [33, 48], [36], [35], [38], [37], [3, 40], [39], [42], [41], [10, 44], [43], [46], [45, 47], [46], [34, 49], [48]], "vertices": [[365.0, 90.06235011990408], [275.0, 90.06235011990408], [550.0, 90.0], [536.0, 90.0], [384.0, 438.55384615384617], [275.0, 438.55384615384617], [536.0, 89.993265993266], [474.0, 89.993265993266], [535.0, 265.0], [464.0, 265.0], [413.0, 90.0], [388.0, 90.0], [413.0, 443.0], [413.0, 330.0], [468.0, 441.01666666666665], [442.0, 441.01666666666665], [464.0, 284.0], [413.0, 284.0], [272.0, 318.0], [231.0, 318.0], [464.0, 234.0], [416.0, 234.0], [356.0, 454.0], [315.0, 454.0], [464.0, 296.0], [230.52380952380952, 318.0], [230.52380952380952, 299.0], [358.0, 124.76363636363637], [316.0, 124.76363636363637], [533.0, 296.51063829787233], [509.0, 296.51063829787233], [413.0, 300.0], [416.0, 246.0], [230.0, 252.0], [230.0, 233.0], [550.0, 441.0], [536.0, 441.0], [534.0, 234.0], [509.0, 234.0], [536.0, 440.0], [492.0, 440.68831168831167], [339.0, 234.0], [314.0, 234.0], [413.0, 197.0], [391.0, 197.4878048780488], [357.51162790697674, 154.0], [357.0, 197.0], [316.0, 197.2], [314.0, 233.0], [314.1705756929638, 92.0]]}