{"vertices": [[365.0, 90.0268156424581], [275.0, 90.0268156424581], [550.0, 90.0268156424581], [537.0, 90.0268156424581], [384.0, 439.5004995004995], [275.0, 439.5004995004995], [468.0, 439.5004995004995], [442.0, 439.5004995004995], [550.0, 440.0], [536.0, 440.0], [413.1309523809524, 443.0], [413.1309523809524, 330.0], [413.0, 300.0], [413.0, 284.0], [413.0, 246.0], [413.0, 233.0], [535.0, 265.0], [464.0, 265.0], [464.0, 284.0], [272.0, 318.0], [231.0, 318.0], [464.0, 233.0], [314.0, 233.0], [231.0, 233.0], [534.0, 233.16190476190476], [509.0, 233.16190476190476], [356.0, 454.0], [315.0, 454.0], [464.0, 296.0], [230.5114503816794, 318.0], [230.5114503816794, 299.0], [231.0, 252.0], [358.0, 124.76363636363637], [316.0, 124.76363636363637], [533.0, 296.51063829787233], [509.0, 296.51063829787233], [474.0, 90.0268156424581], [536.0, 90.0], [388.0, 90.0268156424581], [413.0, 90.0], [492.0, 439.5004995004995], [536.0, 439.0], [314.1705756929638, 92.0], [339.0, 233.0], [357.51162790697674, 154.0], [357.0, 197.0], [316.0, 197.32967032967034], [391.0, 197.32967032967034], [413.0, 197.0]], "weights": [[2.25], [2.25], [2.45], [2.45], [2.1], [2.1], [2.5], [2.5], [2.5], [2.5], [1.2], [1.2], [0.5], [0.5, 0.5], [0.35], [0.35, 0.3], [0.75], [0.75, 0.8, 0.8], [0.5, 0.8, 0.8], [3.0], [3.0], [0.3, 0.8], [0.25, 1.55, 1.0], [0.25, 1.85], [0.25], [0.25], [2.6], [2.6], [0.8], [1.65], [1.65], [1.85], [0.6], [0.6], [0.75], [0.75], [2.25], [2.25, 0.65], [2.05], [2.05, 0.5], [2.6], [2.6, 0.65], [1.55], [1.0], [0.75], [0.75, 0.6], [0.6], [0.7], [0.7, 0.5]], "edges": [[1], [0], [3], [2], [5], [4], [7], [6], [9], [8], [11], [10], [13], [12, 18], [15], [14, 21], [17], [16, 21, 18], [13, 28, 17], [20], [19], [15, 17], [23, 42, 43], [22, 31], [25], [24], [27], [26], [18], [30], [29], [23], [33], [32], [35], [34], [37], [36, 41], [39], [38, 48], [41], [40, 37], [22], [22], [45], [44, 46], [45], [48], [47, 39]]}