{"vertices": [[363.0, 119.00398406374502], [327.0, 119.00398406374502], [307.0, 119.0], [275.0, 119.0], [516.0, 119.0], [487.0, 119.0], [487.0, 185.0], [156.98782961460446, 394.0], [156.98782961460446, 361.0], [157.0, 239.0], [157.0, 148.0], [157.0, 330.0], [157.0, 268.0], [553.0, 394.0], [487.0, 394.0], [657.0, 394.48534482758623], [600.0, 394.48534482758623], [406.0, 394.48534482758623], [352.0, 394.48534482758623], [286.0, 394.48534482758623], [266.0, 394.48534482758623], [179.0, 394.0], [157.0, 394.0], [402.0, 411.60531309297915], [357.0, 411.60531309297915], [427.0, 220.0], [381.0, 220.0], [449.0, 220.0], [429.0, 220.0], [414.6369426751592, 193.0], [414.6369426751592, 176.0], [437.0, 148.0], [415.0, 148.0], [172.0, 148.0], [402.0, 404.0], [382.0, 404.0], [374.0, 404.0], [357.0, 404.0], [358.0, 172.96363636363637], [339.0, 172.96363636363637], [361.0, 252.0], [350.0, 252.0], [173.0, 268.0], [291.0, 280.0], [291.0, 266.0], [384.0, 119.00398406374502], [415.0, 119.0], [631.0, 119.00398406374502], [660.0, 119.0], [660.0, 353.0], [487.0, 217.0], [468.0, 394.48534482758623], [242.0, 148.01497005988023], [275.0, 148.0]], "weights": [[2.45], [2.45], [2.35], [2.35, 2.6], [2.25], [2.25, 5.2], [5.2], [4.35], [4.35], [3.45], [3.45, 2.4], [2.45], [2.45, 1.0], [0.5], [0.5, 2.5, 0.5], [0.5], [0.5], [5.4], [5.4], [1.3], [1.3], [0.3], [0.3], [1.5], [1.5], [0.8], [0.8], [0.5], [0.5], [0.25], [0.25], [2.85], [2.85, 4.25], [2.4], [1.5], [1.5], [1.5], [1.5], [1.45], [1.45], [0.5], [0.5], [1.0], [0.9], [0.9], [2.5], [2.5, 4.25], [1.9], [1.9, 2.0], [2.0], [2.5], [0.5], [2.25], [2.25, 2.6]], "edges": [[1], [0], [3], [2, 53], [5], [4, 6], [5], [8], [7], [10], [9, 33], [12], [11, 42], [14], [13, 50, 51], [16], [15], [18], [17], [20], [19], [22], [21], [24], [23], [26], [25], [28], [27], [30], [29], [32], [31, 46], [10], [35], [34], [37], [36], [39], [38], [41], [40], [12], [44], [43], [46], [45, 32], [48], [47, 49], [48], [14], [14], [53], [52, 3]]}