{"weights": [[2.0], [2.0, 2.5], [2.25], [2.25], [2.5], [2.5, 2.7], [2.25], [2.25, 1.0], [2.1], [2.1], [2.0], [2.0], [1.9], [1.9], [1.5], [1.5], [0.8], [0.8], [2.5], [2.5, 2.5], [2.25], [2.25, 2.6], [1.5], [1.5], [3.05], [3.05], [0.5], [0.5], [2.5], [2.35], [2.35, 4.15], [2.35], [2.35], [2.5], [1.6], [1.6], [2.7], [0.5], [0.5], [0.5], [0.5], [1.0], [0.8], [0.8], [5.250000000000002], [5.250000000000002, 4.15], [2.5], [2.5, 2.4], [2.4], [2.25], [2.25, 2.6]], "edges": [[1], [0, 28], [3], [2], [5], [4, 36], [7], [6, 41], [9], [8], [11], [10], [13], [12], [15], [14], [17], [16], [19], [18, 33], [21], [20, 50], [23], [22], [25], [24], [27], [26], [1], [30], [29, 45], [32], [31], [19], [35], [34], [5], [38], [37], [40], [39], [7], [43], [42], [45], [44, 30], [47], [46, 48], [47], [50], [49, 21]], "vertices": [[660.0, 353.0], [660.0, 119.0], [156.9572192513369, 398.0], [156.9572192513369, 361.0], [157.0, 239.0], [157.0, 148.0], [157.0, 330.0], [157.0, 268.0], [553.0, 392.0], [487.0, 392.0], [657.0, 391.5], [600.0, 391.5], [363.0, 118.99411764705883], [327.0, 118.99411764705883], [402.0, 411.60531309297915], [357.0, 411.60531309297915], [427.0, 220.0], [381.0, 220.0], [487.0, 185.0], [487.0, 119.0], [307.0, 119.0], [275.0, 119.0], [406.0, 398.21682242990653], [352.0, 398.21682242990653], [286.0, 397.97938144329896], [266.0, 397.97938144329896], [413.0, 193.0], [413.0, 176.0], [631.0, 119.0], [437.0, 148.0], [415.0, 148.0], [179.0, 398.0], [157.0, 398.0], [516.0, 119.0], [358.0, 172.96363636363637], [339.0, 172.96363636363637], [172.0, 148.0], [449.0, 220.0], [429.0, 220.0], [361.0, 252.0], [350.0, 252.0], [173.0, 268.0], [291.0, 280.0], [291.0, 266.0], [384.0, 119.01234567901234], [415.0, 119.0], [487.0, 217.0], [487.0, 391.0], [468.0, 391.5], [242.0, 147.99425287356323], [275.0, 147.0]]}