{"vertices": [[599.0, 41.97595190380761], [516.0, 41.97595190380761], [674.0, 41.97595190380761], [631.0, 41.97595190380761], [484.0, 41.97595190380761], [442.0, 41.97595190380761], [334.0, 42.0], [199.0, 42.0], [196.0, 189.0], [177.0, 189.0], [317.0, 188.59110042092604], [202.0, 188.59110042092604], [431.0, 460.0], [431.0, 229.0], [199.4616564417178, 321.0], [199.4616564417178, 131.0], [199.0, 99.0], [199.4616564417178, 365.0], [199.4616564417178, 352.0], [524.0, 460.0], [608.0, 459.99774011299434], [556.0, 459.99774011299434], [674.0, 129.0], [674.0, 42.0], [674.0, 403.0], [674.0, 378.0], [329.0, 422.0], [329.0, 351.0], [567.0, 142.0], [567.0, 44.0], [345.0, 351.0], [390.0, 350.5128205128205], [379.0, 350.5128205128205], [428.0, 350.5128205128205], [405.0, 350.5128205128205], [329.0, 350.5128205128205], [316.0, 350.5128205128205], [450.0, 105.0], [450.0, 45.0], [326.0, 363.00757575757575], [308.0, 363.00757575757575], [276.0, 363.00757575757575], [241.0, 363.00757575757575], [177.0, 224.0], [362.0, 422.0], [428.0, 421.92753623188406], [399.0, 421.92753623188406], [633.0, 129.0], [209.0, 225.0], [209.0, 214.0], [463.78, 143.22], [449.78, 129.22], [195.0, 224.0], [674.0, 162.0], [674.0, 188.0], [640.0, 459.99774011299434], [674.0, 459.0], [674.0, 441.0], [674.0, 206.0], [674.0, 189.0], [428.0, 188.59110042092604]], "weights": [[2.25], [2.25], [2.25], [2.25], [2.15], [2.15], [2.25], [2.25, 1.75], [2.15], [2.15, 5.55], [0.5], [0.5], [2.5, 2.25], [2.5], [3.65], [3.65], [1.75], [5.25], [5.25], [2.25], [2.25], [2.25], [2.5, 0.5], [2.5], [2.5], [2.5], [1.55, 2.25], [1.55, 0.75], [0.5], [0.5], [0.75], [0.75], [0.75], [0.7], [0.7], [0.85], [0.85], [0.5], [0.5], [2.55], [2.55], [2.25], [2.25], [5.55, 2.5], [2.25], [2.25], [2.25], [0.5], [1.5], [1.5], [0.6500000000000051], [0.6500000000000051], [2.5], [2.5], [2.5], [7.35], [7.35, 2.5], [2.5], [2.7], [2.7, 2.25], [2.25]], "edges": [[1], [0], [3], [2], [5], [4], [7], [6, 16], [9], [8, 43], [11], [10], [13, 19], [12], [15], [14], [7], [18], [17], [12], [21], [20], [23, 47], [22], [25], [24], [27, 44], [26, 30], [29], [28], [27], [32], [31], [34], [33], [36], [35], [38], [37], [40], [39], [42], [41], [9, 52], [26], [46], [45], [22], [49], [48], [51], [50], [43], [54], [53], [56], [55, 57], [56], [59], [58, 60], [59]]}