{"weights": [[2.25], [2.25], [2.25], [2.25], [2.5, 2.5], [2.5], [7.05], [7.05], [2.5], [1.5], [1.5, 2.25], [2.7, 0.8], [2.7], [4.9, 2.45], [4.9, 1.0], [2.5, 2.15, 2.35], [2.5], [1.9], [1.9], [2.25], [0.6], [0.6], [5.6], [5.6, 2.35], [2.5], [2.5], [2.55], [2.55], [1.0], [0.5], [0.5], [2.5], [2.5], [0.7], [0.7], [2.9], [2.9], [2.25], [2.25], [2.35, 2.6], [0.75], [0.75], [2.45], [2.35], [2.35], [0.8], [3.3], [3.3], [0.95], [0.95], [1.5], [1.5], [0.500000000000004], [0.500000000000004], [2.6], [2.15], [2.35], [2.25], [2.25, 2.25], [2.25]], "edges": [[1], [0], [3], [2], [5, 8], [4], [7], [6], [4], [10], [9, 19], [12, 45], [11], [14, 42], [13, 28], [16, 55, 56], [15], [18], [17], [10], [21], [20], [23], [22, 39], [25], [24], [27], [26], [14], [30], [29], [32], [31], [34], [33], [36], [35], [38], [37], [23, 54], [41], [40], [13], [44], [43], [11], [47], [46], [49], [48], [51], [50], [53], [52], [39], [15], [15], [58], [57, 59], [58]], "vertices": [[599.0, 41.98053527980535], [516.0, 41.98053527980535], [674.0, 41.99107142857143], [631.0, 41.99107142857143], [431.0, 460.0], [431.0, 229.0], [199.7319688109162, 321.0], [199.7319688109162, 131.0], [524.0, 460.0], [198.0, 99.0], [198.0, 42.0], [674.0, 129.0], [674.0, 42.0], [329.0, 422.0], [329.0, 351.0], [674.0, 188.0], [674.0, 162.0], [484.0, 41.92929292929293], [442.0, 41.92929292929293], [334.0, 42.0], [567.0, 142.0], [567.0, 44.0], [196.0, 188.0], [177.0, 188.0], [608.0, 460.0], [556.0, 460.0], [317.0, 190.57627118644066], [202.0, 190.57627118644066], [345.0, 351.0], [450.0, 105.0], [450.0, 45.0], [674.0, 403.0], [674.0, 378.0], [390.0, 350.4761904761905], [379.0, 350.4761904761905], [326.0, 363.0], [308.0, 363.0], [276.0, 363.01149425287355], [241.0, 363.01149425287355], [177.0, 224.0], [428.0, 350.5348837209302], [405.0, 350.5348837209302], [362.0, 422.0], [428.0, 421.8538461538462], [399.0, 421.8538461538462], [633.0, 129.0], [198.5, 365.0], [198.5, 352.0], [329.0, 350.51851851851853], [316.0, 350.51851851851853], [209.0, 225.0], [209.0, 214.0], [463.78, 143.22], [449.78, 129.22], [195.0, 224.0], [428.0, 188.02367346938775], [674.0, 206.0], [640.0, 459.9888268156425], [673.0, 459.0], [673.9746835443038, 441.0]]}