{"weights": [[0.5, 0.7], [0.5], [0.5], [0.5, 1.0], [0.8], [0.8, 0.9], [1.85], [1.85], [0.85], [0.85, 0.5], [1.5], [1.5], [0.5], [0.5, 0.5], [1.0, 1.15], [0.75], [0.75], [0.7], [1.8], [1.8], [1.15], [0.5], [0.5, 0.5], [0.5, 0.75], [0.5], [0.6], [0.6], [0.9], [1.2], [1.2], [1.15], [1.15], [0.5], [0.5], [0.75], [0.5], [2.55], [2.55, 0.5], [0.5]], "edges": [[1, 17], [0], [3], [2, 14], [5], [4, 27], [7], [6], [9], [8, 33], [11], [10], [13], [12, 32], [3, 20], [16], [15], [0], [19], [18], [14], [22], [21, 35], [24, 34], [23], [26], [25], [5], [29], [28], [31], [30], [13], [9], [23], [22], [37], [36, 38], [37]], "vertices": [[329.0, 484.0], [329.0, 379.0], [329.0, 310.0], [329.0, 254.0], [488.0, 498.0], [488.0, 484.0], [487.44, 267.0], [487.44, 253.0], [335.0, 52.0], [335.0, 15.0], [595.6363636363636, 449.0], [595.6363636363636, 411.0], [297.0, 15.0], [278.0, 15.0], [353.0, 254.0], [234.5121951219512, 137.0], [234.5121951219512, 116.0], [353.0, 484.0], [486.4021739130435, 330.0], [486.4021739130435, 303.0], [382.0, 254.0], [354.0, 153.0], [310.0, 153.0], [424.0, 484.0], [393.0, 484.0], [329.0, 359.0], [329.0, 330.0], [518.0, 484.0], [234.5, 73.0], [234.5, 52.0], [379.4166666666667, 203.0], [379.4166666666667, 189.0], [278.0, 52.0], [317.0, 15.0], [424.0, 498.0], [310.0, 137.0], [584.472602739726, 252.0], [584.0, 484.0], [549.0, 484.0]]}