{"vertices": [[330.80916030534354, 484.0], [330.80916030534354, 379.0], [331.0, 310.0], [331.0, 254.0], [331.0, 52.0], [331.0, 15.0], [330.80916030534354, 359.0], [330.80916030534354, 330.0], [353.0, 484.0], [331.0, 484.0], [424.0, 484.0], [393.0, 484.0], [518.0, 484.0], [487.0, 484.0], [487.0, 498.0], [486.8013698630137, 267.0], [486.8013698630137, 253.0], [486.8013698630137, 330.0], [486.8013698630137, 303.0], [595.6363636363636, 449.0], [595.6363636363636, 411.0], [297.0, 15.0], [278.0, 15.0], [317.0, 15.0], [353.0, 254.0], [382.0, 254.0], [234.50617283950618, 137.0], [234.50617283950618, 116.0], [234.50617283950618, 73.0], [234.50617283950618, 52.0], [354.0, 153.0], [310.0, 153.0], [379.4166666666667, 203.0], [379.4166666666667, 189.0], [278.0, 52.0], [424.0, 498.0], [310.0, 137.0], [584.472602739726, 252.0], [584.0, 484.0], [549.0, 484.0]], "weights": [[0.25], [0.25], [0.25], [0.25, 0.85], [0.25], [0.25, 0.5], [0.25], [0.25], [0.9], [0.9], [0.5, 0.9], [0.5], [1.0], [1.0, 0.8], [0.8], [1.85], [1.85], [1.55], [1.55], [7.75], [7.75], [0.5], [0.5, 0.5], [0.5], [0.85, 0.75], [0.75], [0.75], [0.75], [0.65], [0.65], [0.5], [0.5, 0.9], [1.25], [1.25], [0.5], [0.9], [0.9], [0.75], [0.75, 0.9], [0.9]], "edges": [[1], [0], [3], [2, 24], [5], [4, 23], [7], [6], [9], [8], [11, 35], [10], [13], [12, 14], [13], [16], [15], [18], [17], [20], [19], [22], [21, 34], [5], [3, 25], [24], [27], [26], [29], [28], [31], [30, 36], [33], [32], [22], [10], [31], [38], [37, 39], [38]]}