{"weights": [[1.25], [1.25], [1.25], [1.25], [3.25], [3.25], [3.05], [3.05], [1.25], [1.25, 1.1], [1.5, 1.5], [1.5], [3.45], [3.45, 3.5], [4.7], [4.7, 1.2, 1.4], [1.0], [1.0, 1.5], [1.5], [1.5], [1.1], [1.5], [1.5], [1.0], [1.0], [3.2], [3.2], [2.75], [2.75, 2.2], [1.25], [1.25], [1.5], [1.5], [1.2], [1.65], [1.65], [4.05], [4.05], [3.5], [0.25], [0.25], [5.05], [5.05], [0.9], [0.9], [2.75], [2.75], [2.55], [2.55], [1.4], [2.2], [1.5], [1.5], [1.3], [1.3], [1.1], [1.1, 1.1, 1.2], [1.1], [1.2], [1.4], [1.4, 1.5], [0.6], [0.6, 1.5], [1.5], [1.2], [1.2, 1.5]], "edges": [[1], [0], [3], [2], [5], [4], [7], [6], [9], [8, 20], [11, 22], [10], [13], [12, 38], [15], [14, 33, 49], [17], [16, 21], [19], [18], [9], [17], [10], [24], [23], [26], [25], [28], [27, 50], [30], [29], [32], [31], [15], [35], [34], [37], [36], [13], [40], [39], [42], [41], [44], [43], [46], [45], [48], [47], [15], [28], [52], [51], [54], [53], [56], [55, 57, 58], [56], [56], [60], [59, 65], [62], [61, 63], [62], [65], [64, 60]], "vertices": [[207.99604743083003, 277.0], [207.99604743083003, 191.0], [207.996699669967, 518.0], [207.996699669967, 417.0], [485.9974293059126, 452.0], [485.9974293059126, 319.0], [454.0, 31.645061728395063], [305.0, 31.645061728395063], [208.0, 163.0], [208.0, 32.0], [312.0, 518.0], [312.0, 418.0], [312.0, 315.0], [208.0, 315.0], [262.0, 367.0], [208.0, 367.0], [606.0, 369.0], [606.0, 287.0], [423.0, 398.0], [423.0, 343.0], [282.0, 32.0], [570.0, 287.0], [286.0, 518.0], [541.0, 398.0], [488.0, 398.0], [425.0, 423.0], [414.0, 423.0], [606.0, 450.0], [516.0, 456.0], [495.0, 286.96774193548384], [462.0, 286.96774193548384], [233.0, 518.0], [208.0, 518.0], [208.0, 396.0], [418.86021505376345, 246.0], [418.86021505376345, 220.0], [454.0, 70.0], [454.0, 32.0], [208.0, 332.0], [535.0, 452.0], [486.0, 452.0], [314.909604519774, 55.0], [314.909604519774, 33.0], [304.0, 389.0], [291.0, 389.0], [228.0, 203.4851485148515], [210.0, 203.4851485148515], [228.0, 264.4752475247525], [210.0, 264.4752475247525], [208.0, 354.0], [573.0, 456.0], [418.0, 166.0], [418.0, 155.0], [265.0, 518.0], [255.0, 518.0], [606.6052631578947, 414.0], [606.0, 398.0], [606.6052631578947, 390.0], [568.0, 398.0], [606.5, 432.0], [606.0, 447.0], [359.0, 152.2941176470588], [454.0, 152.0], [454.0, 133.0], [574.5, 434.0], [574.0, 447.0]]}