{"vertices": [[207.99818511796732, 277.0], [207.99818511796732, 191.0], [207.99818511796732, 518.0], [207.99818511796732, 417.0], [208.0, 163.0], [208.0, 32.0], [207.99818511796732, 396.0], [207.99818511796732, 368.0], [208.0, 332.0], [208.0, 315.0], [207.99818511796732, 367.0], [207.99818511796732, 354.0], [485.9974293059126, 450.0], [485.9974293059126, 319.0], [454.0, 31.60042735042735], [305.0, 31.60042735042735], [282.0, 32.0], [313.0774058577406, 55.0], [313.0774058577406, 33.0], [312.0, 315.0], [607.0, 414.0], [607.0, 397.0], [607.0, 369.0], [607.0, 287.0], [262.0, 367.0], [208.0, 367.0], [421.1118881118881, 398.0], [421.1118881118881, 343.0], [421.1118881118881, 246.0], [421.1118881118881, 220.0], [421.1118881118881, 166.0], [421.1118881118881, 155.0], [607.0, 286.984693877551], [570.0, 286.984693877551], [495.0, 286.984693877551], [462.0, 286.984693877551], [233.0, 518.0], [208.0, 518.0], [265.0, 518.0], [255.0, 518.0], [541.0, 396.875], [488.0, 396.875], [607.0, 396.875], [568.0, 396.875], [304.0, 396.875], [291.0, 396.875], [425.0, 423.0], [414.0, 423.0], [607.0, 453.57664233576645], [557.0, 453.57664233576645], [535.0, 450.0], [486.0, 450.0], [454.0, 70.0], [454.0, 32.0], [518.0, 450.0], [228.0, 203.4851485148515], [210.0, 203.4851485148515], [228.0, 264.4752475247525], [210.0, 264.4752475247525], [313.0774058577406, 418.0], [313.0, 518.0], [286.0, 518.0], [606.5166666666667, 432.0], [606.0, 447.0], [359.0, 152.2941176470588], [453.0, 152.0], [453.9935897435897, 133.0], [574.5, 434.0], [574.0, 447.0]], "weights": [[1.25], [1.25], [1.25], [1.25], [1.25], [1.25, 0.7500000000000014], [1.3], [1.3], [3.75], [3.75, 0.75], [1.35], [1.35], [1.5], [1.5], [1.0500000000000012], [1.0500000000000012], [0.7500000000000014], [3.85], [3.85], [0.75], [1.4], [1.4], [0.75], [0.75], [0.5], [0.5], [0.5], [0.5], [1.7], [1.7], [0.3], [0.3], [1.45], [1.45], [1.55], [1.55], [1.5], [1.5], [1.5], [1.5], [0.25], [0.25], [0.25], [0.25], [0.25], [0.25], [3.0], [3.0], [0.35], [0.35], [0.25], [0.25, 1.6], [1.95], [1.95], [1.6], [2.45], [2.45], [2.95], [2.95], [0.5], [0.5, 1.3], [1.3], [1.05], [1.05, 2.5], [0.65], [0.65, 0.95], [0.95], [1.0], [1.0, 2.5]], "edges": [[1], [0], [3], [2], [5], [4, 16], [7], [6], [9], [8, 19], [11], [10], [13], [12], [15], [14], [5], [18], [17], [9], [21], [20], [23], [22], [25], [24], [27], [26], [29], [28], [31], [30], [33], [32], [35], [34], [37], [36], [39], [38], [41], [40], [43], [42], [45], [44], [47], [46], [49], [48], [51], [50, 54], [53], [52], [51], [56], [55], [58], [57], [60], [59, 61], [60], [63], [62, 68], [65], [64, 66], [65], [68], [67, 63]]}