{"vertices": [[295.470298259649, 375.00066944201575], [295.470298259649, 181.99885156253927], [296.0, 492.0], [296.0, 415.0], [523.0, 219.0], [523.0, 48.0], [207.02086137281293, 336.0], [207.02086137281293, 221.0], [207.0, 186.0], [207.0, 132.0], [467.0, 214.0], [391.0, 214.0], [481.046875, 181.95312500000003], [523.0, 47.59186189889026], [454.0, 47.59186189889026], [364.0, 48.0], [295.0, 48.0], [415.0, 47.59186189889026], [404.0, 47.59186189889026], [364.0, 492.0], [414.0, 492.40857503152586], [404.0, 492.40857503152586], [292.0, 280.02680067001677], [208.0, 280.02680067001677], [611.0, 280.0], [523.0, 280.0], [333.0, 280.02680067001677], [298.0, 280.02680067001677], [453.0, 280.02680067001677], [419.0, 280.02680067001677], [480.43902439024396, 324.43902439024396], [515.439024390244, 289.43902439024396], [292.0, 425.4451827242525], [263.0, 425.4451827242525], [417.5, 250.0], [417.5, 218.0], [456.0, 293.0], [418.0, 293.0], [335.0, 292.9685230024213], [298.0, 292.9685230024213], [467.0, 293.0], [388.24999999999994, 322.24999999999994], [364.5, 322.5], [335.0, 293.0], [267.75, 387.25], [366.7560975609756, 190.2439024390244], [295.0, 141.0011849149145], [295.0, 132.0], [523.0, 492.0], [454.0, 492.40857503152586], [207.02086137281293, 371.0], [207.0, 425.0], [233.0, 425.0], [673.0, 219.0], [673.0, 258.0], [299.0, 214.46711409395974], [323.0, 214.0], [336.0, 201.0], [456.46153846153845, 218.0], [456.0, 253.0], [526.0, 342.50285062713795], [673.0, 342.0], [673.4390756302521, 299.0], [466.0, 280.02680067001677], [456.0, 280.0], [297.0, 253.5], [456.0, 254.0]], "weights": [[2.7500000000000098], [2.7500000000000098], [2.7500000000000098, 2.85], [2.7500000000000098, 0.500000000000004], [2.75, 0.7000000000000016, 2.75], [2.75], [1.5], [1.5], [1.5], [1.5, 2.85], [1.5], [1.5, 0.500000000000004], [0.7000000000000016], [2.85], [2.85], [2.75], [2.75, 2.7500000000000098], [1.7], [1.7], [2.85], [1.75], [1.75], [3.05], [3.05], [2.75], [2.75, 2.75], [0.25], [0.25], [0.25], [0.25], [0.5500000000000044], [0.5500000000000044], [2.85], [2.85], [3.4], [3.4], [2.75, 1.5, 3.05], [2.75, 0.5500000000000044], [2.75], [2.75], [1.5], [0.5500000000000044], [0.8000000000000064], [0.8000000000000064], [0.500000000000004], [0.500000000000004], [2.7500000000000098], [2.7500000000000098, 2.7500000000000098, 2.85], [2.75, 2.85], [2.85], [4.7], [4.7, 2.95], [2.95], [2.75, 2.4], [2.4], [2.3], [2.3, 0.500000000000004], [0.500000000000004], [2.75], [2.75], [3.1], [3.1, 2.85], [2.85], [1.5], [1.5, 3.05, 3.05], [3.3], [3.3, 3.05]], "edges": [[1], [0], [3, 19], [2, 44], [5, 12, 53], [4], [7], [6], [9], [8, 47], [11], [10, 45], [4], [14], [13], [16], [15, 47], [18], [17], [2], [21], [20], [23], [22], [25], [24, 48], [27], [26], [29], [28], [31], [30], [33], [32], [35], [34], [37, 40, 64], [36, 41], [39], [38], [36], [37], [43], [42], [3], [11], [47], [46, 16, 9], [25, 49], [48], [51], [50, 52], [51], [4, 54], [53], [56], [55, 57], [56], [59], [58], [61], [60, 62], [61], [64], [63, 36, 66], [66], [65, 64]]}