{"weights": [[5.250000000000002], [5.250000000000002], [2.75, 2.6499999999999995, 2.85], [2.75], [2.85, 2.75], [2.85, 0.500000000000004], [3.15], [3.15], [2.75], [2.75, 2.75], [5.15], [5.15], [2.6499999999999995], [2.85], [2.85], [2.75], [2.75, 3.35], [7.15], [7.15], [2.65], [2.65, 0.500000000000004], [2.75], [3.55], [3.55], [2.75], [2.75, 1.5], [1.100000000000001], [1.100000000000001], [2.85], [2.85], [3.5], [3.5], [2.55, 3.4, 2.75], [2.55, 0.5500000000000044], [3.4], [2.65], [2.65], [0.5500000000000044], [0.500000000000004], [0.500000000000004], [2.15], [2.15], [2.3], [2.3], [1.5, 2.75], [2.75], [3.35], [3.35, 3.35, 2.75], [2.85, 2.85], [2.85], [3.1], [3.1], [2.75], [2.75, 3.25], [3.25], [2.75, 3.0], [3.0], [2.65], [2.65, 0.500000000000004], [0.500000000000004], [2.1], [2.1, 0.500000000000004], [0.500000000000004]], "edges": [[1], [0], [3, 12, 48], [2], [5, 21], [4, 38], [7], [6], [9], [8, 47], [11], [10], [2], [14], [13], [16], [15, 47], [18], [17], [20], [19, 39], [4], [23], [22], [25], [24, 44], [27], [26], [29], [28], [31], [30], [33, 34, 55], [32, 37], [32], [36], [35], [33], [5], [20], [41], [40], [43], [42], [25, 45], [44], [47], [46, 16, 9], [2, 49], [48], [51], [50], [53], [52, 54], [53], [32, 56], [55], [58], [57, 59], [58], [61], [60, 62], [61]], "vertices": [[295.4386212130268, 375.00120900017396], [295.4386212130268, 181.9978849913524], [523.0, 219.0], [523.0, 48.0], [295.0, 492.0], [295.0, 415.0], [207.42344497607655, 336.0], [207.42344497607655, 221.0], [206.0, 186.0], [206.0, 132.0], [206.53614457831324, 425.0], [206.53614457831324, 371.0], [481.046875, 181.95312500000003], [523.0, 47.55038759689923], [454.0, 47.55038759689923], [364.0, 48.0], [296.0, 48.0], [673.0, 343.9230769230769], [643.0, 343.9230769230769], [467.0, 214.0], [391.0, 214.0], [364.0, 492.0], [292.0, 279.14144736842104], [208.0, 279.14144736842104], [611.0, 280.0], [523.0, 280.0], [480.43902439024396, 324.43902439024396], [515.439024390244, 289.43902439024396], [292.0, 425.4470588235294], [263.0, 425.4470588235294], [417.5, 250.0], [417.5, 218.0], [456.0, 292.0], [418.0, 292.0], [467.0, 292.0], [233.0, 425.0], [207.0, 425.0], [388.24999999999994, 322.24999999999994], [267.75, 387.25], [366.7560975609756, 190.2439024390244], [415.0, 48.46341463414634], [404.0, 48.46341463414634], [414.0, 490.5], [404.0, 490.5], [523.0, 492.0], [454.0, 492.44935064935066], [296.0, 141.0], [296.0, 132.0], [673.0, 219.0], [673.0, 258.0], [456.5, 218.0], [456.0, 253.0], [526.0, 342.33842239185753], [673.0, 342.0], [673.4345991561181, 299.0], [456.0, 254.0], [297.0, 253.5], [298.0, 292.48837209302326], [334.0, 292.0], [364.5, 322.5], [299.0, 214.38732394366198], [323.0, 214.0], [336.0, 201.0]]}