{"weights": [[1.85], [1.85], [1.5, 1.5], [1.5], [1.5], [1.5], [3.85], [3.85], [1.5], [1.5], [1.75], [1.75], [0.6], [0.6], [1.0], [1.0], [7.9], [7.9], [2.45], [2.45], [3.55], [3.55], [1.5], [1.5], [1.5], [1.8], [1.8], [1.5], [1.5], [1.4], [1.4], [1.5], [1.5], [1.5], [1.5], [4.75, 6.35], [4.75, 4.6999999999999975], [1.25], [1.25], [2.3], [2.3], [4.35], [4.35], [6.35, 4.6999999999999975], [1.5], [1.5, 2.0], [2.0], [3.45], [3.45, 1.1], [1.1], [3.95], [3.95, 1.0], [1.0], [1.8], [1.8, 3.05], [3.05], [1.75], [1.75, 0.6], [0.6]], "edges": [[1], [0], [3, 22], [2], [5], [4], [7], [6], [9], [8], [11], [10], [13], [12], [15], [14], [17], [16], [19], [18], [21], [20], [2], [24], [23], [26], [25], [28], [27], [30], [29], [32], [31], [34], [33], [36, 43], [35, 43], [38], [37], [40], [39], [42], [41], [35, 36], [45], [44, 46], [45], [48], [47, 49], [48], [51], [50, 52], [51], [54], [53, 55], [54], [57], [56, 58], [57]], "vertices": [[618.4112903225806, 359.0], [618.4112903225806, 239.0], [232.0, 536.0], [232.0, 431.0], [398.0, 89.0], [316.0, 89.0], [615.3849206349206, 171.0], [615.3849206349206, 118.0], [232.0, 188.0], [232.0, 119.0], [209.50602409638554, 321.0], [209.50602409638554, 259.0], [333.0, 549.0], [302.0, 549.0], [264.5, 377.0], [264.5, 319.0], [605.3214285714286, 139.0], [605.3214285714286, 124.0], [252.0, 89.01612903225806], [231.0, 89.01612903225806], [548.0, 360.8853754940711], [514.0, 360.8853754940711], [259.0, 536.0], [611.0, 89.0], [576.0, 89.0], [407.0, 378.5], [388.0, 378.5], [478.0, 89.0], [461.0, 89.0], [235.0, 215.02564102564102], [208.0, 215.02564102564102], [605.2833333333333, 166.0], [605.2833333333333, 150.0], [607.0, 358.0], [592.0, 358.0], [296.0, 317.0], [279.0, 317.0], [342.9811320754717, 281.0], [342.9811320754717, 263.0], [618.0, 215.0], [618.0, 194.0], [440.2560975609756, 280.0], [440.2560975609756, 264.0], [296.0, 300.0], [232.0, 407.0], [232.0, 321.0], [210.0, 321.0], [275.0, 536.0125], [301.0, 536.0], [301.0, 549.0], [474.8333333333333, 354.0], [474.0, 378.0], [453.0, 378.5], [471.9756097560976, 227.0], [471.0, 248.0], [456.0, 248.32467532467533], [387.5176470588235, 527.0], [387.0, 549.0], [357.0, 549.0]]}