{"vertices": [[616.5503875968992, 359.0], [616.5503875968992, 239.0], [616.5503875968992, 171.0], [616.5503875968992, 118.0], [616.5503875968992, 215.0], [616.5503875968992, 194.0], [232.0, 407.0], [232.0, 319.0], [231.9987244897959, 536.0], [231.9987244897959, 431.0], [231.9987244897959, 188.0], [231.9987244897959, 119.0], [398.0, 89.00217391304348], [316.0, 89.00217391304348], [252.0, 89.00217391304348], [231.0, 89.00217391304348], [611.0, 89.00217391304348], [576.0, 89.00217391304348], [478.0, 89.00217391304348], [461.0, 89.00217391304348], [209.50602409638554, 319.0], [209.50602409638554, 259.0], [333.0, 549.0], [298.0, 549.0], [264.5, 377.0], [264.5, 319.0], [548.0, 360.4496644295302], [514.0, 360.4496644295302], [607.0, 360.4496644295302], [592.0, 360.4496644295302], [259.0, 536.0], [232.0, 536.0], [473.1102941176471, 256.0], [473.1102941176471, 227.0], [407.0, 378.5], [388.0, 378.5], [235.0, 215.02564102564102], [208.0, 215.02564102564102], [604.1802325581396, 138.0], [604.1802325581396, 124.0], [604.1802325581396, 166.0], [604.1802325581396, 152.0], [298.0, 319.0], [277.0, 319.0], [210.0, 319.0], [342.9811320754717, 281.0], [342.9811320754717, 263.0], [440.2560975609756, 280.0], [440.2560975609756, 264.0], [298.0, 298.0], [470.0, 248.32467532467533], [456.0, 248.32467532467533], [357.0, 549.0], [387.0, 549.0], [387.5176470588235, 527.0], [275.0, 536.0065359477125], [298.0, 536.0], [473.1102941176471, 354.0], [473.0, 378.0], [453.0, 378.5]], "weights": [[1.2], [1.2], [7.0], [7.0], [1.9], [1.9], [1.25], [1.25, 0.5], [1.25], [1.25], [1.25], [1.25], [1.25], [1.25], [1.9], [1.9], [1.25], [1.25], [1.25], [1.25], [1.75], [1.75], [0.7], [0.7, 0.3], [1.2], [1.2], [3.05], [3.05], [0.5], [0.5], [1.35], [1.35], [0.45], [0.45], [1.0], [1.0], [1.95], [1.95], [1.5], [1.5], [1.5], [1.5], [1.9, 0.25], [1.9, 6.150000000000009], [0.5], [1.25], [1.25], [4.1], [4.1], [0.25, 6.150000000000009], [3.8500000000000028], [3.8500000000000028], [0.5], [0.5, 1.45], [1.45], [2.35], [2.35, 0.3], [0.5], [0.5, 1.0], [1.0]], "edges": [[1], [0], [3], [2], [5], [4], [7], [6, 44], [9], [8], [11], [10], [13], [12], [15], [14], [17], [16], [19], [18], [21], [20], [23], [22, 56], [25], [24], [27], [26], [29], [28], [31], [30], [33], [32], [35], [34], [37], [36], [39], [38], [41], [40], [43, 49], [42, 49], [7], [46], [45], [48], [47], [42, 43], [51], [50], [53], [52, 54], [53], [56], [55, 23], [58], [57, 59], [58]]}