{"weights": [[8.4], [8.4], [5.25], [5.25], [5.25], [5.25], [4.75], [4.75], [5.25], [5.25, 5.5], [5.35], [5.35], [5.25], [5.25], [1.6], [1.6], [1.5, 7.55], [1.5], [1.75], [1.75], [5.25], [5.25], [6.15, 6.3], [6.15, 1.5], [1.75], [1.75, 1.5], [5.25], [5.25, 7.55, 5.25], [6.85], [6.85], [1.65], [1.65], [0.65], [0.65], [1.0], [1.0], [5.7], [5.7], [1.35], [1.35], [0.75], [0.75], [1.7, 1.35], [1.7], [5.5, 6.3, 6.3], [1.5, 1.5, 6.3], [5.25], [1.35, 1.75], [1.75], [1.95], [1.95, 1.6], [1.6], [7.1], [7.1, 1.75], [6.3, 6.3, 1.75, 1.75], [1.75]], "edges": [[1], [0], [3], [2], [5], [4], [7], [6], [9], [8, 44], [11], [10], [13], [12], [15], [14], [17, 27], [16], [19], [18], [21], [20], [23, 44], [22, 45], [25], [24, 45], [27], [26, 16, 46], [29], [28], [31], [30], [33], [32], [35], [34], [37], [36], [39], [38], [41], [40], [43, 47], [42], [9, 22, 54], [23, 25, 54], [27], [42, 48], [47], [50], [49, 51], [50], [53], [52, 54], [44, 45, 55, 53], [54]], "vertices": [[723.4990701606087, 526.0], [723.4990701606087, 33.0], [607.0, 38.016129032258064], [515.0, 38.016129032258064], [470.0, 38.02795031055901], [440.0, 38.02795031055901], [243.0, 38.03448275862069], [186.0, 38.03448275862069], [153.0, 38.0], [99.0, 38.0], [717.0, 37.96234939759036], [656.0, 37.96234939759036], [173.0, 521.0], [99.0, 521.0], [259.0, 149.0], [105.0, 149.0], [311.0, 90.0], [275.0, 90.0], [180.0, 266.494983277592], [105.0, 266.494983277592], [338.0, 521.2366013071895], [271.0, 521.2366013071895], [90.0, 517.0], [410.0, 523.0], [464.0, 208.0], [410.0, 208.0], [343.0, 38.0], [311.0, 38.0], [240.0, 90.0], [194.0, 90.0], [193.5438596491228, 90.0], [193.5438596491228, 44.0], [163.58333333333334, 405.0], [163.58333333333334, 389.0], [602.4, 374.0], [602.4, 359.0], [717.0, 521.0], [694.0, 521.0], [569.990099009901, 205.0], [569.990099009901, 171.0], [566.4666666666667, 374.0], [566.4666666666667, 358.0], [311.0, 149.0], [294.0, 149.0], [99.0, 517.0], [410.0, 517.0], [276.0, 38.02801120448179], [311.0, 207.0], [225.0, 207.51038575667656], [717.0, 207.0], [517.0, 207.0], [517.009900990099, 171.0], [326.0, 529.0], [340.0, 529.0], [341.0, 517.0], [340.50488599348535, 452.0]]}