{"vertices": [[723.4990701606087, 526.0], [723.4990701606087, 33.0], [99.0, 521.0], [99.0, 38.0], [410.0, 521.0], [410.0, 208.0], [607.0, 38.012942419440044], [515.0, 38.012942419440044], [470.0, 38.012942419440044], [440.0, 38.012942419440044], [243.0, 38.012942419440044], [186.0, 38.012942419440044], [153.0, 38.0], [717.0, 38.012942419440044], [656.0, 38.012942419440044], [343.0, 38.0], [311.0, 38.0], [464.0, 208.0], [340.50488599348535, 529.0], [340.50488599348535, 452.0], [173.0, 521.0], [338.0, 521.2616279069767], [271.0, 521.2616279069767], [435.0, 521.0], [717.0, 521.2616279069767], [694.0, 521.2616279069767], [259.0, 149.0], [105.0, 149.0], [311.0, 149.0], [294.0, 149.0], [240.0, 90.0], [194.0, 90.0], [180.0, 266.494983277592], [105.0, 266.494983277592], [193.5438596491228, 90.0], [193.5438596491228, 44.0], [163.58333333333334, 405.0], [163.58333333333334, 389.0], [602.4, 374.0], [602.4, 359.0], [569.1832061068702, 205.0], [569.1832061068702, 171.0], [569.1832061068702, 374.0], [569.1832061068702, 358.0], [276.0, 38.012942419440044], [311.0, 207.0], [225.0, 207.50255288110867], [717.0, 208.0], [517.0, 208.0], [517.009900990099, 171.0], [275.0, 90.0790513833992], [311.0, 90.0]], "weights": [[6.1], [6.1], [5.5, 5.45], [5.5, 4.45], [2.3, 5.75], [2.3, 1.75], [4.65], [4.65], [5.25], [5.25], [1.5], [1.5], [4.45], [5.35], [5.35], [5.45], [5.45, 5.35, 7.35], [1.75], [1.5], [1.5], [5.45], [5.25], [5.25], [5.75], [5.45], [5.45], [1.7], [1.7], [1.6, 1.25], [1.6], [1.25], [1.25], [1.65], [1.65], [1.55], [1.55], [0.8], [0.8], [1.1], [1.1], [1.25], [1.25], [0.25], [0.25], [5.35], [1.25, 1.5], [1.5], [2.15], [2.15, 1.25], [1.25], [1.45], [1.45, 7.35]], "edges": [[1], [0], [3, 20], [2, 12], [5, 23], [4, 17], [7], [6], [9], [8], [11], [10], [3], [14], [13], [16], [15, 44, 51], [5], [19], [18], [2], [22], [21], [4], [25], [24], [27], [26], [29, 45], [28], [31], [30], [33], [32], [35], [34], [37], [36], [39], [38], [41], [40], [43], [42], [16], [28, 46], [45], [48], [47, 49], [48], [51], [50, 16]]}