{"vertices": [[81.01300390117035, 339.0], [81.01300390117035, 286.0], [445.0, 475.98557258791703], [347.0, 475.98557258791703], [291.0, 475.98557258791703], [272.0, 475.98557258791703], [223.0, 475.98557258791703], [172.0, 475.98557258791703], [114.0, 105.00322580645161], [40.0, 105.00322580645161], [192.0, 105.00322580645161], [141.0, 105.00322580645161], [20.0, 248.0], [20.0, 125.0], [802.0, 62.0], [611.0, 62.0], [698.0, 320.26909518213864], [608.0, 320.26909518213864], [804.0, 320.26909518213864], [731.0, 320.26909518213864], [376.0, 320.26909518213864], [359.0, 320.26909518213864], [583.0, 320.26909518213864], [573.0, 320.26909518213864], [224.9825, 184.0], [224.9825, 103.0], [611.0, 132.0], [562.0, 130.0], [513.0, 130.0], [80.0, 248.0], [558.0, 376.0], [558.0, 354.0], [484.0, 448.0115606936416], [467.0, 448.0115606936416], [376.0, 329.5], [359.0, 329.5], [802.0251572327044, 168.0], [802.0251572327044, 147.0], [802.0, 76.0], [111.0, 201.0], [111.0, 181.0], [376.0, 296.5], [360.0, 296.5], [579.0, 354.0], [81.01300390117035, 375.0], [81.0, 476.0], [140.0, 476.0], [558.0055555555556, 433.0], [558.0, 448.0], [540.0, 448.0115606936416], [513.0, 168.0], [495.0, 168.04819277108433]], "weights": [[2.25], [2.25], [2.15], [2.15], [2.55], [2.55], [1.9], [1.9], [2.25], [2.25], [2.25], [2.25], [1.5, 2.2], [1.5], [2.0, 2.25], [2.0, 3.0], [2.45], [2.45], [2.25], [2.25], [0.25], [0.25], [2.15], [2.15], [2.45], [2.45], [3.0], [6.05], [6.05, 2.35], [2.2], [2.25], [2.25, 2.25], [2.7], [2.7], [2.4], [2.4], [2.25], [2.25], [2.25], [0.7], [0.7], [2.0], [2.0], [2.25], [2.45], [2.45, 2.35], [2.35], [2.5], [2.5, 4.65], [4.65], [2.35, 2.8], [2.8]], "edges": [[1], [0], [3], [2], [5], [4], [7], [6], [9], [8], [11], [10], [13, 29], [12], [15, 38], [14, 26], [17], [16], [19], [18], [21], [20], [23], [22], [25], [24], [15], [28], [27, 50], [12], [31], [30, 43], [33], [32], [35], [34], [37], [36], [14], [40], [39], [42], [41], [31], [45], [44, 46], [45], [48], [47, 49], [48], [28, 51], [50]]}