{"weights": [[2.25], [2.25], [2.9, 2.0], [2.9], [2.35], [2.35], [2.0, 2.5], [2.0, 2.5], [2.25], [2.25], [2.5], [2.5], [2.45], [2.45], [3.35], [3.35], [2.25], [2.25], [2.65], [2.65], [2.5], [2.25], [2.25], [2.35], [2.35, 2.55], [2.0], [4.3], [4.3, 2.35], [2.45], [2.45], [1.75], [1.75], [2.25], [2.25], [1.5], [1.5], [2.0], [2.0], [2.35], [2.5], [2.8], [2.8], [2.35], [2.35, 2.45], [2.45], [2.55, 3.05], [3.05], [2.65], [2.65, 2.35], [2.35]], "edges": [[1], [0], [3, 25], [2], [5], [4], [7, 39], [6, 20], [9], [8], [11], [10], [13], [12], [15], [14], [17], [16], [19], [18], [7], [22], [21], [24], [23, 45], [2], [27], [26, 38], [29], [28], [31], [30], [33], [32], [35], [34], [37], [36], [27], [6], [41], [40], [43], [42, 44], [43], [24, 46], [45], [48], [47, 49], [48]], "vertices": [[114.0, 105.00542005420054], [40.0, 105.00542005420054], [20.0, 248.0], [20.0, 125.0], [81.0234375, 339.0], [81.0234375, 286.0], [802.0, 62.0], [611.0, 62.0], [698.0, 319.99107142857144], [608.0, 319.99107142857144], [192.0, 105.0], [141.0, 105.0], [224.9825, 184.0], [224.9825, 103.0], [804.0, 319.9861111111111], [731.0, 319.9861111111111], [445.0, 475.98973305954826], [347.0, 475.98973305954826], [291.0, 475.96774193548384], [272.0, 475.96774193548384], [611.0, 132.0], [223.0, 475.9800796812749], [172.0, 475.9800796812749], [562.0, 130.0], [513.0, 130.0], [80.0, 248.0], [558.0, 376.0], [558.0, 354.0], [484.0, 447.98765432098764], [467.0, 447.98765432098764], [376.0, 328.5223880597015], [359.0, 328.5223880597015], [802.039603960396, 168.0], [802.039603960396, 147.0], [111.0, 201.0], [111.0, 181.0], [376.0, 296.5], [360.0, 296.5], [579.0, 354.0], [802.0, 76.0], [583.0, 319.0], [573.0, 319.0], [81.00779727095517, 375.0], [81.0, 476.0], [140.0, 476.0], [513.0, 168.0], [495.0, 168.04819277108433], [540.0, 448.0326086956522], [558.0, 448.0], [558.016129032258, 433.0]]}