{"weights": [[1.75], [1.75], [1.75], [1.75], [1.75], [1.75], [2.35], [2.35], [2.0], [2.0], [0.25], [0.25], [1.75], [1.75], [2.5], [2.5], [1.55], [1.55], [2.05], [2.05], [1.55], [1.55], [2.250000000000018], [2.250000000000018], [1.8500000000000008], [1.8500000000000008], [2.0], [2.0, 1.75], [1.75], [1.85], [1.85, 2.7], [2.7], [1.95], [1.95, 1.75], [1.75]], "edges": [[1], [0], [3], [2], [5], [4], [7], [6], [9], [8], [11], [10], [13], [12], [15], [14], [17], [16], [19], [18], [21], [20], [23], [22], [25], [24], [27], [26, 28], [27], [30], [29, 31], [30], [33], [32, 34], [33]], "vertices": [[614.4964394710071, 326.0], [614.4964394710071, 79.0], [210.5021770682148, 393.0], [210.5021770682148, 222.0], [210.49744463373082, 157.0], [210.49744463373082, 10.0], [476.0, 539.53125], [451.0, 539.53125], [331.0, 11.5], [240.0, 11.5], [342.0, 396.99686520376173], [268.0, 396.99686520376173], [242.0, 393.0], [211.0, 393.0], [396.5, 126.0], [396.5, 115.0], [509.5625, 92.0], [509.5625, 79.0], [452.475, 408.0], [452.475, 387.0], [541.0, 60.588235294117645], [527.0, 60.588235294117645], [381.1126126126126, 274.8873873873874], [362.6126126126126, 256.3873873873874], [597.0, 61.027027027027025], [584.0, 61.027027027027025], [614.5, 344.0], [614.0, 539.0], [529.0, 539.5730994152046], [361.49723756906076, 42.0], [361.0, 85.0], [398.0, 85.0], [407.49, 353.0], [407.0, 400.0], [373.0, 400.51181102362204]]}