{"vertices": [[614.4980214810628, 326.0], [614.4980214810628, 79.0], [210.5, 157.0], [210.5, 10.0], [476.0, 539.5639269406392], [451.0, 539.5639269406392], [331.0, 11.5], [240.0, 11.5], [342.0, 397.0730837789661], [268.0, 397.0730837789661], [406.9431279620853, 126.0], [406.9431279620853, 115.0], [396.0, 126.0], [396.0, 115.0], [509.5625, 92.0], [509.5625, 79.0], [452.475, 408.0], [452.475, 387.0], [541.0, 60.77272727272727], [527.0, 60.77272727272727], [597.0, 60.77272727272727], [584.0, 60.77272727272727], [381.1126126126126, 274.8873873873874], [362.6126126126126, 256.3873873873874], [614.4980214810628, 344.0], [614.0, 539.0], [529.0, 539.5639269406392], [210.5, 222.0], [210.0, 397.0], [242.0, 397.0], [373.0, 397.0730837789661], [406.0, 397.0], [406.9431279620853, 353.0], [361.49723756906076, 42.0], [361.0, 85.0], [398.0, 85.0]], "weights": [[1.75], [1.75], [2.1], [2.1], [1.75], [1.75], [2.0], [2.0], [0.25], [0.25], [0.25], [0.25], [2.1], [2.1], [1.85], [1.85], [2.15], [2.15], [2.0500000000000007], [2.0500000000000007], [1.85], [1.85], [2.9500000000000157], [2.9500000000000157], [1.75], [1.75, 1.75], [1.75], [2.0], [2.0, 0.25], [0.25], [0.25], [0.25, 2.05], [2.05], [5.35], [5.35, 2.45], [2.45]], "edges": [[1], [0], [3], [2], [5], [4], [7], [6], [9], [8], [11], [10], [13], [12], [15], [14], [17], [16], [19], [18], [21], [20], [23], [22], [25], [24, 26], [25], [28], [27, 29], [28], [31], [30, 32], [31], [34], [33, 35], [34]]}