{"weights": [[0.75], [0.75, 1.5], [1.0], [1.0, 1.5], [3.85], [3.85], [1.5], [1.25], [1.25], [4.6], [4.6], [7.25], [7.25, 4.25], [7.25], [7.25], [4.25], [4.25], [1.5], [1.0], [1.0], [1.2, 1.2], [1.2, 1.5], [4.25], [1.5], [1.5], [1.25], [1.25], [1.5], [1.2], [0.6], [0.6], [1.8], [1.8, 4.25], [4.25], [7.05], [7.05, 4.35], [4.35], [4.25], [4.25, 4.25, 2.65], [4.25], [2.65], [1.25], [1.25, 6.25], [6.25], [0.8], [0.8, 1.25], [1.25]], "edges": [[1], [0, 6], [3], [2, 17], [5], [4], [1], [8], [7], [10], [9], [12], [11, 22], [14], [13], [16], [15], [3], [19], [18], [21, 28], [20, 27], [12], [24], [23], [26], [25], [21], [20], [30], [29], [32], [31, 33], [32], [35], [34, 36], [35], [38], [37, 39, 40], [38], [38], [42], [41, 43], [42], [45], [44, 46], [45]], "vertices": [[221.0, 235.0], [221.0, 38.0], [393.0, 286.0], [393.0, 38.0], [533.0, 37.99233716475096], [444.0, 37.99233716475096], [266.0, 38.0], [343.99038461538464, 301.0], [343.99038461538464, 263.0], [290.0, 497.0], [225.0, 497.0], [518.0, 459.0], [483.0, 459.0], [483.0, 429.98545454545456], [455.0, 429.98545454545456], [423.0, 429.9569892473118], [401.0, 429.9569892473118], [347.0, 38.0], [251.0, 333.5], [230.0, 333.5], [502.0, 12.0], [474.0, 12.0], [483.0, 430.0], [248.0, 198.0], [225.0, 198.0], [344.0, 197.98648648648648], [317.0, 197.98648648648648], [474.0, 36.0], [502.0, 36.0], [443.0, 110.0], [443.0, 100.0], [583.9989594172737, 37.0], [583.0, 458.0], [552.0, 458.977358490566], [395.1975169300226, 328.0], [395.0, 496.0], [331.0, 496.9887640449438], [224.8107432854466, 497.0], [224.0, 300.0], [224.8107432854466, 290.0], [344.0, 300.82843894899537], [230.0, 229.0058651026393], [344.0, 229.0], [344.0, 198.0], [320.0, 333.51785714285717], [344.0, 333.0], [344.0, 301.0]]}