{"vertices": [[394.0, 286.0], [394.0, 38.0], [224.0, 235.0], [224.0, 38.0], [533.0, 37.99598393574297], [444.0, 37.99598393574297], [266.0, 38.0], [394.0, 37.99598393574297], [347.0, 37.99598393574297], [343.94756554307116, 301.0], [343.94756554307116, 263.0], [290.0, 497.0], [224.0, 497.0], [487.0, 429.97396963123646], [455.0, 429.97396963123646], [423.0, 429.97396963123646], [401.0, 429.97396963123646], [251.0, 333.51020408163265], [230.0, 333.51020408163265], [502.0, 12.0], [480.0, 12.0], [480.0, 36.0], [248.0, 197.99290780141843], [225.0, 197.99290780141843], [344.0, 197.99290780141843], [317.0, 197.99290780141843], [502.0, 36.0], [443.0, 110.0], [443.0, 100.0], [583.9989594172737, 37.0], [583.0, 458.0], [552.0, 458.9917355371901], [394.2284887924801, 328.0], [394.0, 496.0], [331.0, 496.9915572232645], [224.15531062124248, 497.0], [224.0, 300.0], [224.15531062124248, 290.0], [344.0, 300.82843894899537], [344.0, 198.0], [344.0, 229.0], [230.0, 229.0058651026393], [344.0, 301.0], [344.0, 333.0], [320.0, 333.51020408163265], [518.0, 459.0], [480.0, 459.0], [480.4066390041494, 435.0]], "weights": [[0.45], [0.45], [0.25], [0.25, 1.25], [1.7], [1.7], [1.25], [1.25], [1.25], [1.35], [1.35], [4.35], [4.35], [7.25], [7.25], [3.85], [3.85], [0.75], [0.75], [1.0, 1.2], [1.0, 0.25], [0.25], [1.25], [1.25], [1.25], [1.25], [1.2], [0.8], [0.8], [1.0], [1.0, 4.25], [4.25], [1.5], [1.5, 4.25], [4.25], [1.5], [1.5, 1.5, 2.35], [1.5], [2.35], [1.5], [1.5, 1.25], [1.25], [1.25], [1.25, 1.35], [1.35], [4.55], [4.55, 4.45], [4.45]], "edges": [[1], [0], [3], [2, 6], [5], [4], [3], [8], [7], [10], [9], [12], [11], [14], [13], [16], [15], [18], [17], [20, 26], [19, 21], [20], [23], [22], [25], [24], [19], [28], [27], [30], [29, 31], [30], [33], [32, 34], [33], [36], [35, 37, 38], [36], [36], [40], [39, 41], [40], [43], [42, 44], [43], [46], [45, 47], [46]]}