{"weights": [[1.65], [1.65], [1.85], [1.85], [1.95], [1.95], [1.75], [1.75, 1.85], [1.75], [1.75], [1.75], [1.75], [0.3], [0.3], [1.95], [1.95], [1.75], [1.75], [1.6], [1.6], [6.95], [6.95, 3.7], [1.5], [1.5], [3.7], [2.95], [2.95], [1.95], [1.95], [2.15], [2.15], [1.85], [1.75], [1.75, 1.75], [1.75], [1.95], [1.95, 1.65], [1.65], [5.65], [5.65, 2.15], [2.15]], "edges": [[1], [0], [3], [2], [5], [4], [7], [6, 31], [9], [8], [11], [10], [13], [12], [15], [14], [17], [16], [19], [18], [21], [20, 24], [23], [22], [21], [26], [25], [28], [27], [30], [29], [7], [33], [32, 34], [33], [36], [35, 37], [36], [39], [38, 40], [39]], "vertices": [[188.50932835820896, 144.0], [188.50932835820896, 9.0], [613.0, 219.0], [613.0, 11.0], [188.5057915057915, 336.0], [188.5057915057915, 208.0], [495.0, 67.0], [495.0, 11.0], [493.0, 516.0], [467.0, 516.0], [280.0, 10.505928853754941], [216.0, 10.505928853754941], [294.0, 339.6347826086957], [238.0, 339.6347826086957], [613.4986666666666, 344.0], [613.4986666666666, 249.0], [613.0, 10.522388059701493], [594.0, 10.522388059701493], [563.0, 515.5], [516.0, 515.5], [404.0, 337.0], [387.0, 337.0], [466.48743718592965, 385.0], [466.48743718592965, 334.0], [387.0, 352.0], [214.0, 336.0], [189.0, 336.0], [466.5238095238095, 516.0], [466.5238095238095, 503.0], [386.4791666666667, 337.0], [386.4791666666667, 310.0], [514.0, 11.0], [613.496644295302, 367.0], [613.0, 515.0], [587.0, 515.4782608695652], [307.4916666666667, 9.0], [307.0, 68.0], [334.0, 68.0], [318.0, 343.53956834532374], [352.0, 343.0], [352.5196850393701, 310.0]]}