{"vertices": [[613.0, 219.0], [613.0, 11.0], [613.4966814159292, 344.0], [613.4966814159292, 249.0], [188.50759013282732, 144.0], [188.50759013282732, 9.0], [188.50759013282732, 337.0], [188.50759013282732, 208.0], [495.0, 67.0], [495.0, 11.0], [563.0, 515.5026178010471], [516.0, 515.5026178010471], [280.0, 10.511627906976743], [216.0, 10.511627906976743], [613.0, 10.511627906976743], [594.0, 10.511627906976743], [514.0, 11.0], [294.0, 339.70621468926555], [238.0, 339.70621468926555], [466.4909090909091, 385.0], [466.4909090909091, 334.0], [387.0, 352.0], [387.0, 340.0], [613.4966814159292, 367.0], [613.0, 515.0], [587.0, 515.5026178010471], [493.0, 516.0], [466.0, 516.0], [466.4909090909091, 503.0], [307.4916666666667, 9.0], [307.0, 68.0], [334.0, 68.0], [318.0, 339.70621468926555], [352.0, 339.0], [352.5196850393701, 310.0], [404.0, 340.0], [387.2192513368984, 310.0]], "weights": [[2.2], [2.2], [1.75], [1.75], [1.85], [1.85], [1.75], [1.75], [1.75], [1.75, 1.65], [1.75], [1.75], [1.75], [1.75], [1.65], [1.65], [1.65], [0.25], [0.25], [3.15], [3.15], [3.45], [3.45, 2.05, 1.75], [1.75], [1.75, 1.75], [1.75], [2.75], [2.75, 1.55], [1.55], [1.75], [1.75, 1.85], [1.85], [0.3], [0.3, 1.75], [1.75], [2.05], [1.75]], "edges": [[1], [0], [3], [2], [5], [4], [7], [6], [9], [8, 16], [11], [10], [13], [12], [15], [14], [9], [18], [17], [20], [19], [22], [21, 35, 36], [24], [23, 25], [24], [27], [26, 28], [27], [30], [29, 31], [30], [33], [32, 34], [33], [22], [22]]}