{"vertices": [[216.18, 203.0], [216.18, 114.0], [216.18, 324.0], [216.18, 221.0], [216.18, 96.0], [216.18, 42.0], [591.0, 540.0], [591.0, 425.0], [591.0, 298.0], [591.0, 246.0], [591.0, 354.0], [591.0, 323.0], [591.0, 400.0], [591.0, 389.0], [526.8333333333334, 90.0], [526.8333333333334, 14.0], [526.8333333333334, 224.0], [526.8333333333334, 188.0], [526.8333333333334, 121.0], [526.8333333333334, 108.0], [345.0, 199.34444444444443], [274.0, 199.34444444444443], [438.0, 540.0], [438.0, 375.0], [446.0, 83.5], [418.0, 83.5], [482.0, 265.5040650406504], [420.0, 265.5040650406504], [591.0, 388.67597765363126], [511.0, 388.67597765363126], [484.0, 388.67597765363126], [439.0, 388.67597765363126], [232.0, 13.52808988764045], [216.0, 13.52808988764045], [484.0, 13.52808988764045], [471.0, 13.52808988764045], [297.0, 13.52808988764045], [279.0, 13.52808988764045], [403.0, 375.0], [403.0, 305.0], [367.0, 372.9605263157895], [356.0, 372.9605263157895], [456.0, 540.0], [573.0, 540.0], [247.0, 182.5], [218.0, 182.5], [542.0, 246.0], [512.0, 246.0], [567.0, 246.0], [404.19999999999993, 225.19999999999993], [419.69999999999993, 209.69999999999993], [350.0, 84.0], [322.0, 84.0], [322.4943820224719, 39.0], [367.0, 305.0], [367.0, 324.0], [344.0, 324.1969696969697], [267.0, 324.1969696969697], [290.0, 324.0], [290.8253968253968, 271.0]], "weights": [[0.5], [0.5], [0.65], [0.65], [0.5], [0.5], [0.5, 0.5], [0.5], [0.5], [0.5, 0.6], [0.6], [0.6], [0.6], [0.6], [0.5], [0.5], [0.75], [0.75], [0.65], [0.65], [0.55], [0.55], [1.1, 0.5], [1.1], [1.1], [1.1], [0.75], [0.75], [0.25], [0.25], [0.25], [0.25], [0.7], [0.7], [0.75], [0.75], [0.75], [0.75], [0.6], [0.6], [5.65], [5.65], [0.5], [0.5], [1.0], [1.0], [0.8], [0.8], [0.6], [1.4000000000000032], [1.4000000000000032], [1.0], [1.0, 0.9], [0.9], [0.6], [0.6, 0.5], [0.5], [0.85], [0.85, 0.7], [0.7]], "edges": [[1], [0], [3], [2], [5], [4], [7, 43], [6], [9], [8, 48], [11], [10], [13], [12], [15], [14], [17], [16], [19], [18], [21], [20], [23, 42], [22], [25], [24], [27], [26], [29], [28], [31], [30], [33], [32], [35], [34], [37], [36], [39], [38], [41], [40], [22], [6], [45], [44], [47], [46], [9], [50], [49], [52], [51, 53], [52], [55], [54, 56], [55], [58], [57, 59], [58]]}