{"weights": [[0.5], [0.5], [0.6, 0.5], [0.6], [0.5], [0.5], [0.65], [0.65], [0.6], [0.6], [0.8, 0.5], [0.8], [1.1], [1.1], [0.75], [0.75], [0.5], [0.5, 0.5], [0.5], [0.5], [0.9, 0.5], [0.9], [0.7], [0.7], [0.75], [0.75], [0.65], [0.65], [0.75], [0.75], [0.5], [0.5], [5.35], [5.35], [0.5], [0.5], [1.0], [1.0], [0.75], [0.75], [0.9], [0.9], [1.1], [1.1], [1.2000000000000053], [1.2000000000000053], [0.75], [0.75], [0.5], [0.5], [0.75], [0.75], [0.7], [0.7], [0.5], [0.5, 0.8], [0.8], [0.75], [0.75, 1.0], [1.0]], "edges": [[1], [0], [3, 49], [2], [5], [4], [7], [6], [9], [8], [11, 35], [10], [13], [12], [15], [14], [17], [16, 48], [19], [18], [21, 34], [20], [23], [22], [25], [24], [27], [26], [29], [28], [31], [30], [33], [32], [20], [10], [37], [36], [39], [38], [41], [40], [43], [42], [45], [44], [47], [46], [17], [2], [51], [50], [53], [52], [55], [54, 56], [55], [58], [57, 59], [58]], "vertices": [[216.0, 203.0], [216.0, 114.0], [591.0, 540.0], [591.0, 425.0], [527.0, 90.0], [527.0, 14.0], [216.343949044586, 324.0], [216.343949044586, 221.0], [345.0, 199.34444444444443], [274.0, 199.34444444444443], [438.0, 540.0], [438.0, 375.0], [446.0, 83.5], [418.0, 83.5], [482.0, 265.5040650406504], [420.0, 265.5040650406504], [591.0, 298.0], [591.0, 246.0], [216.0, 96.0], [216.0, 42.0], [367.0, 324.0], [367.0, 305.0], [591.0, 385.8888888888889], [511.0, 385.8888888888889], [232.0, 13.516129032258064], [216.0, 13.516129032258064], [526.734693877551, 224.0], [526.734693877551, 188.0], [484.0, 391.4943820224719], [439.0, 391.4943820224719], [403.0, 375.0], [403.0, 305.0], [367.0, 372.9605263157895], [356.0, 372.9605263157895], [344.0, 324.0], [456.0, 540.0], [247.0, 182.5], [218.0, 182.5], [484.0, 13.565217391304348], [471.0, 13.565217391304348], [542.0, 246.0], [512.0, 246.0], [591.0, 354.0], [591.0, 323.0], [404.19999999999993, 225.19999999999993], [419.69999999999993, 209.69999999999993], [297.0, 13.514285714285714], [279.0, 13.514285714285714], [567.0, 246.0], [573.0, 540.0], [526.52, 121.0], [526.52, 108.0], [591.0, 400.0], [591.0, 386.0], [267.0, 324.29545454545456], [290.0, 324.0], [290.8253968253968, 271.0], [322.4943820224719, 39.0], [322.0, 84.0], [350.0, 84.0]]}