{"weights": [[2.25], [2.25], [1.25, 1.25], [1.25, 1.6, 1.45], [1.35], [1.35], [0.75], [0.75], [1.5], [1.5], [1.5], [1.5], [1.25], [1.25], [1.5], [1.5, 1.7], [1.35], [1.35], [1.15], [1.15], [1.45], [1.45], [0.75, 1.45], [0.75, 1.25], [1.65], [1.65], [1.25], [1.5], [1.5], [1.2], [1.2, 1.5], [1.6], [1.6, 0.95], [5.95], [5.95], [1.5, 1.7], [1.5], [6.15], [6.15], [1.25, 1.8], [1.6, 1.35, 1.35], [1.35], [1.35], [7.6, 7.0], [7.6, 1.05], [1.8], [1.25], [1.25], [1.5], [1.5], [1.7], [1.7], [1.5], [1.6499999999999986], [1.6499999999999986], [1.7], [1.7], [1.45], [4.8], [4.8], [1.35], [1.35], [1.45], [5.15], [5.15], [1.35], [1.35], [1.5], [1.5, 5.55], [1.25], [1.25, 1.25], [1.25], [1.05, 5.55, 5.55], [5.55], [1.35], [1.35, 1.35, 7.0, 7.0], [1.35], [1.25], [1.25, 0.95], [7.7], [7.7, 7.0, 7.0], [7.0], [1.6], [1.6, 0.85], [0.85]], "edges": [[1], [0], [3, 26], [2, 40, 62], [5], [4], [7], [6], [9], [8], [11], [10], [13], [12], [15], [14, 35], [17], [16], [19], [18], [21], [20], [23, 57], [22, 39], [25], [24], [2], [28], [27], [30], [29, 52], [32], [31, 78], [34], [33], [36, 15], [35], [38], [37], [23, 45], [3, 65, 66], [42], [41], [44, 75], [43, 72], [39], [47], [46], [49], [48], [51], [50], [30], [54], [53], [56], [55], [22], [59], [58], [61], [60], [3], [64], [63], [40], [40], [68], [67, 72], [70], [69, 71], [70], [44, 73, 68], [72], [75], [74, 76, 43, 80], [75], [78], [77, 32], [80], [79, 81, 75], [80], [83], [82, 84], [83]], "vertices": [[328.73770491803276, 530.0], [328.73770491803276, 314.0], [381.0, 259.0], [381.0, 26.0], [577.991935483871, 151.0], [577.991935483871, 67.0], [240.0, 26.693877551020407], [176.0, 26.693877551020407], [392.0, 530.0], [329.0, 530.0], [518.0, 26.0], [441.0, 26.0], [715.0, 92.997542997543], [579.0, 92.997542997543], [448.0, 315.0], [440.0, 315.0], [242.0, 425.1578947368421], [171.0, 425.1578947368421], [496.80160857908845, 450.0], [496.80160857908845, 314.0], [105.0, 425.0], [64.0, 425.0], [26.0, 351.0], [26.0, 270.0], [63.996062992125985, 425.0], [63.996062992125985, 340.0], [522.0, 259.0], [340.9736842105263, 364.0], [340.9736842105263, 314.0], [62.0, 45.0], [62.0, 27.0], [324.0, 158.0], [288.0, 158.0], [533.0078125, 357.0], [533.0078125, 314.0], [440.0, 364.0], [341.0, 364.0], [745.5940594059406, 272.0], [745.5940594059406, 232.0], [63.0, 270.0], [325.0, 26.0], [578.0088495575221, 229.0], [578.0088495575221, 189.0], [590.0, 360.0], [581.0, 229.0], [63.0, 255.0], [581.0, 489.0074626865672], [536.0, 489.0074626865672], [531.0, 344.0], [498.0, 344.0], [532.0, 437.0], [499.0, 437.0], [78.0, 27.0], [62.98765432098765, 210.0], [62.98765432098765, 182.0], [324.0, 425.0], [292.0, 425.0], [61.0, 351.0], [325.0, 501.5], [315.0, 501.5], [496.96875, 528.0], [496.96875, 517.0], [396.0, 26.0], [736.1111111111111, 259.0], [736.1111111111111, 245.0], [325.0, 260.0], [284.0, 26.00862068965517], [672.0, 489.0], [717.0, 489.0], [533.9937106918239, 424.0], [533.0, 529.0], [469.0, 529.9946808510638], [717.0, 229.0], [717.1803278688525, 193.0], [716.0, 314.8018018018018], [590.0, 314.0], [582.0, 314.8018018018018], [191.0, 194.99675324675326], [288.0, 194.0], [564.0, 258.6923076923077], [590.0, 258.0], [590.0, 231.0], [717.0, 153.0], [717.0, 26.0], [564.0, 25.376899696048632]]}