{"weights": [[1.75, 1.75], [1.75, 1.85], [1.75], [1.15], [1.15, 1.75], [1.75], [1.75], [1.75, 1.85], [1.65], [1.65, 2.0], [2.0]], "edges": [[1, 2], [0, 7], [0], [4], [3, 5], [4], [7], [6, 1], [9], [8, 10], [9]], "vertices": [[319.0, 525.0], [319.0, 182.0], [393.0, 525.0], [499.0, 182.0], [499.0, 523.0], [428.0, 523.5053380782919], [419.3562992125984, 49.0], [419.0, 182.0], [478.07181328545784, 26.0], [478.0, 181.0], [499.0, 181.0]]}