{"vertices": [[319.0, 524.0], [319.0, 182.0], [393.0, 524.0], [499.0, 182.0], [499.0, 524.0], [428.0, 524.0088339222615], [419.3562992125984, 49.0], [419.0, 182.0], [478.07181328545784, 26.0], [478.0, 182.0]], "weights": [[1.5, 1.85], [1.5, 1.85], [1.85], [1.65, 1.75], [1.65, 1.75], [1.75], [1.65], [1.65, 1.85], [1.65], [1.65, 1.75]], "edges": [[1, 2], [0, 7], [0], [4, 9], [3, 5], [4], [7], [6, 1], [9], [8, 3]]}