{"vertices": [[327.0, 260.0], [327.0, 26.0], [717.0, 153.0], [717.0, 26.0], [381.0, 259.0], [381.0, 26.0], [533.7107623318385, 357.0], [533.7107623318385, 314.0], [579.8039513677811, 227.0], [579.8039513677811, 189.0], [240.0, 25.944287063267232], [176.0, 25.944287063267232], [518.0, 25.944287063267232], [441.0, 25.944287063267232], [717.0, 25.944287063267232], [564.0, 25.944287063267232], [327.0, 25.944287063267232], [284.0, 25.944287063267232], [78.0, 26.0], [63.0, 26.0], [396.0, 26.0], [448.0, 315.0], [440.0, 315.0], [716.0, 314.820987654321], [582.0, 314.820987654321], [242.0, 425.1630434782609], [171.0, 425.1630434782609], [105.0, 425.0], [63.0, 425.0], [324.0, 425.1630434782609], [292.0, 425.1630434782609], [496.81481481481484, 450.0], [496.81481481481484, 314.0], [496.81481481481484, 528.0], [496.81481481481484, 517.0], [26.0, 347.0], [26.0, 270.0], [63.0, 348.0], [63.0, 45.0], [63.46261682242991, 210.0], [63.46261682242991, 182.0], [522.0, 259.0], [340.9736842105263, 364.0], [340.9736842105263, 314.0], [324.0, 158.0], [288.0, 158.0], [440.0, 364.0], [341.0, 364.0], [581.0, 489.3659420289855], [536.0, 489.3659420289855], [325.0, 489.3659420289855], [315.0, 489.3659420289855], [745.5940594059406, 272.0], [745.5940594059406, 232.0], [531.0, 347.48979591836735], [498.0, 347.48979591836735], [63.0, 347.0], [589.0, 259.0], [589.0, 231.0], [532.0, 437.0], [499.0, 437.0], [325.0, 502.0], [315.0, 502.0], [736.1111111111111, 259.0], [736.1111111111111, 245.0], [327.43583678296864, 314.0], [327.0, 530.0], [392.0, 530.0], [717.1206457094307, 193.0], [717.0, 229.0], [580.0, 229.0], [533.7107623318385, 424.0], [533.0, 529.0], [469.0, 529.9973544973545], [579.8039513677811, 151.0], [579.0, 92.0], [579.8039513677811, 67.0], [715.0, 92.997542997543], [580.0, 258.0], [589.0, 258.94557823129253], [564.0, 258.94557823129253], [191.0, 194.99675324675326], [288.0, 194.0], [63.46261682242991, 255.0], [63.0, 270.0], [672.0, 489.3659420289855], [717.0, 489.0]], "weights": [[0.45], [0.45, 1.25], [1.25], [1.25], [1.45, 1.05], [1.45, 1.25, 1.25], [1.25], [1.25], [0.6], [0.6], [0.5], [0.5], [1.25], [1.25], [0.75], [0.75], [1.45], [1.45], [0.5], [0.5, 2.9], [1.25], [2.05], [2.05, 1.5], [1.45], [1.45], [1.95], [1.95], [1.65], [1.65, 1.15], [1.35], [1.35], [1.15], [1.15], [1.15], [1.15], [0.75, 0.25], [0.75, 1.35], [1.15], [2.9], [0.95], [0.95], [1.05], [1.5], [1.5], [5.7], [5.7, 1.25], [6.4, 1.5], [6.4], [1.25], [1.25], [0.25], [0.25], [4.85], [4.85], [0.25], [0.25], [0.25], [7.0], [7.0], [1.8], [1.8], [4.6], [4.6], [1.5], [1.5], [2.45], [2.45, 1.45], [1.45], [1.25], [1.25, 1.05, 1.25], [1.05, 7.55], [4.85], [4.85, 1.3], [1.3], [0.25], [0.25, 0.25, 1.25], [0.25], [1.25], [7.55, 7.25, 7.25], [7.25], [7.25], [1.45], [1.45, 1.25], [1.25], [1.25, 1.35], [1.25], [1.25, 1.25]], "edges": [[1], [0, 5], [3], [2], [5, 41], [4, 1, 20], [7], [6], [9], [8], [11], [10], [13], [12], [15], [14], [17], [16], [19], [18, 38], [5], [22], [21, 46], [24], [23], [26], [25], [28], [27, 37], [30], [29], [32], [31], [34], [33], [36, 56], [35, 84], [28], [19], [40], [39], [4], [43], [42], [45], [44, 82], [47, 22], [46], [49], [48], [51], [50], [53], [52], [55], [54], [35], [58], [57], [60], [59], [62], [61], [64], [63], [66], [65, 67], [66], [69], [68, 70, 86], [69, 78], [72], [71, 73], [72], [75], [74, 76, 77], [75], [75], [70, 79, 80], [78], [78], [82], [81, 45], [84], [83, 36], [86], [85, 69]]}