{"weights": [[0.55], [0.55], [0.7], [0.7, 0.9500000000000057, 0.5], [0.8], [0.8], [1.5], [1.5], [2.35], [2.35], [1.1], [1.1], [1.5], [1.5], [0.7000000000000056], [0.7000000000000056, 0.500000000000004], [0.7], [0.7], [1.0, 0.5], [1.0], [0.5], [1.5], [1.5], [0.75], [0.75], [1.5], [1.5], [1.5], [1.5], [1.5], [1.5], [0.85], [0.85], [1.3], [1.3], [0.5], [0.5], [2.05], [2.05], [0.6000000000000048, 1.15], [0.6000000000000048], [0.9500000000000057], [0.5], [0.5], [0.7], [0.7], [0.500000000000004], [1.15], [1.5], [1.5, 4.800000000000006], [0.5], [0.5], [0.8], [0.8], [0.7], [0.7], [1.5], [1.5], [4.800000000000006], [1.0], [1.0], [2.3], [2.3], [1.5], [1.5], [0.5], [0.7], [0.7, 0.6], [0.6], [0.25], [0.25, 0.25, 1.0], [0.25], [1.0], [0.6], [0.6, 0.5], [0.5]], "edges": [[1], [0], [3], [2, 41, 65], [5], [4], [7], [6], [9], [8], [11], [10], [13], [12], [15], [14, 46], [17], [16], [19, 20], [18], [18], [22], [21], [24], [23], [26], [25], [28], [27], [30], [29], [32], [31], [34], [33], [36], [35], [38], [37], [40, 47], [39], [3], [43], [42], [45], [44], [15], [39], [49], [48, 58], [51], [50], [53], [52], [55], [54], [57], [56], [49], [60], [59], [62], [61], [64], [63], [3], [67], [66, 68], [67], [70], [69, 71, 72], [70], [70], [74], [73, 75], [74]], "vertices": [[460.3272058823529, 452.0], [460.3272058823529, 269.0], [272.0, 485.0], [272.0, 294.0], [572.0, 234.0], [572.0, 169.0], [308.89795918367355, 198.8979591836735], [347.8979591836735, 159.89795918367355], [230.0, 224.38194444444446], [130.0, 224.38194444444446], [481.0238095238095, 321.0], [481.0238095238095, 262.0], [227.98742138364778, 394.0], [227.98742138364778, 364.0], [235.00000000000003, 273.0], [285.0, 223.0], [392.0, 73.0], [356.0, 73.0], [724.0, 312.0], [696.0, 312.0], [724.0, 269.0], [339.7470997679814, 207.0], [339.7470997679814, 160.0], [181.0, 395.49655172413793], [108.0, 395.49655172413793], [271.0, 383.75832127351663], [231.0, 383.75832127351663], [326.7031700288184, 210.0], [326.7031700288184, 159.0], [271.0, 394.0], [228.0, 394.0], [271.0, 469.4698795180723], [227.0, 469.4698795180723], [482.37301587301585, 249.0], [482.37301587301585, 215.0], [572.0, 112.0], [572.0, 73.0], [202.77631578947367, 257.0], [202.77631578947367, 226.0], [329.0, 267.0], [317.75, 255.24999999999997], [243.24074074074076, 263.7592592592593], [609.0, 311.0], [609.0, 259.0], [702.0, 184.0], [702.0, 168.0], [304.2567567567568, 241.74324324324323], [329.0, 301.0], [271.0, 370.0], [254.0, 370.0], [517.0, 73.0], [499.0, 73.0], [140.0, 73.0], [130.0, 73.0], [272.0, 532.4897959183673], [247.0, 532.4897959183673], [327.1161290322581, 184.0], [327.1161290322581, 159.0], [271.241935483871, 353.241935483871], [715.0, 204.0], [696.0, 204.0], [476.0, 326.0], [476.0, 316.0], [333.0, 173.0], [333.0, 160.0], [295.0, 294.0], [329.40579710144925, 328.0], [329.0, 410.0], [364.0, 410.0], [351.5046439628483, 232.0], [351.0, 128.0], [351.5046439628483, 64.0], [344.0, 128.0], [665.8181818181819, 204.0], [665.0, 311.0], [621.0, 311.7457627118644]]}