{"vertices": [[329.73068181818184, 410.0], [329.73068181818184, 328.0], [329.73068181818184, 210.0], [329.73068181818184, 159.0], [330.0, 301.0], [330.0, 267.0], [460.3272058823529, 452.0], [460.3272058823529, 269.0], [272.0, 485.0], [272.0, 294.0], [572.0, 234.0], [572.0, 169.0], [572.0, 112.0], [572.0, 73.0], [308.95049504950504, 198.95049504950498], [343.0, 165.0], [234.950495049505, 272.950495049505], [285.0, 223.0], [230.0, 224.38194444444446], [130.0, 224.38194444444446], [481.3699421965318, 326.0], [481.3699421965318, 262.0], [481.3699421965318, 249.0], [481.3699421965318, 215.0], [227.98742138364778, 393.0], [227.98742138364778, 364.0], [392.0, 73.0], [356.0, 73.0], [517.0, 73.0], [499.0, 73.0], [140.0, 73.0], [130.0, 73.0], [343.0, 207.0], [181.0, 392.56330275229357], [108.0, 392.56330275229357], [271.0, 393.0], [228.0, 393.0], [271.0, 380.7028824833703], [231.0, 380.7028824833703], [271.0, 469.4698795180723], [227.0, 469.4698795180723], [202.77631578947367, 257.0], [202.77631578947367, 226.0], [317.75384615384615, 255.24615384615385], [304.25384615384615, 241.74615384615385], [243.24074074074076, 263.7592592592593], [609.0, 311.0], [609.0, 259.0], [702.0, 184.0], [702.0, 168.0], [271.0, 370.0], [254.0, 370.0], [364.0, 410.0], [330.0, 410.0], [272.0, 532.4897959183673], [247.0, 532.4897959183673], [320.0, 205.0], [320.0, 189.0], [271.241935483871, 353.241935483871], [715.0, 204.0], [696.0, 204.0], [295.0, 294.0], [351.5046439628483, 232.0], [351.0, 128.0], [351.5046439628483, 64.0], [344.0, 128.0], [665.8181818181819, 204.0], [665.0, 311.0], [621.0, 311.8255813953488], [696.0, 311.8255813953488], [724.0, 311.0], [724.0, 269.0]], "weights": [[0.45], [0.45], [1.5], [1.5], [1.25], [1.25, 0.6500000000000051], [0.6], [0.6], [0.6], [0.6, 0.6000000000000048, 0.5], [0.7], [0.7], [0.5], [0.5], [1.5], [1.5, 1.5], [0.750000000000004], [0.750000000000004, 0.8500000000000048], [1.0], [1.0], [1.35], [1.35], [0.85], [0.85], [1.5], [1.5], [0.5], [0.5], [0.5], [0.5], [0.6], [0.6], [1.5], [0.3], [0.3], [1.5], [1.5], [1.5], [1.5], [0.75], [0.75], [2.35], [2.35], [0.6500000000000051], [0.8500000000000048], [0.6000000000000048], [1.2], [1.2], [0.6], [0.6], [1.5], [1.5, 4.500000000000004], [0.6], [0.6], [0.65], [0.65], [1.5], [1.5], [4.500000000000004], [1.4], [1.4], [0.5], [4.35], [4.35, 4.35, 0.9], [4.35], [0.9], [0.65], [0.65, 0.7], [0.7], [0.6], [0.6, 0.6], [0.6]], "edges": [[1], [0], [3], [2], [5], [4, 43], [7], [6], [9], [8, 45, 61], [11], [10], [13], [12], [15], [14, 32], [17], [16, 44], [19], [18], [21], [20], [23], [22], [25], [24], [27], [26], [29], [28], [31], [30], [15], [34], [33], [36], [35], [38], [37], [40], [39], [42], [41], [5], [17], [9], [47], [46], [49], [48], [51], [50, 58], [53], [52], [55], [54], [57], [56], [51], [60], [59], [9], [63], [62, 64, 65], [63], [63], [67], [66, 68], [67], [70], [69, 71], [70]]}