{"weights": [[0.8], [0.8], [0.6], [0.6, 1.2], [0.750000000000004], [0.750000000000004, 0.5500000000000039], [0.5, 0.5], [0.5], [0.75], [0.75], [1.1], [1.1, 0.5], [7.65], [7.65], [0.6], [0.6], [0.5], [0.5], [0.5], [0.8, 0.5], [0.8], [0.500000000000004, 0.8000000000000064], [0.500000000000004], [0.6000000000000048], [0.6000000000000048, 0.500000000000004], [0.5, 0.8, 0.7], [0.5], [0.5], [0.6], [0.6], [1.5], [1.5], [0.500000000000004, 0.7000000000000056], [0.500000000000004, 0.500000000000004], [0.8000000000000064], [0.5], [1.0], [1.0, 0.6, 2.05], [0.5], [0.5], [0.6], [0.6], [0.500000000000004, 0.8500000000000048], [6.85], [6.85], [0.5], [0.5], [0.8], [0.8], [2.05], [2.05], [0.5500000000000045, 0.500000000000004], [0.5500000000000045], [0.6], [0.6], [0.7], [0.7], [0.8], [0.7000000000000024, 0.5500000000000039], [0.7000000000000024], [0.5500000000000044], [0.5500000000000044], [0.7000000000000056, 0.7000000000000056], [0.8500000000000048], [0.5, 0.6], [0.5], [1.2], [0.7], [0.5], [0.5], [0.75], [0.75, 0.7000000000000056], [2.05]], "edges": [[1], [0], [3], [2, 66], [5], [4, 58], [7, 16], [6], [9], [8], [11], [10, 35], [13], [12], [15], [14], [6], [18], [17], [20, 27], [19], [22, 34], [21], [24], [23, 51], [26, 57, 67], [25], [19], [29], [28], [31], [30], [33, 62], [32, 42], [21], [11], [37], [36, 64, 72], [39], [38], [41], [40], [33, 63], [44], [43], [46], [45], [48], [47], [50], [49], [52, 24], [51], [54], [53], [56], [55], [25], [59, 5], [58], [61], [60], [32, 71], [42], [65, 37], [64], [3], [25], [69], [68], [71], [70, 62], [37]], "vertices": [[334.0, 410.0], [334.0, 394.0], [622.0, 446.0], [568.0, 446.0], [266.7525252525253, 137.7525252525253], [366.0, 38.0], [610.0, 154.0], [610.0, 85.0], [660.0, 280.51863354037266], [492.0, 280.51863354037266], [622.0, 354.0], [568.0, 354.0], [488.30791366906476, 237.0], [488.30791366906476, 166.0], [267.0, 446.0], [172.0, 446.0], [660.0, 154.0], [445.0, 446.0], [385.0, 446.0], [543.0, 154.0], [543.0, 85.0], [342.0, 208.0], [298.247311827957, 164.752688172043], [365.98958333333337, 239.98958333333337], [467.0, 139.0], [228.0, 533.0], [228.0, 447.0], [493.0, 154.0], [172.0, 405.0], [172.0, 322.0], [476.1322505800464, 208.0], [476.1322505800464, 170.0], [244.0, 161.0], [211.0, 128.0], [304.0240384615385, 246.0240384615385], [568.0, 413.0], [391.0, 404.0], [391.0, 384.0], [334.0, 507.0], [334.0, 489.0], [545.0, 319.0], [545.0, 282.0], [278.0, 62.0], [481.1081081081081, 237.0], [481.1081081081081, 223.0], [334.0, 344.0], [334.0, 334.0], [354.0, 533.0], [295.0, 533.0], [443.2551020408163, 402.0], [443.2551020408163, 360.0], [432.0, 103.0], [470.24666666666667, 64.24666666666667], [360.0, 446.0], [295.0, 446.0], [439.0, 372.0], [398.0, 372.0], [267.0, 533.0], [384.0, 56.0], [422.75324675324674, 16.7532467532468], [473.25384615384615, 198.74615384615385], [439.75384615384615, 165.24615384615385], [230.0, 174.0], [309.75409836065575, 93.24590163934425], [334.0, 384.0], [334.0, 358.0], [568.0, 467.0], [208.0, 533.0], [334.0, 477.0], [334.0, 464.0], [172.0, 280.5125786163522], [336.0, 280.0], [391.7878787878788, 350.0]]}