{"vertices": [[334.0, 410.0], [334.0, 394.0], [334.0, 507.0], [334.0, 489.0], [334.0, 344.0], [334.0, 334.0], [334.0, 384.0], [334.0, 358.0], [334.0, 477.0], [334.0, 464.0], [660.0, 280.515625], [492.0, 280.515625], [622.0, 446.0], [568.0, 446.0], [267.0, 446.0], [172.0, 446.0], [445.0, 446.0], [385.0, 446.0], [360.0, 446.0], [295.0, 446.0], [266.78787878787875, 137.78787878787875], [367.0, 38.0], [230.0, 174.0], [244.0, 161.0], [610.0, 154.0], [610.0, 85.0], [622.0, 354.0], [568.0, 354.0], [488.30791366906476, 237.0], [488.30791366906476, 166.0], [660.0, 154.0], [543.6981132075472, 319.0], [543.6981132075472, 282.0], [342.0, 208.0], [298.247311827957, 164.752688172043], [365.98958333333337, 239.98958333333337], [467.0, 139.0], [228.0, 533.0], [228.0, 447.0], [172.0, 405.0], [172.0, 322.0], [476.52564102564105, 208.0], [476.52564102564105, 170.0], [476.52564102564105, 237.0], [476.52564102564105, 223.0], [211.0, 128.0], [304.0240384615385, 246.0240384615385], [392.0, 404.0], [392.0, 384.0], [568.0, 413.0], [568.0, 467.0], [278.0, 62.0], [354.0, 533.0], [295.0, 533.0], [267.0, 533.0], [208.0, 533.0], [443.2551020408163, 402.0], [443.2551020408163, 360.0], [431.0, 103.0], [470.24666666666667, 64.24666666666667], [384.0, 56.0], [439.0, 372.0], [398.0, 372.0], [422.75324675324674, 16.7532467532468], [473.25384615384615, 198.74615384615385], [439.75384615384615, 165.24615384615385], [309.75409836065575, 93.24590163934425], [172.0, 280.515625], [336.0, 280.0], [493.0, 154.0], [543.0, 154.0], [543.6981132075472, 85.0], [391.0, 384.0], [391.5, 350.0]], "weights": [[0.7], [0.7], [0.5], [0.5], [0.5], [0.5], [0.5, 0.9], [0.5], [0.5], [0.5], [0.75], [0.75], [0.6], [0.6, 0.8], [0.7], [0.7], [0.5], [0.5], [0.7], [0.7], [0.6500000000000041], [0.6500000000000041, 0.5500000000000039], [0.7000000000000056, 0.7000000000000056], [0.7000000000000056, 0.6000000000000048], [0.9, 0.5], [0.9], [1.0], [1.0, 0.5], [1.5], [1.5], [0.5], [0.5], [0.5], [0.500000000000004, 0.6000000000000048], [0.500000000000004], [0.6000000000000048], [0.6000000000000048, 0.500000000000004], [0.6, 0.6, 0.5], [0.6], [0.6], [0.6], [1.5], [1.5], [4.05], [4.05], [0.6000000000000048, 0.500000000000004], [0.6000000000000048], [0.25], [0.25], [0.5], [0.8], [0.500000000000004, 0.500000000000004], [0.5], [0.5], [0.6], [0.5], [0.3], [0.3], [0.500000000000004, 0.500000000000004], [0.500000000000004], [0.5500000000000039, 0.5500000000000035], [0.7], [0.7], [0.5500000000000035], [3.5500000000000043], [3.5500000000000043], [0.500000000000004], [1.45], [1.45, 0.7000000000000056], [0.5], [0.5, 0.25], [0.25], [0.9, 1.05], [1.05]], "edges": [[1], [0], [3], [2], [5], [4], [7, 72], [6], [9], [8], [11], [10], [13], [12, 50], [15], [14], [17], [16], [19], [18], [21], [20, 60], [23, 68], [22, 45], [25, 30], [24], [27], [26, 49], [29], [28], [24], [32], [31], [34, 46], [33], [36], [35, 58], [38, 54, 55], [37], [40], [39], [42], [41], [44], [43], [23, 51], [33], [48], [47], [27], [13], [45, 66], [53], [52], [37], [37], [57], [56], [59, 36], [58], [21, 63], [62], [61], [60], [65], [64], [51], [68], [67, 22], [70], [69, 71], [70], [6, 73], [72]]}