{"weights": [[1.2], [1.2], [1.05], [1.05], [0.9], [0.9], [4.2], [4.2, 1.0], [1.0], [1.0], [0.75], [0.75], [1.3000000000000003], [1.3000000000000003], [0.75], [0.75, 1.0, 1.2], [1.0], [0.95], [0.95], [0.75], [0.75], [1.65], [1.65], [1.1], [1.1, 1.5, 7.95], [1.0], [1.0], [1.55], [1.55], [1.5], [0.85, 1.0], [0.85, 1.0], [1.0], [1.1], [1.1], [0.75], [0.75], [1.5], [1.5], [1.5], [1.5], [1.5, 1.5], [1.5], [4.8], [4.8], [1.0], [1.0], [1.0], [1.0], [1.5], [1.5], [1.1], [1.1, 1.05], [1.3], [1.3], [1.0], [1.0], [1.0], [1.0], [1.2], [2.95], [2.95], [1.45], [1.45, 7.599999999999989, 1.45], [7.599999999999989], [1.0, 1.15], [1.0, 1.1], [1.1], [1.1], [1.1, 0.85], [0.85], [7.95, 1.2], [0.75], [0.75, 1.05], [1.5, 1.05], [1.25], [1.25, 1.15], [1.35], [1.35, 1.2], [1.2], [1.2, 0.85], [0.85], [1.45, 1.05]], "edges": [[1], [0], [3], [2], [5], [4], [7], [6, 16], [9], [8], [11], [10], [13], [12], [15], [14, 32, 59], [7], [18], [17], [20], [19], [22], [21], [24], [23, 29, 71], [26], [25], [28], [27], [24], [31, 58], [30, 57], [15], [34], [33], [36], [35], [38], [37], [40], [39], [42, 74], [41], [44], [43], [46], [45], [48], [47], [50], [49], [52], [51, 73], [54], [53], [56], [55], [31], [30], [15], [61], [60], [63], [62, 64, 82], [63], [66, 76], [65, 67], [66], [69], [68, 70], [69], [24, 78], [73], [72, 52], [41, 82], [76], [75, 65], [78], [77, 71], [80], [79, 81], [80], [63, 74]], "vertices": [[548.0, 371.0], [548.0, 310.0], [588.0, 193.71940298507462], [445.0, 193.71940298507462], [574.0, 30.875486381322958], [453.0, 30.875486381322958], [154.0, 178.0], [154.0, 30.0], [690.0, 252.0], [690.0, 32.0], [258.0, 456.0], [204.0, 456.0], [342.0, 29.980392156862745], [331.0, 29.980392156862745], [620.0, 168.0], [620.0, 31.0], [214.0, 30.0], [204.0, 307.8099173553719], [154.0, 307.8099173553719], [689.0, 194.49425287356323], [645.0, 194.49425287356323], [342.0, 104.0], [342.0, 30.0], [372.0, 456.0], [347.0, 456.0], [296.0, 29.5], [249.0, 29.5], [341.9927536231884, 181.0], [341.9927536231884, 134.0], [293.0, 456.0], [126.0, 142.0], [126.0, 78.0], [690.0, 31.0], [202.0, 96.5], [156.0, 96.5], [154.48958333333334, 262.0], [154.48958333333334, 213.0], [547.0, 371.0], [515.0, 371.0], [512.0, 229.0], [512.0, 195.0], [503.0, 234.0], [503.0, 195.0], [304.0, 179.1078431372549], [282.0, 179.1078431372549], [586.0, 232.0], [549.0, 232.0], [394.0, 308.0], [347.0, 308.0], [557.6551724137931, 307.0], [557.6551724137931, 290.0], [427.0, 370.0], [396.0, 370.0], [406.0, 164.69230769230768], [379.0, 164.69230769230768], [405.0, 98.5], [374.0, 98.5], [153.0, 78.0], [153.0, 142.0], [608.0, 31.0], [300.0, 169.0], [203.0, 169.0], [691.0, 310.0], [577.0, 310.0], [547.4748201438848, 279.5251798561151], [204.0, 308.0], [204.0, 455.0], [178.0, 455.5], [407.5, 30.0], [407.0, 193.0], [384.0, 193.48837209302326], [347.0, 309.0], [365.0, 235.48333333333332], [396.0, 235.0], [549.0, 234.0], [282.2748815165877, 218.0], [282.0, 308.0], [325.0090909090909, 235.0], [325.0, 309.0], [186.0, 167.5], [203.0, 167.0], [203.49528301886792, 61.0], [549.0, 310.0]]}