{"vertices": [[203.0, 308.8858218318695], [154.0, 308.8858218318695], [394.0, 309.0], [345.0, 309.0], [548.0, 309.0], [548.0, 234.0], [588.0, 193.84301075268817], [445.0, 193.84301075268817], [689.0, 193.84301075268817], [645.0, 193.84301075268817], [574.0, 30.501506024096386], [453.0, 30.501506024096386], [345.0, 30.501506024096386], [331.0, 30.501506024096386], [214.0, 31.0], [154.0, 31.0], [296.0, 30.501506024096386], [249.0, 30.501506024096386], [690.0, 30.0], [620.0, 30.0], [345.0, 104.0], [345.0, 31.0], [344.70375335120644, 181.0], [344.70375335120644, 134.0], [154.0, 178.0], [154.49747474747474, 262.0], [154.49747474747474, 213.0], [396.0, 233.6735459662289], [365.0, 233.6735459662289], [503.0, 234.0], [586.0, 234.0], [690.0, 252.0], [690.0, 31.0], [258.0, 456.0], [203.0, 456.0], [372.0, 456.0], [345.0, 456.0], [406.0, 169.02122641509433], [379.0, 169.02122641509433], [203.0, 169.02122641509433], [186.0, 169.02122641509433], [396.0, 371.0], [396.0, 234.0], [126.0, 142.0], [126.0, 78.0], [202.0, 97.3051948051948], [156.0, 97.3051948051948], [405.0, 97.3051948051948], [374.0, 97.3051948051948], [427.0, 371.0], [512.0, 229.0], [512.0, 195.0], [503.0, 195.0], [304.0, 179.1078431372549], [282.0, 179.1078431372549], [153.0, 78.0], [560.0, 307.0], [560.0, 295.0], [153.0, 142.0], [203.0, 309.0], [203.0, 455.0], [178.0, 455.8507042253521], [691.0, 309.0], [576.0, 309.0], [547.4748201438848, 279.5251798561151], [282.0, 309.0], [282.2748815165877, 218.0], [325.0, 309.0], [325.0090909090909, 235.0], [548.0, 370.0], [515.0, 370.8013698630137], [384.0, 193.84301075268817], [407.0, 193.0], [407.5, 30.0], [608.0, 30.501506024096386], [620.0, 168.0], [345.0, 455.0], [293.0, 455.8507042253521], [203.49803921568628, 61.0], [204.0, 169.0], [300.0, 169.0]], "weights": [[0.8], [0.8], [0.95], [0.95, 0.95, 0.35], [4.5, 2.7, 0.25], [4.5, 7.95, 0.35], [0.95], [0.95], [0.5], [0.5], [0.65], [0.65], [1.6], [1.6], [0.5], [0.5, 0.75], [0.5], [0.5], [0.5], [0.5, 0.5, 0.75], [0.25], [0.25], [0.3], [0.3], [0.75], [0.75], [0.75], [0.25], [0.25], [7.95, 1.5], [0.35], [1.1], [1.1], [0.85], [0.85], [0.5], [0.5], [0.25], [0.25], [0.5], [0.5], [1.15, 0.75], [1.15], [1.05, 1.0], [1.05, 1.0], [0.5], [0.5], [0.25], [0.25], [0.75], [1.5], [1.5], [1.5], [3.85], [3.85], [1.0], [1.5], [1.5], [1.0], [0.75, 0.75], [0.75, 1.15], [1.15], [2.7], [2.7, 2.7, 6.55], [6.55], [0.75, 0.85], [0.85], [0.95, 1.25], [1.25], [0.25, 1.35], [1.35], [0.8], [0.8, 1.1], [1.1], [0.5], [0.75], [0.35, 1.25], [1.25], [1.0], [1.0, 0.5], [0.5]], "edges": [[1], [0], [3], [2, 67, 76], [5, 63, 69], [4, 29, 30], [7], [6], [9], [8], [11], [10], [13], [12], [15], [14, 24], [17], [16], [19], [18, 74, 75], [21], [20], [23], [22], [15], [26], [25], [28], [27], [5, 52], [5], [32], [31], [34], [33], [36], [35], [38], [37], [40], [39], [42, 49], [41], [44, 58], [43, 55], [46], [45], [48], [47], [41], [51], [50], [29], [54], [53], [44], [57], [56], [43], [60, 65], [59, 61], [60], [63], [62, 4, 64], [63], [59, 66], [65], [3, 68], [67], [4, 70], [69], [72], [71, 73], [72], [19], [19], [3, 77], [76], [79], [78, 80], [79]]}