{"vertices": [[143.0, 244.0], [143.0, 157.0], [142.51201923076923, 529.0], [142.51201923076923, 489.0], [143.0, 317.0], [143.0, 278.0], [143.0, 105.0], [143.0, 62.0], [646.0, 212.0], [646.0, 187.0], [704.0, 61.743589743589745], [676.0, 61.743589743589745], [615.0, 61.743589743589745], [532.0, 61.743589743589745], [427.0, 61.743589743589745], [395.0, 61.743589743589745], [258.0, 61.743589743589745], [241.0, 61.743589743589745], [161.0, 62.0], [396.0, 217.0], [396.0, 136.0], [431.0, 392.78723404255317], [421.0, 392.78723404255317], [497.0, 392.78723404255317], [483.0, 392.78723404255317], [450.0, 392.78723404255317], [437.0, 392.78723404255317], [363.0, 277.504], [255.0, 277.504], [223.0, 278.0], [274.0, 508.0], [234.0, 508.0], [609.0, 211.79375], [563.0, 211.79375], [703.0, 212.0], [234.0, 529.0], [203.0, 529.0], [174.0, 529.0], [143.0, 529.0], [703.0, 242.0], [221.0, 200.5032679738562], [144.0, 200.5032679738562], [606.506329113924, 294.0], [606.506329113924, 254.0], [118.0, 105.0], [586.0, 105.0], [565.0, 105.0], [660.0, 187.0], [614.0, 187.0], [586.0, 187.0], [701.0, 187.0], [691.0, 187.0], [204.50617283950618, 243.0], [204.50617283950618, 202.0], [586.0, 172.0], [565.0, 172.0], [119.0, 157.0], [565.0, 118.0], [564.780487804878, 172.0], [564.780487804878, 160.0], [565.0, 392.0], [565.0, 371.0], [364.06642066420665, 255.0], [364.0, 508.0], [328.0, 508.0], [646.0, 371.0], [646.0835509138382, 243.0], [648.0, 298.42857142857144], [703.0, 298.0], [703.203821656051, 266.0]], "weights": [[0.75], [0.75, 0.7], [0.75], [0.75], [0.75], [0.75, 0.75], [0.75, 1.4], [0.75, 0.55], [0.55, 0.5], [0.55, 1.0], [0.5], [0.5], [1.25], [1.25], [1.35], [1.35], [0.5], [0.5], [0.55], [0.5], [0.5], [0.5], [0.5], [2.05], [2.05], [0.5], [0.5], [0.85], [0.85], [0.75], [0.5], [0.5, 0.5], [0.25], [0.25], [0.5, 0.85], [0.5, 0.5], [0.5], [0.5], [0.5], [0.85], [0.75], [0.75], [0.75], [0.75], [1.4], [0.75], [0.75, 0.25], [1.0], [0.7], [0.7], [0.5], [0.5], [0.75], [0.75], [0.7], [0.7], [0.7], [0.25], [0.3], [0.3], [0.25], [0.25, 1.35], [0.6], [0.6, 0.5], [0.5], [1.35, 1.4], [1.4], [1.35], [1.35, 1.25], [1.25]], "edges": [[1], [0, 56], [3], [2], [5], [4, 29], [7, 44], [6, 18], [9, 34], [8, 47], [11], [10], [13], [12], [15], [14], [17], [16], [7], [20], [19], [22], [21], [24], [23], [26], [25], [28], [27], [5], [31], [30, 35], [33], [32], [8, 39], [36, 31], [35], [38], [37], [34], [41], [40], [43], [42], [6], [46], [45, 57], [9], [49], [48], [51], [50], [53], [52], [55], [54], [1], [46], [59], [58], [61], [60, 65], [63], [62, 64], [63], [61, 66], [65], [68], [67, 69], [68]]}