{"weights": [[1.0], [1.0, 0.8], [0.6], [0.6], [0.5], [0.5], [0.5], [0.5], [1.0], [1.0], [0.7], [0.7, 1.0], [1.25], [1.25], [0.5], [0.5, 0.5], [1.25], [1.25], [0.9], [0.9], [0.5, 0.5], [0.5], [4.9], [4.9], [0.75], [0.75], [0.75], [0.75], [1.0, 1.1], [1.0, 0.8], [0.8], [0.8, 0.8], [1.0], [0.5], [0.5], [0.5], [0.5], [0.5], [0.5, 0.7], [1.0], [1.0], [1.5], [1.5], [1.1], [0.85], [0.85], [0.6], [0.6, 0.8], [0.8], [0.5], [0.5], [0.7], [0.5], [0.5, 0.85], [0.5], [0.5], [0.8], [0.7], [0.7, 1.5], [0.65], [0.65, 0.6], [0.6], [1.5, 1.25], [1.25], [1.45], [1.45, 1.25], [1.25], [0.7], [0.7, 0.85]], "edges": [[1], [0, 48], [3], [2], [5], [4], [7], [6], [9], [8], [11], [10, 32], [13], [12], [15], [14, 20], [17], [16], [19], [18], [21, 15], [20], [23], [22], [25], [24], [27], [26], [29, 43], [28, 31], [31], [30, 29], [11], [34], [33], [36], [35], [38], [37, 51], [40], [39], [42], [41], [28], [45], [44], [47], [46, 56], [1], [50], [49], [38], [53], [52, 68], [55], [54], [47], [58], [57, 62], [60], [59, 61], [60], [58, 63], [62], [65], [64, 66], [65], [68], [67, 53]], "vertices": [[142.0, 244.0], [142.0, 157.0], [704.0, 61.0], [676.0, 61.0], [396.0, 217.0], [396.0, 136.0], [431.0, 393.0], [421.0, 393.0], [363.0, 277.5], [255.0, 277.5], [223.0, 278.0], [142.0, 278.0], [615.0, 61.86294416243655], [532.0, 61.86294416243655], [274.0, 508.0], [234.0, 508.0], [427.0, 61.98913043478261], [395.0, 61.98913043478261], [609.0, 215.0], [563.0, 215.0], [234.0, 529.0], [203.0, 529.0], [221.0, 200.5032679738562], [144.0, 200.5032679738562], [142.51282051282053, 529.0], [142.51282051282053, 489.0], [606.506329113924, 294.0], [606.506329113924, 254.0], [704.0, 210.0], [647.0, 210.0], [660.0, 187.0], [647.0, 187.0], [142.0, 317.0], [174.0, 529.0], [143.0, 529.0], [258.0, 61.0], [241.0, 61.0], [586.0, 106.0], [562.0, 106.0], [614.0, 187.0], [586.0, 187.0], [497.0, 392.5833333333333], [483.0, 392.5833333333333], [704.0, 242.0], [204.50617283950618, 243.0], [204.50617283950618, 202.0], [586.0, 172.0], [562.0, 172.0], [119.0, 157.0], [701.0, 187.0], [691.0, 187.0], [562.0, 118.0], [161.0, 61.0], [143.0, 61.0], [450.0, 393.0], [437.0, 393.0], [562.0, 160.0], [568.0, 392.0], [568.0, 371.0], [364.06642066420665, 255.0], [364.0, 508.0], [328.0, 508.0], [646.0, 371.0], [646.0303867403314, 243.0], [648.0, 298.42857142857144], [703.0, 298.0], [703.020618556701, 266.0], [118.0, 104.51020408163265], [143.0, 104.0]]}