{"vertices": [[438.0, 142.0], [489.0, 142.0], [293, 380.0], [340.0, 380.0], [223.0, 186], [223.0, 164.0], [40, 228], [58, 228], [438, 241], [438, 222], [489, 354.0], [489, 391], [633.0, 142.0], [794.0, 142.0], [394.0, 380.0], [466.0, 380.0], [248, 99.0], [290.0, 99.0], [532.0, 142.0], [588.0, 142.0], [633.0, 354.0], [633.0, 443.0], [532.0, 354.0], [139, 380.0], [139, 438], [416, 228.0], [466.0, 228.0], [732, 443.0], [794.0, 443.0], [38.0, 380.0], [85.0, 380.0], [332, 228], [395, 228], [394, 435], [340, 436], [184.0, 99], [225, 99], [183, 380], [184.0, 185.0], [40, 185.0], [270, 443.0], [290.0, 443.0], [489.0, 105], [118, 189], [118, 216], [184.0, 443], [210, 443], [438.0, 310], [469, 310], [588.0, 103], [471, 354.0], [438.0, 185.0], [290, 190], [290, 164], [38.0, 150], [290.0, 224], [281, 185.0], [532.0, 105], [633.0, 103], [699, 443], [85, 438], [532, 391], [184.0, 222], [438, 381]], "edges": [[1, 51], [0, 42], [3], [2, 34], [5], [4, 53], [7], [6], [9], [8], [11, 50], [10], [13, 58], [12, 28], [15, 33], [14, 26], [17], [16, 52], [19, 57], [18, 49], [21, 22], [20, 59], [20, 61], [24, 37], [23], [26], [25, 15], [28], [27, 13], [30, 54], [29, 60], [32], [31], [14], [3], [36, 38], [35], [23], [35, 39], [38], [41], [40, 55], [1], [44], [43], [46, 62], [45], [48, 63], [47], [19], [10], [0, 56], [17], [5], [29], [41], [51], [18], [12], [21], [30], [22], [45], [47]], "weights": [[1.5499999999999972, 1.7363636363636592], [1.5499999999999972, 1.6588235294117875], [1.6000000000000227], [1.6000000000000227, 2.1000000000000227], [1.0999999999999943], [1.0999999999999943, 0.5999999999999943], [1.5], [1.5], [2.5130434782608924], [2.5130434782608924], [2.6000000000000227, 2.1000000000000227], [2.6000000000000227], [1.5999999999999943, 2.1000000000000227], [1.5999999999999943, 1.8500000000000227], [1.7875000000000227, 2.1000000000000227], [1.7875000000000227, 2.317391304347845], [1.5999999999999943], [1.5999999999999943, 1.308333333333356], [1.5999999999999943, 1.8500000000000227], [1.5999999999999943, 2.1000000000000227], [2.1000000000000227, 1.6000000000000227], [2.1000000000000227, 1.5], [1.6000000000000227, 2.186956521739153], [2.0999999999999943, 2.1000000000000227], [2.0999999999999943], [0.963636363636358], [0.963636363636358, 2.317391304347845], [1.6000000000000227], [1.6000000000000227, 1.8500000000000227], [12.521428571428626, 1.6000000000000014], [12.521428571428626, 2.0999999999999943], [0.48541666666666095], [0.48541666666666095], [2.1000000000000227], [2.1000000000000227], [1.5999999999999943, 6.0184210526315995], [1.5999999999999943], [2.1000000000000227], [6.0184210526315995, 1.7999999999999972], [1.7999999999999972], [4.550000000000011], [4.550000000000011, 1.183333333333356], [1.6588235294117875], [1.0999999999999943], [1.0999999999999943], [4.050000000000011, 3.138162878787882], [4.050000000000011], [2.1909090909091136, 2.1000000000000227], [2.1909090909091136], [2.1000000000000227], [2.1000000000000227], [1.7363636363636592, 0.5999999999999943], [1.308333333333356], [0.5999999999999943], [1.6000000000000014], [1.183333333333356], [0.5999999999999943], [1.8500000000000227], [2.1000000000000227], [1.5], [2.0999999999999943], [2.186956521739153], [3.138162878787882], [2.1000000000000227]]}