{"vertices": [[385.0, 28.0], [269.0, 28.0], [247.0, 28.0], [214.0, 28.0], [214.0, 214.0], [214.0, 146.0], [214.0, 57.0], [203.0, 333.0], [250.0, 286.0], [590.0, 205.49484536082474], [524.0, 205.49484536082474], [250.0, 214.0], [150.0, 57.0], [409.0, 373.0], [337.0, 373.0], [437.7558139534884, 144.2441860465116], [415.2558139534884, 121.7441860465116], [501.2558139534884, 207.7441860465116], [478.2558139534884, 184.7441860465116], [150.0, 146.0], [149.5438596491228, 146.0], [149.5438596491228, 130.0], [150.0, 73.0], [290.0, 420.0], [486.0, 473.0], [471.0, 473.0], [220.26422764227644, 349.7357723577236], [272.7642276422764, 402.2357723577236], [377.0, 10.0], [338.0, 10.0], [471.0, 429.0], [185.025, 383.975], [167.025, 365.975], [257.025, 455.975], [239.025, 437.975], [551.0, 313.40625], [532.0, 313.40625], [269.0, 54.0], [557.0, 252.5], [547.0, 252.5], [377.0, 26.0], [338.0, 25.0], [409.0, 429.0], [559.0, 429.0], [679.0, 429.0], [679.5044510385757, 392.0], [680.0, 335.0], [680.0, 205.0], [647.0, 205.49484536082474], [544.0, 472.9767441860465], [559.0, 472.0]], "weights": [[0.6833333333333348], [0.6833333333333348, 0.10000000000002274], [0.6833333333333348], [0.6833333333333348, 1.2239130434782581], [1.1541666666666661, 0.6500000000000113], [1.1541666666666661, 0.8833333333333447], [1.2239130434782581, 1.0500000000000007], [0.663636363636364, 0.8195652173913054], [0.663636363636364, 0.5499999999999972], [0.5499999999999972], [0.5499999999999972], [0.5499999999999972, 0.6500000000000113], [1.0500000000000007, 0.5499999999999972], [1.0520833333333452, 0.6000000000000227], [1.0520833333333452, 0.8458333333333364], [0.7681818181818202], [0.7681818181818202], [0.7369565217391323], [0.7369565217391323], [0.8833333333333447], [0.5782608695652142], [0.5782608695652142], [0.5499999999999972], [0.8458333333333364, 0.7673913043478294], [1.0500000000000114], [1.0500000000000114, 0.5326086956521863], [0.8195652173913054], [0.7673913043478294], [1.0500000000000005, 0.6152173913043592], [1.0500000000000005, 0.10000000000002274], [0.5326086956521863, 0.7043478260869683], [7.910000000000048], [7.910000000000048], [7.798000000000045], [7.798000000000045], [0.345454545454562], [0.345454545454562], [0.10000000000002274], [3.119999999999989], [3.119999999999989], [0.6152173913043592], [0.10000000000002274], [0.7043478260869683, 0.6000000000000227], [0.5500000000000114, 0.5500000000000114], [0.5500000000000114, 0.5520833333333451], [0.5520833333333451], [0.5500000000000114], [0.5500000000000114, 0.5499999999999972], [0.5499999999999972], [1.1608695652174033], [1.1608695652174033, 0.5500000000000114]], "edges": [[1], [0, 37], [3], [2, 6], [5, 11], [4, 19], [3, 12], [8, 26], [7, 11], [10], [9], [8, 4], [6, 22], [14, 42], [13, 23], [16], [15], [18], [17], [5], [21], [20], [12], [14, 27], [25], [24, 30], [7], [23], [29, 40], [28, 41], [25, 42], [32], [31], [34], [33], [36], [35], [1], [39], [38], [28], [29], [30, 13], [44, 50], [43, 45], [44], [47], [46, 48], [47], [50], [49, 43]]}