{"vertices": [[385.0, 28.0], [269.0, 28.0], [247.0, 28.0], [214.0, 28.0], [214.0, 215.0], [214.0, 146.0], [214.0, 57.0], [203.0, 333.0], [250.0, 286.0], [590.0, 207.02100840336135], [524.0, 207.02100840336135], [150.0, 57.0], [409.0, 373.0], [337.0, 373.0], [437.7558139534884, 144.2441860465116], [415.2558139534884, 121.7441860465116], [501.2558139534884, 207.7441860465116], [478.2558139534884, 184.7441860465116], [150.0, 146.0], [149.5438596491228, 146.0], [149.5438596491228, 130.0], [150.0, 73.0], [290.0, 420.0], [486.0, 473.0], [471.0, 473.0], [220.26422764227644, 349.7357723577236], [272.7642276422764, 402.2357723577236], [377.0, 10.0], [338.0, 10.0], [471.0, 429.0], [185.025, 383.975], [167.025, 365.975], [257.025, 455.975], [239.025, 437.975], [551.0, 313.40625], [532.0, 313.40625], [269.0, 54.0], [248.0, 215.0], [557.0, 252.5], [547.0, 252.5], [377.0, 26.0], [338.0, 25.0], [409.0, 429.0], [559.0, 429.0], [679.0, 429.0], [679.5044510385757, 392.0], [680.0, 335.0], [680.0, 207.0], [647.0, 207.02100840336135], [215.0, 207.02100840336135], [250.0, 207.0], [544.0, 472.9767441860465], [559.0, 472.0]], "weights": [[0.6000000000000014], [0.6000000000000014, 0.10000000000002274], [0.6652173913043492], [0.6652173913043492, 1.0499999999999972], [0.6958333333333305, 0.8119999999999942], [0.6958333333333305, 0.8229166666666773], [1.0499999999999972, 1.0717391304347834], [0.5920000000000001, 0.8380952380952402], [0.5920000000000001, 0.5717391304347798], [1.5], [1.5], [1.0717391304347834, 0.5959999999999969], [1.0500000000000114, 0.6000000000000227], [1.0500000000000114, 0.8958333333333339], [0.7909090909090918], [0.7909090909090918], [0.7363636363636349], [0.7363636363636349], [0.8229166666666773], [0.593749999999997], [0.593749999999997], [0.5959999999999969], [0.8958333333333339, 0.768750000000003], [1.0500000000000114], [1.0500000000000114, 0.5500000000000114], [0.8380952380952402], [0.768750000000003], [1.0522727272727275, 0.6928571428571543], [1.0522727272727275, 0.2326086956521959], [0.5500000000000114, 0.5739130434782728], [1.5], [1.5], [8.388000000000051], [8.388000000000051], [0.3295454545454726], [0.3295454545454726], [0.10000000000002274], [0.8119999999999942], [2.699999999999997], [2.699999999999997], [0.6928571428571543], [0.2326086956521959], [0.5739130434782728, 0.6000000000000227], [0.591666666666678, 0.5326086956521863], [0.591666666666678, 0.597826086956534], [0.597826086956534], [0.5500000000000114], [0.5500000000000114, 1.5], [1.5], [1.5], [1.5, 0.5717391304347798], [1.0760869565217515], [1.0760869565217515, 0.5326086956521863]], "edges": [[1], [0, 36], [3], [2, 6], [5, 37], [4, 18], [3, 11], [8, 25], [7, 50], [10], [9], [6, 21], [13, 42], [12, 22], [15], [14], [17], [16], [5], [20], [19], [11], [13, 26], [24], [23, 29], [7], [22], [28, 40], [27, 41], [24, 42], [31], [30], [33], [32], [35], [34], [1], [4], [39], [38], [27], [28], [29, 12], [44, 52], [43, 45], [44], [47], [46, 48], [47], [50], [49, 8], [52], [51, 43]]}