{"vertices": [[419.0, 465.7340909090909], [373.0, 465.7340909090909], [524.6817172464841, 413.0], [524.6817172464841, 360.0], [524.6817172464841, 325.0], [524.6817172464841, 219.0], [300.0, 145.0], [300.0, 109.0], [300.34387351778656, 275.0], [300.34387351778656, 197.0], [300.34387351778656, 402.0], [300.34387351778656, 363.0], [521.0, 307.7936507936508], [447.0, 307.7936507936508], [335.0, 109.0], [410.5, 306.0], [410.5, 268.0], [409.0, 295.5], [392.0, 295.5], [470.0, 465.7340909090909], [524.0, 465.0], [524.6817172464841, 447.0], [525.0, 147.0], [525.0, 109.0], [491.0, 109.4910941475827], [300.34387351778656, 346.0], [300.0, 331.0], [300.34387351778656, 310.0], [375.0, 331.3180327868852], [338.0, 466.0], [301.0, 466.0], [300.34387351778656, 437.0]], "weights": [[2.85], [2.85], [3.15], [3.15], [3.05], [3.05], [2.75], [2.75, 3.15], [3.15], [3.15], [2.75], [2.75], [2.05], [2.05], [3.15], [1.1], [1.1], [1.2], [1.2], [2.75], [2.75, 2.65], [2.65], [1.5], [1.5, 3.05], [3.05], [2.9], [2.9, 2.9, 2.65], [2.9], [2.65], [3.35], [3.35, 6.15], [6.15]], "edges": [[1], [0], [3], [2], [5], [4], [7], [6, 14], [9], [8], [11], [10], [13], [12], [7], [16], [15], [18], [17], [20], [19, 21], [20], [23], [22, 24], [23], [26], [25, 27, 28], [26], [26], [30], [29, 31], [30]]}