{"weights": [[3.15], [3.15], [4.85], [4.85], [3.05], [3.05, 2.95], [2.85], [2.85], [2.75], [2.75], [2.05], [2.05], [2.95], [3.0], [3.0], [1.2], [1.2], [1.2], [1.2], [1.5], [1.5, 1.5, 1.65], [1.5], [1.65], [1.5], [1.5, 2.95], [2.95], [4.4], [4.4, 2.65], [2.65], [3.05], [3.05, 6.15], [6.15]], "edges": [[1], [0], [3], [2], [5], [4, 12], [7], [6], [9], [8], [11], [10], [5], [14], [13], [16], [15], [18], [17], [20], [19, 21, 22], [20], [20], [24], [23, 25], [24], [27], [26, 28], [27], [30], [29, 31], [30]], "vertices": [[524.1114285714285, 413.0], [524.1114285714285, 360.0], [524.8326055312955, 325.0], [524.8326055312955, 219.0], [301.0, 145.0], [301.0, 109.0], [300.7085020242915, 275.0], [300.7085020242915, 197.0], [299.5175438596491, 402.0], [299.5175438596491, 363.0], [521.0, 307.7936507936508], [447.0, 307.7936507936508], [335.0, 109.0], [419.0, 465.5], [373.0, 465.5], [410.5, 306.0], [410.5, 268.0], [409.0, 295.5], [392.0, 295.5], [300.1337209302326, 346.0], [300.0, 331.0], [300.1337209302326, 310.0], [375.0, 331.3180327868852], [526.0, 147.0], [526.0, 110.0], [491.0, 110.47448979591837], [470.0, 466.49546827794563], [523.0, 466.0], [523.5268817204301, 447.0], [338.0, 465.0], [300.0, 465.0], [299.4228187919463, 437.0]]}