{"vertices": [[760.0, 253.0], [760.0, 182.0], [612.0433333333333, 99.0], [612.0433333333333, 63.0], [612.0433333333333, 460.0], [612.0433333333333, 450.0], [186.41643059490085, 182.0], [186.41643059490085, 108.0], [186.0, 518.0], [186.0, 500.0], [706.0, 253.0], [418.26391382405745, 492.0], [418.26391382405745, 260.0], [424.0, 71.0], [378.0, 71.0], [491.0, 71.08988764044943], [461.0, 71.08988764044943], [327.0, 71.0], [301.0, 71.0], [645.0, 71.08988764044943], [613.0, 71.08988764044943], [531.0, 286.0], [475.0, 286.0], [382.0, 286.0], [361.0, 286.0], [70.0, 380.0], [70.0, 286.0], [69.50134770889488, 500.0], [69.50134770889488, 406.0], [475.0, 213.0], [432.0, 455.0416666666667], [421.0, 455.0416666666667], [84.0, 500.0], [70.0, 500.0], [169.0, 500.0], [318.0, 500.0], [301.0, 500.0], [413.0, 500.0], [402.0, 500.0], [612.0, 26.50943396226415], [591.0, 26.50943396226415], [509.0, 26.50943396226415], [488.0, 26.50943396226415], [530.6888888888889, 460.0], [530.6888888888889, 450.0], [531.0, 254.0], [531.0, 213.0], [438.0, 411.9457831325301], [421.0, 411.9457831325301], [201.0, 518.0], [326.0, 226.5], [303.0, 226.5], [418.77000000000004, 214.22999999999996], [404.0, 199.0], [378.0, 199.0], [491.0, 213.0], [518.0, 213.0], [718.0, 386.0], [718.0, 373.0], [778.0, 182.0], [646.0, 386.0], [646.0, 373.0], [760.0, 142.0], [760.0, 71.0], [726.0, 71.08988764044943], [301.0, 286.0], [186.0, 71.08988764044943], [301.0, 517.0], [285.0, 517.9764705882353], [612.0433333333333, 265.0], [612.0, 253.0], [612.0433333333333, 224.0], [658.0, 253.0], [612.0, 373.0], [612.0, 393.0], [599.0, 393.9866666666667], [612.0433333333333, 325.0], [612.0, 338.0], [186.41643059490085, 208.0], [186.0, 286.0], [361.51428571428573, 232.0], [742.4937238493724, 255.0], [742.0, 373.0], [631.0, 373.0], [778.0, 142.0], [530.6888888888889, 392.0], [530.0, 411.0], [510.0, 411.9457831325301], [631.0, 338.0], [378.0, 72.0], [345.0, 71.08988764044943]], "weights": [[1.75, 1.5], [1.75, 1.8], [0.5], [0.5], [5.25], [5.25], [0.7], [0.7], [1.45, 1.45], [1.45, 1.8], [1.5], [0.9], [0.9], [1.75], [1.75], [1.85], [1.85], [1.25], [1.25, 1.5, 0.5], [1.25], [1.25], [1.75], [1.75, 1.25], [1.65], [1.65, 1.75, 0.75], [0.75], [0.75, 0.5], [0.75], [0.75], [1.25, 0.5], [5.55], [5.55], [1.6], [1.6], [1.8], [1.5], [1.5, 4.85], [1.5], [1.5], [2.5500000000000003], [2.5500000000000003], [2.1500000000000004], [2.1500000000000004], [4.75], [4.75], [0.9], [0.9, 0.5], [2.25], [2.25], [1.45], [1.0], [1.0], [1.000000000000008], [1.000000000000008, 0.95], [0.95, 1.85], [0.5], [0.5], [2.2], [2.2, 3.25], [1.8, 1.75], [2.2], [2.2, 2.45], [1.75, 2.2], [1.75, 1.25], [1.25], [1.5, 1.75], [0.5], [4.85, 1.15], [1.15], [0.4], [0.4, 0.4, 1.5], [0.4], [1.5], [0.25, 2.45], [0.25, 2.6], [2.6], [0.3], [0.3, 1.0], [0.85], [0.85, 0.5], [0.75], [1.75], [1.75, 3.25], [2.45, 2.45, 4.4], [1.75, 2.2], [6.45], [6.45, 2.05], [2.05], [1.0, 4.4], [1.85, 1.75], [1.75]], "edges": [[1, 10], [0, 59], [3], [2], [5], [4], [7], [6], [9, 49], [8, 34], [0], [12], [11], [14], [13], [16], [15], [18], [17, 65, 66], [20], [19], [22], [21, 29], [24], [23, 65, 80], [26], [25, 79], [28], [27], [22, 55], [31], [30], [33], [32], [9], [36], [35, 67], [38], [37], [40], [39], [42], [41], [44], [43], [46], [45, 56], [48], [47], [8], [51], [50], [53], [52, 54], [53, 89], [29], [46], [58], [57, 82], [1, 84], [61], [60, 83], [63, 84], [62, 64], [63], [18, 24], [18], [36, 68], [67], [70], [69, 71, 72], [70], [70], [74, 83], [73, 75], [74], [77], [76, 88], [79], [78, 26], [24], [82], [81, 58], [61, 73, 88], [59, 62], [86], [85, 87], [86], [77, 83], [54, 90], [89]]}