{"weights": [[1.95, 2.0], [1.95, 1.6], [1.35, 2.0], [1.35, 1.25], [4.9], [4.9], [1.05], [1.05], [1.75], [1.75, 2.05, 1.75], [0.75], [0.75], [0.75], [0.75], [0.85], [0.85, 0.75], [1.65, 1.75], [1.65, 0.6], [0.85], [0.85], [0.75], [0.75], [5.15], [5.15], [1.75], [1.5], [1.5], [1.15], [1.15], [2.2], [2.2], [2.0], [2.0], [1.25], [4.9], [4.9], [1.6], [5.5], [5.5], [1.85], [1.85], [2.1], [2.1, 0.8], [1.5], [1.5], [3.45, 1.35], [3.45, 1.5], [2.45], [2.45], [1.5], [1.35], [1.5], [1.5, 1.45], [1.0], [1.0], [2.35], [2.35], [1.0, 0.8], [1.0, 0.5], [1.350000000000007], [1.350000000000007, 1.55], [1.5], [1.5], [1.55, 2.05], [0.6], [2.3], [2.3, 3.25], [1.6, 1.75], [1.6, 1.75], [2.3], [2.3, 3.35], [0.8], [0.5], [1.45, 1.25], [1.25], [0.75], [0.75, 0.75], [1.75], [1.3], [1.3, 1.75], [1.75], [1.75, 3.25], [1.5], [1.5, 2.0], [3.35, 3.35, 0.8], [3.35, 3.7], [1.75, 2.0], [3.7, 2.05], [2.05], [7.3], [7.3, 2.05], [2.05]], "edges": [[1, 86], [0, 36], [3, 83], [2, 33], [5], [4], [7], [6], [9], [8, 63, 77], [11], [10], [13], [12], [15], [14, 76], [17, 24], [16, 64], [19], [18], [21], [20], [23], [22], [16], [26], [25], [28], [27], [30], [29], [32], [31], [3], [35], [34], [1], [38], [37], [40], [39], [42], [41, 71], [44], [43], [46, 50], [45, 49], [48], [47], [46], [45], [52], [51, 73], [54], [53], [56], [55], [58, 84], [57, 72], [60], [59, 63], [62], [61], [60, 9], [17], [66], [65, 81], [68, 86], [67, 79], [70], [69, 84], [42], [58], [52, 74], [73], [76], [75, 15], [9], [79], [78, 68], [81], [80, 66], [83], [82, 2], [70, 85, 57], [84, 87], [67, 0], [85, 88], [87], [90], [89, 91], [90]], "vertices": [[760.0, 142.0], [760.0, 71.0], [301.0, 286.0], [301.0, 71.0], [611.0, 99.0], [611.0, 63.0], [418.26391382405745, 492.0], [418.26391382405745, 260.0], [424.0, 71.0], [378.0, 71.0], [186.4931506849315, 182.0], [186.4931506849315, 108.0], [301.0, 70.50222222222222], [186.0, 70.50222222222222], [69.0, 380.0], [69.0, 287.0], [475.0, 286.0], [475.0, 213.0], [610.8585858585859, 265.0], [610.8585858585859, 224.0], [69.50531914893617, 500.0], [69.50531914893617, 406.0], [432.0, 455.0416666666667], [421.0, 455.0416666666667], [531.0, 286.0], [84.0, 500.0], [70.0, 500.0], [658.0, 252.992700729927], [612.0, 252.992700729927], [491.0, 71.48717948717949], [461.0, 71.48717948717949], [612.0, 26.5], [591.0, 26.5], [327.0, 71.0], [531.0, 460.0], [531.0, 450.0], [726.0, 71.0], [611.0, 460.0], [611.0, 450.0], [382.0, 286.0], [362.0, 286.0], [531.0, 254.0], [531.0, 213.0], [645.0, 71.0], [613.0, 71.0], [186.0, 518.0], [186.0, 500.0], [509.0, 26.518987341772153], [488.0, 26.518987341772153], [169.0, 500.0], [201.0, 518.0], [318.0, 500.0], [301.0, 500.0], [326.0, 226.5], [303.0, 226.5], [438.0, 411.9878048780488], [421.0, 411.9878048780488], [631.0, 338.0], [610.0, 338.0], [418.77000000000004, 214.22999999999996], [404.0, 199.0], [413.0, 500.0], [402.0, 500.0], [378.0, 199.0], [491.0, 213.0], [718.0, 386.0], [718.0, 373.0], [778.0, 182.0], [760.0, 182.0], [646.0, 386.0], [646.0, 373.0], [518.0, 213.0], [610.0, 325.0], [301.0, 517.0], [285.0, 517.9756097560976], [186.5032258064516, 208.0], [186.0, 287.0], [345.0, 71.4424778761062], [706.0, 253.0063694267516], [760.0, 253.0], [742.4937238493724, 255.0], [742.0, 373.0], [361.51428571428573, 232.0], [361.0, 286.0], [631.0, 373.0], [616.0, 373.0], [778.0, 142.0], [616.0, 393.0], [599.0, 393.9866666666667], [530.5, 392.0], [530.0, 411.0], [510.0, 411.9047619047619]]}