{"weights": [[1.25], [1.25], [1.45], [1.45, 0.75], [1.5, 1.15], [1.5, 0.75, 0.8], [1.0, 1.2], [1.0], [1.35, 1.6], [1.35, 1.0], [1.25], [1.25], [1.45], [1.45], [0.75, 1.6], [0.75, 2.25], [2.95], [2.95], [1.25], [1.25, 3.9], [0.75, 1.9], [1.85, 0.75], [1.85, 1.6], [1.95], [1.95, 1.4000000000000012], [1.2, 1.3], [1.2, 1.5, 1.25], [1.5], [1.5], [1.25], [1.25, 1.5, 1.6], [3.9], [0.75], [0.75], [1.55, 2.25], [1.55, 0.75], [1.0], [1.5], [1.6], [2.25], [1.4, 0.8], [1.4, 1.1], [2.25], [1.7], [1.7], [0.75], [1.2], [1.0], [1.0], [1.25], [1.25, 1.5], [0.75, 0.85], [1.5], [1.25], [1.15], [1.15], [0.8], [1.1], [1.1], [1.15], [1.1], [1.6], [0.85], [1.6], [1.6, 1.35], [1.3], [1.9], [1.35, 1.25], [1.75], [1.75], [1.4], [1.4], [1.55], [1.55], [1.15], [1.15], [0.65], [0.65], [1.4000000000000012], [0.6], [0.6], [1.2], [1.2], [1.25], [1.1], [1.1], [1.3], [1.3], [0.9], [0.9], [1.35], [1.35], [1.0], [1.0], [0.8], [1.5, 0.75], [0.75], [0.95], [0.95, 1.2], [1.2], [1.0], [1.0, 1.2], [1.2], [2.9], [2.9, 1.15], [1.15], [0.75], [0.75, 0.75, 1.0500000000000083], [1.0500000000000083], [1.35], [1.35, 1.35, 1.6999999999999975], [1.35], [1.6999999999999975], [1.25], [1.25, 1.0], [1.0]], "edges": [[1], [0], [3], [2, 107], [5, 59], [4, 20, 56], [7, 46], [6], [9, 38], [8, 36], [11], [10], [13], [12], [15, 22], [14, 42], [17], [16], [19], [18, 31], [5, 66], [22, 45], [21, 14], [24], [23, 78], [26, 65], [25, 37, 53], [28], [27], [30], [29, 52, 61], [19], [33], [32], [35, 39], [34, 51], [9], [26], [8], [34], [41, 94], [40, 60], [15], [44], [43], [21], [6], [48], [47], [50], [49, 95], [35, 62], [30], [26], [55], [54], [5], [58], [57], [4], [41], [30], [51], [64], [63, 67], [25], [20], [64, 83], [69], [68], [71], [70], [73], [72], [75], [74], [77], [76], [24], [80], [79], [82], [81], [67], [85], [84], [87], [86], [89], [88], [91], [90], [93], [92], [40], [50, 96], [95], [98], [97, 99], [98], [101], [100, 102], [101], [104], [103, 105], [104], [107], [106, 3, 108], [107], [110], [109, 111, 112], [110], [110], [114], [113, 115], [114]], "vertices": [[720.9969325153374, 137.0], [720.9969325153374, 27.0], [488.0, 336.0], [488.0, 267.0], [290.0, 186.0], [290.0, 27.0], [130.0, 390.0], [130.0, 262.0], [240.0, 156.0], [172.0, 156.0], [263.997668997669, 402.0], [263.997668997669, 258.0], [599.0, 227.98598130841123], [525.0, 227.98598130841123], [130.0, 156.0], [130.0, 27.0], [721.0, 227.9931506849315], [673.0, 227.9931506849315], [365.0, 412.0], [365.0, 262.0], [233.0, 27.0], [107.0, 261.0], [107.0, 156.0], [548.0, 370.0], [548.0, 235.0], [721.0, 188.0], [639.0, 188.0], [677.0, 28.0], [610.0, 28.0], [605.0, 510.0], [605.0, 434.0], [453.0, 262.0], [589.0, 535.0], [542.0, 535.0], [238.0, 215.0], [171.0, 215.0], [172.0, 182.0], [639.0, 172.0], [240.0, 215.0], [238.0, 237.0], [488.0, 412.0], [488.0, 371.0], [160.0, 27.0], [262.0, 390.0], [226.0, 390.0], [130.0, 261.0], [163.0, 390.0], [294.0, 402.0], [264.0, 402.0], [519.0, 28.0], [488.0, 28.0], [171.0, 261.0], [624.0, 434.0], [639.0, 229.0], [721.0, 241.0], [721.0, 228.0], [309.0, 27.0], [363.0, 401.5], [330.0, 401.5], [324.0, 186.0], [548.0, 371.0], [586.0, 434.0], [209.0, 261.0], [288.0, 94.0], [264.0, 94.0], [721.0, 168.0], [233.0, 16.0], [264.0, 116.0], [549.2058823529412, 257.2058823529412], [577.2058823529412, 229.20588235294122], [666.0, 434.0], [648.0, 434.0], [130.0, 223.01612903225808], [109.0, 223.01612903225808], [488.0, 27.869565217391305], [468.0, 27.869565217391305], [223.5, 320.0], [223.5, 304.0], [516.7280701754386, 265.7280701754387], [225.0, 93.0], [225.0, 82.0], [411.0, 11.5], [401.0, 11.5], [288.0, 116.0], [562.0, 434.0], [547.0, 434.0], [129.0, 194.5], [110.0, 194.5], [450.5217391304348, 346.0], [450.5217391304348, 331.0], [380.0, 287.0263157894737], [367.0, 287.0263157894737], [377.0, 11.0], [367.0, 11.0], [476.0, 412.0], [488.0, 186.0], [456.0, 186.4915254237288], [667.4070080862533, 383.0], [667.0, 534.0], [621.0, 534.5], [542.5, 404.0], [542.0, 534.0], [524.0, 534.5], [633.0, 349.1760391198044], [721.0, 349.0], [721.304347826087, 286.0], [546.0, 267.0], [500.0, 267.0], [507.2611940298508, 247.2611940298508], [596.0, 347.8305084745763], [575.0, 347.0], [550.0, 347.8305084745763], [549.1574074074074, 320.8425925925926], [440.98591549295776, 264.0], [440.0, 288.0], [429.0, 288.0]]}