{"weights": [[0.5], [0.5], [0.5], [0.5], [0.75], [0.75], [0.6], [0.6, 0.5500000000000044], [1.2], [1.2], [0.5500000000000044], [2.6], [2.6, 1.2], [0.500000000000004], [0.500000000000004], [5.2], [5.2], [0.8], [0.8], [2.850000000000005], [2.850000000000005], [0.8], [0.8], [1.2], [0.6000000000000048, 0.500000000000004], [0.6000000000000048], [0.500000000000004], [0.5], [0.5], [0.7], [0.7], [0.8], [0.8, 0.75], [0.75]], "edges": [[1], [0], [3], [2], [5], [4], [7], [6, 10], [9], [8], [7], [12], [11, 23], [14], [13], [16], [15], [18], [17], [20], [19], [22], [21], [12], [25, 26], [24], [24], [28], [27], [30], [29], [32], [31, 33], [32]], "vertices": [[152.0, 390.0], [152.0, 149.0], [407.9449541284404, 227.0], [407.9449541284404, 21.0], [535.5046296296297, 227.0], [535.5046296296297, 118.0], [536.0, 354.0], [417.0, 354.0], [535.5, 308.0], [535.5, 267.0], [445.0, 382.0], [417.0, 327.0], [417.0, 316.0], [153.74999999999997, 253.74999999999997], [219.24999999999997, 188.24999999999997], [301.0, 212.0], [290.0, 212.0], [347.0, 206.0], [302.0, 206.0], [346.00000000000006, 221.00000000000006], [358.00000000000006, 209.00000000000006], [535.5121951219512, 420.0], [535.5121951219512, 399.0], [437.0, 316.0], [464.0, 317.0], [482.44897959183663, 298.44897959183663], [482.2424242424243, 334.7575757575758], [328.0, 428.0], [328.0, 410.0], [379.0, 365.0], [359.0, 365.0], [508.0, 491.0], [535.0, 491.0], [535.516129032258, 474.0]]}