{"weights": [[0.9], [0.9], [0.25], [0.25], [0.25], [0.25, 0.7], [0.7]], "edges": [[1], [0], [3], [2], [5], [4, 6], [5]], "vertices": [[310.0, 313.0], [293.0, 313.0], [310.0, 334.61538461538464], [295.0, 334.61538461538464], [415.0, 334.61538461538464], [427.0, 334.0], [427.0, 318.0]]}