{"vertices": [[152.0, 390.0], [152.0, 149.0], [408.4913793103448, 227.0], [408.4913793103448, 21.0], [408.4913793103448, 327.0], [408.4913793103448, 313.0], [535.5054054054054, 227.0], [535.5054054054054, 118.0], [535.5054054054054, 308.0], [535.5054054054054, 267.0], [535.5054054054054, 420.0], [535.5054054054054, 399.0], [536.0, 354.0], [417.0, 354.0], [445.0, 382.0], [153.74999999999997, 253.74999999999997], [219.24999999999997, 188.24999999999997], [301.0, 207.17857142857142], [290.0, 207.17857142857142], [347.0, 207.17857142857142], [302.0, 207.17857142857142], [346.00000000000006, 221.00000000000006], [358.00000000000006, 209.00000000000006], [437.0, 316.5], [418.0, 316.5], [464.0, 317.0], [482.44897959183663, 298.44897959183663], [482.2424242424243, 334.7575757575758], [328.0, 428.0], [328.0, 410.0], [379.0, 365.0], [359.0, 365.0], [535.5054054054054, 474.0], [535.0, 491.0], [508.0, 491.0]], "weights": [[0.8], [0.8], [0.5], [0.5], [0.25], [0.25], [0.75], [0.75], [0.75], [0.75], [1.45], [1.45], [1.0], [1.0, 1.25000000000001], [1.25000000000001], [0.500000000000004], [0.500000000000004], [0.25], [0.25], [0.5], [0.5], [2.350000000000007], [2.350000000000007], [1.2], [1.2], [0.8500000000000068, 0.500000000000004], [0.8500000000000068], [0.500000000000004], [0.5], [0.5], [0.5], [0.5], [0.85], [0.85, 0.8], [0.8]], "edges": [[1], [0], [3], [2], [5], [4], [7], [6], [9], [8], [11], [10], [13], [12, 14], [13], [16], [15], [18], [17], [20], [19], [22], [21], [24], [23], [26, 27], [25], [25], [29], [28], [31], [30], [33], [32, 34], [33]]}