{"vertices": [[282.9139240506329, 73.0], [282.9139240506329, 60.0], [282.9139240506329, 177.0], [282.9139240506329, 139.0], [282.9139240506329, 258.0], [282.9139240506329, 242.0], [282.9139240506329, 225.0], [282.9139240506329, 209.0], [282.9139240506329, 124.0], [282.9139240506329, 91.0], [623.0, 532.46529562982], [532.0, 532.46529562982], [277.0, 426.0], [251.0, 426.0], [488.0, 425.7291280148423], [456.0, 425.7291280148423], [488.0, 543.0], [488.0, 426.0], [487.62142857142857, 308.0], [487.62142857142857, 290.0], [398.24050632911394, 301.0], [398.24050632911394, 291.0], [648.1, 67.0], [648.1, 57.0], [648.1, 105.0], [648.1, 74.0], [648.1, 215.0], [648.1, 198.0], [648.1, 254.0], [648.1, 225.0], [256.0, 97.50420168067227], [196.0, 97.50420168067227], [173.21818181818182, 225.0], [173.21818181818182, 201.0], [173.21818181818182, 282.0], [173.21818181818182, 266.0], [173.21818181818182, 199.0], [173.21818181818182, 187.0], [173.21818181818182, 389.0], [173.21818181818182, 297.0], [208.0, 306.5], [175.0, 306.5], [251.0, 434.0], [251.0, 389.0], [250.816091954023, 132.0], [250.816091954023, 120.0], [528.8666666666667, 276.0], [528.8666666666667, 259.0], [528.8666666666667, 308.0], [528.8666666666667, 291.0], [342.0, 433.9811320754717], [330.0, 433.9811320754717], [409.0, 433.9811320754717], [396.0, 433.9811320754717], [263.0, 434.0], [227.0, 389.0], [501.0, 543.0], [501.0, 530.0], [550.0, 541.5], [534.0, 541.5], [316.0, 425.7291280148423], [341.0, 425.0], [341.525, 434.0], [341.525, 401.0], [422.0, 426.0], [398.0, 426.0], [398.24050632911394, 401.0], [648.1, 284.0], [648.0, 326.0], [623.0, 326.50657894736844], [398.24050632911394, 307.0], [399.0, 327.0], [421.0, 327.0]], "weights": [[1.0], [1.0], [0.25], [0.25], [5.95], [5.95], [4.65], [4.65], [0.25], [0.25], [1.75], [1.75], [3.05], [3.05, 0.5, 0.5], [0.25], [0.25], [5.05], [5.05], [0.25], [0.25], [0.45], [0.45], [1.3], [1.3], [1.35], [1.35], [0.5], [0.5], [0.5], [0.5], [0.75], [0.75], [0.6], [0.6], [0.55], [0.55], [0.5], [0.5], [0.5], [0.5], [1.1], [1.1], [0.5, 7.25], [0.5, 0.6], [0.25], [0.25], [0.3], [0.3], [0.5], [0.5], [1.5], [1.5], [6.05], [6.05], [7.25], [0.6], [1.5], [1.5], [7.0], [7.0], [7.55], [7.55, 0.75, 0.75], [0.75], [0.75], [3.55], [3.55, 0.65], [0.65], [0.5], [0.5, 0.75], [0.75], [0.5], [0.5, 4.4], [4.4]], "edges": [[1], [0], [3], [2], [5], [4], [7], [6], [9], [8], [11], [10], [13], [12, 42, 43], [15], [14], [17], [16], [19], [18], [21], [20], [23], [22], [25], [24], [27], [26], [29], [28], [31], [30], [33], [32], [35], [34], [37], [36], [39], [38], [41], [40], [13, 54], [13, 55], [45], [44], [47], [46], [49], [48], [51], [50], [53], [52], [42], [43], [57], [56], [59], [58], [61], [60, 62, 63], [61], [61], [65], [64, 66], [65], [68], [67, 69], [68], [71], [70, 72], [71]]}