{"weights": [[2.4], [2.4], [4.3], [4.3], [4.25], [4.25], [0.85], [0.85], [5.55], [5.55], [2.6], [2.6], [1.6], [1.6], [0.75], [0.75], [3.65], [3.65], [2.15], [2.15], [0.8], [0.8], [3.0], [3.0], [1.0], [1.0], [0.5], [0.5], [6.5, 7.4], [6.5], [4.3], [4.3], [0.6], [0.6], [0.6], [0.6], [0.5], [0.5], [0.9], [0.9], [1.5], [1.5], [1.05], [1.05], [1.5], [1.5], [0.7, 0.75], [0.7], [0.6], [0.6], [8.4], [8.4], [0.5], [0.5], [0.6], [0.6], [0.7], [0.7], [2.3], [2.3], [1.0], [1.0], [7.0], [7.0], [0.5], [0.5], [7.4], [4.35], [4.35, 0.75], [1.85], [1.85, 0.7], [0.7], [1.5], [1.5, 0.5], [0.5]], "edges": [[1], [0], [3], [2], [5], [4], [7], [6], [9], [8], [11], [10], [13], [12], [15], [14], [17], [16], [19], [18], [21], [20], [23], [22], [25], [24], [27], [26], [29, 66], [28], [31], [30], [33], [32], [35], [34], [37], [36], [39], [38], [41], [40], [43], [42], [45], [44], [47, 68], [46], [49], [48], [51], [50], [53], [52], [55], [54], [57], [56], [59], [58], [61], [60], [63], [62], [65], [64], [28], [68], [67, 46], [70], [69, 71], [70], [73], [72, 74], [73]], "vertices": [[281.0, 73.0], [281.0, 60.0], [623.0, 532.46529562982], [532.0, 532.46529562982], [342.0, 426.20245398773005], [316.0, 426.20245398773005], [280.24175824175825, 177.0], [280.24175824175825, 139.0], [284.15909090909093, 258.0], [284.15909090909093, 242.0], [397.0, 301.0], [397.0, 291.0], [648.0, 67.0], [648.0, 57.0], [256.0, 97.50420168067227], [196.0, 97.50420168067227], [284.23809523809524, 225.0], [284.23809523809524, 209.0], [648.25, 105.0], [648.25, 74.0], [173.53333333333333, 225.0], [173.53333333333333, 201.0], [421.0, 327.0], [391.0, 327.0], [208.0, 306.5], [175.0, 306.5], [173.0, 282.0], [173.0, 266.0], [251.0, 433.0], [251.0, 425.0], [422.0, 426.0416666666667], [396.0, 426.0416666666667], [174.0, 199.0], [174.0, 187.0], [528.0, 276.0], [528.0, 259.0], [648.0, 215.0], [648.0, 198.0], [281.0, 124.0], [281.0, 91.0], [342.0, 434.0], [330.0, 434.0], [341.525, 422.0], [341.525, 401.0], [409.0, 433.47058823529414], [396.0, 433.47058823529414], [252.0, 389.0], [227.0, 389.0], [173.0, 389.0], [173.0, 297.0], [501.0, 543.0], [501.0, 530.0], [487.0, 308.0], [487.0, 290.0], [648.0, 254.0], [648.0, 225.0], [529.3928571428571, 308.0], [529.3928571428571, 291.0], [399.5483870967742, 324.0], [399.5483870967742, 307.0], [397.5, 420.0], [397.5, 401.0], [550.0, 541.5], [534.0, 541.5], [247.0, 132.0], [247.0, 120.0], [263.0, 433.0], [277.0, 425.0], [252.0, 425.0], [488.0, 543.0], [488.0, 422.0], [456.0, 422.3478260869565], [623.0, 325.5], [648.0, 325.0], [648.0, 284.0]]}