{"vertices": [[698.4955882352941, 280.0], [698.4955882352941, 150.0], [698.4955882352941, 130.0], [698.4955882352941, 59.0], [162.46022099447515, 518.0], [162.46022099447515, 315.0], [162.0, 184.0], [162.0, 16.0], [162.46022099447515, 287.0], [162.46022099447515, 212.0], [279.00631578947366, 325.0], [279.00631578947366, 265.0], [279.00631578947366, 118.0], [279.00631578947366, 18.0], [421.4900849858357, 542.0], [421.4900849858357, 453.0], [330.5255102040816, 113.0], [330.5255102040816, 97.0], [331.0, 542.0], [331.0, 516.0], [648.0, 324.3489583333333], [567.0, 324.3489583333333], [393.0, 324.3489583333333], [366.0, 324.3489583333333], [295.0, 16.49798657718121], [205.0, 16.49798657718121], [607.0, 16.0], [576.0, 16.0], [177.0, 16.0], [593.0, 437.0], [576.0, 437.0], [575.9188640973631, 503.0], [575.9188640973631, 493.0], [576.0, 34.0], [421.0, 112.531328320802], [400.0, 112.531328320802], [346.0, 113.0], [331.0, 113.0], [455.0, 112.531328320802], [423.0, 112.531328320802], [522.0, 455.7412587412587], [494.0, 455.7412587412587], [663.0, 238.0], [605.0, 238.0], [310.3492063492063, 260.0], [310.3492063492063, 233.0], [317.0, 516.0], [698.0, 40.0], [698.0, 16.0], [662.0, 16.49798657718121], [698.4955882352941, 321.0], [698.0, 437.0], [656.0, 437.3640350877193], [331.0, 70.0], [331.0, 16.0], [314.0, 16.49798657718121], [575.9188640973631, 89.0], [575.0, 112.0], [535.0, 112.531328320802], [576.0, 455.0], [585.0, 455.7412587412587], [564.0, 455.7412587412587]], "weights": [[2.05], [2.05], [1.75], [1.75], [2.35], [2.35], [1.75], [1.75, 1.75], [1.75], [1.75], [1.35], [1.35], [1.25], [1.25], [1.75], [1.75], [2.85], [2.85], [3.35], [3.35, 1.9], [0.75], [0.75], [0.85], [0.85], [1.75], [1.75], [3.25], [3.25, 0.35], [1.75], [1.5], [1.5, 8.45], [0.5], [0.5], [0.35], [1.55], [1.55], [1.55], [1.55], [1.75], [1.75], [1.65], [1.65], [0.5], [0.5], [3.2], [3.2], [1.9], [1.95], [1.95, 1.75], [1.75], [1.75], [1.75, 1.75], [1.75], [1.85], [1.85, 1.85], [1.85], [0.25], [0.25, 1.65], [1.65], [8.45, 7.05, 7.05], [7.05], [7.05]], "edges": [[1], [0], [3], [2], [5], [4], [7], [6, 28], [9], [8], [11], [10], [13], [12], [15], [14], [17], [16], [19], [18, 46], [21], [20], [23], [22], [25], [24], [27], [26, 33], [7], [30], [29, 59], [32], [31], [27], [35], [34], [37], [36], [39], [38], [41], [40], [43], [42], [45], [44], [19], [48], [47, 49], [48], [51], [50, 52], [51], [54], [53, 55], [54], [57], [56, 58], [57], [30, 60, 61], [59], [59]]}