{"weights": [[1.85], [1.85], [1.85], [1.85], [1.8], [1.8], [1.75], [1.75], [0.9], [0.9], [1.75], [1.75], [1.75], [1.75], [2.0], [2.0, 2.2], [1.5], [1.5, 1.5], [1.45], [1.45], [1.75], [1.75], [2.2], [2.2, 1.75], [1.85], [1.85], [5.0], [5.0], [1.75], [1.75], [1.65], [1.65], [0.9], [0.9], [3.65], [3.65], [2.85], [2.85, 2.0], [1.75], [1.75], [0.5], [0.5], [1.75], [1.75], [2.2], [1.5], [1.75], [2.0], [2.25], [2.25, 2.0], [2.0], [1.65], [1.65, 2.0], [2.0], [1.75], [1.75, 1.75], [1.75], [4.05], [4.05, 1.8], [1.8], [7.15], [7.15, 8.45], [8.45]], "edges": [[1], [0], [3], [2], [5], [4], [7], [6], [9], [8], [11], [10], [13], [12], [15], [14, 44], [17], [16, 45], [19], [18], [21], [20], [23], [22, 46], [25], [24], [27], [26], [29], [28], [31], [30], [33], [32], [35], [34], [37], [36, 47], [39], [38], [41], [40], [43], [42], [15], [17], [23], [37], [49], [48, 50], [49], [52], [51, 53], [52], [55], [54, 56], [55], [58], [57, 59], [58], [61], [60, 62], [61]], "vertices": [[698.4941860465116, 280.0], [698.4941860465116, 150.0], [162.4164677804296, 518.0], [162.4164677804296, 315.0], [279.0, 325.0], [279.0, 265.0], [421.4900849858357, 542.0], [421.4900849858357, 453.0], [648.0, 324.24242424242425], [567.0, 324.24242424242425], [330.5820895522388, 113.0], [330.5820895522388, 97.0], [295.0, 16.491620111731844], [205.0, 16.491620111731844], [607.0, 16.0], [572.0, 16.0], [593.0, 437.0], [574.0, 437.0], [279.0101694915254, 118.0], [279.0101694915254, 18.0], [698.4892857142858, 130.0], [698.4892857142858, 59.0], [162.0, 184.0], [162.0, 17.0], [162.49324324324326, 287.0], [162.49324324324326, 212.0], [580.5, 503.0], [580.5, 493.0], [421.0, 112.51851851851852], [400.0, 112.51851851851852], [522.0, 455.54128440366975], [494.0, 455.54128440366975], [663.0, 238.0], [605.0, 238.0], [310.3492063492063, 260.0], [310.3492063492063, 233.0], [331.0, 542.0], [331.0, 516.0], [346.0, 113.0], [331.0, 113.0], [393.0, 325.0], [366.0, 325.0], [455.0, 112.51612903225806], [423.0, 112.51612903225806], [572.0, 34.0], [574.0, 455.0], [177.0, 17.0], [317.0, 516.0], [699.0, 40.0], [699.0, 16.0], [662.0, 16.5], [331.0, 70.0], [331.0, 16.0], [314.0, 16.5], [698.4936170212766, 321.0], [698.0, 437.0], [656.0, 437.50943396226415], [535.0, 112.55172413793103], [571.0, 112.0], [571.5, 89.0], [564.0, 456.38235294117646], [582.0, 456.0], [582.4516129032259, 439.0]]}