{"vertices": [[550.0, 240.0], [550.0, 202.0], [549.7931034482758, 151.0], [549.7931034482758, 117.0], [148.34982332155477, 296.0], [148.34982332155477, 254.0], [148.34982332155477, 83.0], [148.34982332155477, 52.0], [596.0, 240.0], [677.0, 239.90291262135923], [630.0, 239.90291262135923], [677.0, 202.00763358778627], [657.0, 202.00763358778627], [571.0, 202.0], [653.0, 202.00763358778627], [639.0, 202.00763358778627], [185.38129496402877, 319.0], [185.38129496402877, 255.0], [195.0, 107.79569892473118], [166.0, 107.79569892473118], [157.0, 107.79569892473118], [146.0, 107.79569892473118], [495.0, 294.0], [495.0, 263.0], [483.0, 263.0], [184.0, 290.9526627218935], [155.0, 290.9526627218935], [279.0, 232.0], [279.0, 202.0], [241.0, 202.00763358778627], [278.7118644067797, 306.0], [278.0, 318.0], [252.38709677419354, 298.0], [252.0, 318.0]], "weights": [[0.85, 0.6], [0.85, 0.25], [1.3], [1.3], [4.6], [4.6], [1.6], [1.6], [0.6], [0.7], [0.7], [0.35], [0.35], [0.25], [0.25], [0.25], [1.65], [1.65], [0.95], [0.95], [1.05], [1.05], [1.65], [1.65, 1.1], [1.1], [4.15], [4.15], [0.25], [0.25, 0.25], [0.25], [0.25], [0.25, 1.15], [1.45], [1.45, 1.15]], "edges": [[1, 8], [0, 13], [3], [2], [5], [4], [7], [6], [0], [10], [9], [12], [11], [1], [15], [14], [17], [16], [19], [18], [21], [20], [23], [22, 24], [23], [26], [25], [28], [27, 29], [28], [31], [30, 33], [33], [32, 31]]}