{"weights": [[1.45, 1.6], [1.45, 0.55], [1.9], [1.9], [3.95], [3.95], [1.6], [0.6], [0.6], [2.0], [2.0], [0.5], [0.5], [0.55], [1.75], [1.75], [1.25], [1.25], [0.75], [0.75, 1.3], [1.3], [4.65], [4.65], [0.9], [0.9], [1.3], [1.3], [0.75], [0.75, 1.2], [1.2], [0.7], [0.7, 2.2], [1.5], [1.5, 2.2]], "edges": [[1, 6], [0, 13], [3], [2], [5], [4], [0], [8], [7], [10], [9], [12], [11], [1], [15], [14], [17], [16], [19], [18, 20], [19], [22], [21], [24], [23], [26], [25], [28], [27, 29], [28], [31], [30, 33], [33], [32, 31]], "vertices": [[550.0, 240.0], [550.0, 197.0], [549.989898989899, 151.0], [549.989898989899, 117.0], [148.85436893203882, 291.0], [148.85436893203882, 254.0], [596.0, 240.0], [677.0, 239.82456140350877], [630.0, 239.82456140350877], [147.0, 83.0], [147.0, 52.0], [677.0, 197.0], [657.0, 197.0], [571.0, 197.0], [185.38129496402877, 319.0], [185.38129496402877, 255.0], [195.0, 108.03658536585365], [166.0, 108.03658536585365], [495.0, 294.0], [495.0, 263.0], [483.0, 263.0], [184.0, 291.0], [149.0, 291.0], [653.0, 197.0], [639.0, 197.0], [157.0, 106.0], [146.0, 106.0], [276.0, 232.0], [276.0, 206.0], [241.0, 206.5], [252.38709677419354, 298.0], [252.0, 318.0], [284.5, 306.0], [284.0, 318.0]]}