{"vertices": [[296.0, 18.0], [75.0, 18.0], [296.0, 218.0], [296.0, 122.0], [296.0, 381.0], [296.0, 260.0], [296.0, 473.0], [296.0, 415.0], [296.0, 65.0], [753.0, 473.0], [753.0, 363.0], [372.50114942528734, 473.0], [372.50114942528734, 255.0], [626.8587570621469, 331.0], [626.8587570621469, 253.0], [626.8587570621469, 472.0], [626.8587570621469, 458.0], [373.0, 218.0], [666.0, 218.0], [604.0, 218.0], [678.0, 473.0], [259.0, 473.0], [538.0, 473.0], [476.0, 473.0], [230.0, 473.0], [182.0, 473.0], [448.0, 473.0], [373.0, 473.0], [604.0, 473.0], [587.0, 473.0], [166.1265060240964, 132.0], [166.1265060240964, 19.0], [75.0, 178.0], [75.0, 492.0], [75.0, 457.0], [75.0, 281.0], [75.0, 259.0], [535.0, 425.27927927927925], [483.0, 425.27927927927925], [485.55445544554453, 472.0], [485.55445544554453, 457.0], [485.55445544554453, 229.0], [485.55445544554453, 215.0], [114.0, 492.0], [182.0, 492.0], [143.0, 492.0], [752.0, 317.0], [668.0, 317.0], [604.0, 259.0], [198.0, 221.0], [198.0, 170.0], [413.0, 362.6026936026936], [381.0, 362.6026936026936], [753.0, 362.6026936026936], [664.0, 362.6026936026936], [371.0, 363.0], [334.0, 363.0], [371.0, 415.0], [348.0, 415.0], [324.0, 415.0], [618.8965517241379, 300.0], [618.8965517241379, 288.0], [125.0, 126.0], [125.0, 97.0], [98.0, 108.5], [76.0, 108.5], [668.0, 339.0], [600.0, 270.0], [590.0, 270.0], [753.0, 326.0], [753.0, 218.0], [695.0, 218.2785388127854], [626.8587570621469, 365.0], [626.0, 425.0], [607.0, 425.0], [258.0, 218.2785388127854], [166.0, 218.0], [75.0, 218.2785388127854], [166.1265060240964, 198.0], [334.0, 316.0], [334.0, 362.0], [297.0, 362.6026936026936], [649.0, 473.0], [607.0, 473.0], [599.0, 473.0], [166.1265060240964, 163.0], [166.0, 168.0], [260.0, 168.0], [589.0, 425.27927927927925], [485.55445544554453, 371.0], [485.0, 362.0], [485.55445544554453, 299.0], [447.0, 362.6026936026936], [577.0, 263.455737704918], [619.0, 263.0], [619.0, 279.0]], "weights": [[0.75, 0.5], [0.75, 0.5], [0.5, 0.25], [0.5], [0.5], [0.5], [0.5, 0.6], [0.5, 0.6], [0.5], [0.5, 0.5], [0.5], [1.3], [1.3], [1.5], [1.5], [0.3], [0.3], [0.25], [5.650000000000003], [5.650000000000003, 0.25], [0.5], [0.6], [0.8], [0.8], [0.5], [0.5, 0.7], [0.5], [0.5], [0.5], [0.5], [0.5], [0.5], [0.5], [0.5, 0.5], [0.5], [0.5], [0.5], [1.0], [1.0], [0.25], [0.25], [0.5], [0.5], [0.5], [0.9, 0.7], [0.9], [1.5], [1.5, 1.1], [0.25], [1.5], [1.5], [0.75], [0.75], [0.25], [0.25], [0.25], [0.25], [0.5], [0.5], [0.6], [5.4], [5.4], [1.1], [1.1], [1.0], [1.0], [1.1], [6.0], [6.0], [0.5], [0.5, 0.25], [0.25], [0.25], [0.25, 0.65], [0.65, 0.75, 0.25], [0.25], [0.25, 0.25, 0.75], [0.25], [0.75], [1.3], [1.3, 0.25], [0.25], [0.5], [0.5, 0.5, 0.25], [0.5], [0.85], [0.85, 1.0], [1.0], [0.75], [4.35], [4.35, 4.35, 2.35], [4.35], [2.35], [1.5], [1.5, 1.5], [1.5]], "edges": [[1, 8], [0, 32], [3, 17], [2], [5], [4], [7, 21], [6, 59], [0], [10, 20], [9], [12], [11], [14], [13], [16], [15], [2], [19], [18, 48], [9], [6], [23], [22], [25], [24, 44], [27], [26], [29], [28], [31], [30], [1], [34, 43], [33], [36], [35], [38], [37], [40], [39], [42], [41], [33], [45, 25], [44], [47], [46, 66], [19], [50], [49], [52], [51], [54], [53], [56], [55], [58], [57], [7], [61], [60], [63], [62], [65], [64], [47], [68], [67], [70], [69, 71], [70], [73], [72, 74], [73, 88, 83], [76], [75, 77, 78], [76], [76], [80], [79, 81], [80], [83], [82, 84, 74], [83], [86], [85, 87], [86], [74], [90], [89, 91, 92], [90], [90], [94], [93, 95], [94]]}