{"weights": [[0.75, 0.5], [0.75, 0.7], [0.5, 0.5], [0.5], [0.9, 0.5], [0.9], [1.0], [1.0], [7.15], [7.15], [0.5], [1.6, 0.6, 0.6], [1.6], [0.5], [1.5, 1.2], [1.5], [0.7], [0.5], [0.5], [0.5], [0.5, 1.0], [0.5], [0.5], [1.2], [1.2], [0.9], [0.9], [1.2], [0.6], [0.6, 0.5], [0.6], [0.6, 0.5], [0.5, 0.5], [0.5], [0.6], [0.6, 0.5], [0.5], [0.5, 0.6], [1.5], [1.5], [1.5], [1.5, 1.1], [0.5, 0.6], [0.5], [0.6], [0.6], [0.5, 0.8], [0.5], [1.0], [0.5], [0.5, 0.5, 0.5], [0.5], [0.75], [0.75], [0.6], [0.6], [0.6], [0.5], [0.5], [0.75], [0.75], [0.5, 0.6], [0.5], [0.5], [0.5], [0.5], [0.5], [0.5], [1.2], [1.2], [0.5], [0.5], [0.6], [1.0], [1.0], [1.0], [1.0], [1.1], [0.8], [6.2], [6.2], [0.6], [0.5], [0.5], [6.1], [6.1], [0.5], [6.1], [6.1, 6.1, 1.5], [6.1], [1.5], [4.7], [4.7, 8.25], [8.25]], "edges": [[1, 58], [0, 16], [3, 10], [2], [5, 13], [4], [7], [6], [9], [8], [2], [12, 54, 72], [11], [4], [15, 27], [14], [1], [18], [17], [20], [19, 48], [22], [21], [24], [23], [26], [25], [14], [29], [28, 49], [31], [30, 43], [33, 42], [32], [35], [34, 65], [37], [36, 61], [39], [38], [41], [40, 77], [32, 81], [31], [45], [44], [47, 78], [46], [20], [29], [51, 57, 86], [50], [53], [52], [11], [56], [55], [50], [0], [60], [59], [62, 37], [61], [64], [63], [35], [67], [66], [69], [68], [71], [70], [11], [74], [73], [76], [75], [41], [46], [80], [79], [42], [83], [82], [85], [84], [50], [88], [87, 89, 90], [88], [88], [92], [91, 93], [92]], "vertices": [[296.0, 18.0], [75.0, 18.0], [296.0, 214.0], [296.0, 122.0], [753.0, 473.0], [753.0, 360.0], [372.50114942528734, 473.0], [372.50114942528734, 255.0], [626.317880794702, 331.0], [626.317880794702, 253.0], [373.0, 214.0], [334.0, 355.0], [334.0, 316.0], [678.0, 473.0], [166.0, 168.0], [166.0, 163.0], [75.0, 178.0], [296.0, 381.0], [296.0, 260.0], [666.0, 214.0], [608.0, 214.0], [166.0, 132.0], [166.0, 19.0], [535.0, 425.4246575342466], [483.0, 425.4246575342466], [486.0, 371.0], [486.0, 299.0], [260.0, 168.0], [753.0, 326.0], [753.0, 214.0], [114.0, 492.0], [75.0, 492.0], [296.0, 473.0], [259.0, 473.0], [538.0, 473.0], [483.0, 473.0], [230.0, 473.0], [182.0, 473.0], [607.0, 425.0], [589.0, 425.0], [752.0, 317.0], [668.0, 317.0], [296.0, 415.0], [75.0, 457.0], [448.0, 473.0], [373.0, 473.0], [630.0, 425.0], [630.0, 365.0], [608.0, 259.0], [695.0, 214.0], [598.0, 473.0], [598.0, 426.0], [485.0, 362.4864864864865], [447.0, 362.4864864864865], [297.0, 355.0], [371.0, 415.0], [348.0, 415.0], [649.0, 473.0], [296.0, 65.0], [413.0, 362.4920634920635], [381.0, 362.4920634920635], [182.0, 492.0], [143.0, 492.0], [752.0, 369.0], [664.0, 369.0], [483.0, 457.0], [75.0, 281.0], [75.0, 259.0], [125.0, 126.0], [125.0, 97.0], [486.0, 229.0], [486.0, 215.0], [371.0, 355.0], [166.5, 219.0], [166.5, 198.0], [98.0, 108.5], [76.0, 108.5], [668.0, 339.0], [609.0, 425.0], [620.0, 300.0], [620.0, 288.0], [324.0, 415.0], [630.0, 472.0], [630.0, 458.0], [600.0, 270.0], [590.0, 270.0], [587.0, 473.0], [258.0, 221.6178861788618], [198.0, 221.0], [75.0, 221.6178861788618], [198.0, 170.0], [577.0, 263.455737704918], [619.0, 263.0], [619.0, 279.0]]}