{"weights": [[2.1], [2.1], [1.55], [1.55], [2.0], [2.0], [1.5], [1.5], [3.45], [3.45], [3.8, 1.6], [3.8], [2.0], [2.0], [1.75], [1.75, 1.75], [1.75], [1.75, 1.7], [1.75], [1.75], [2.4], [2.4], [1.45], [1.45], [1.75], [1.7], [1.5], [1.5], [1.6], [2.85], [2.85], [2.0], [2.0], [0.75], [0.75], [2.8499999999999996], [2.8499999999999996], [1.7], [1.7], [1.1], [1.1], [0.8], [0.8], [0.5], [0.5], [2.0], [2.0, 1.25], [1.75], [1.75, 1.25]], "edges": [[1], [0], [3], [2], [5], [4], [7], [6], [9], [8], [11, 28], [10], [13], [12], [15], [14, 24], [17], [16, 25], [19], [18], [21], [20], [23], [22], [15], [17], [27], [26], [10], [30], [29], [32], [31], [34], [33], [36], [35], [38], [37], [40], [39], [42], [41], [44], [43], [46], [45, 48], [48], [47, 46]], "vertices": [[389.0, 438.0], [170.0, 438.0], [169.49844236760126, 257.0], [169.49844236760126, 175.0], [169.5, 438.0], [169.5, 307.0], [515.0, 113.80508474576271], [434.0, 113.80508474576271], [282.0, 113.5032967032967], [168.0, 113.5032967032967], [454.0, 257.0], [454.0, 115.0], [532.0, 438.5], [440.0, 438.5], [365.0, 166.0], [365.0, 114.0], [366.0, 318.0], [238.0, 318.0], [365.0, 113.50898203592814], [323.0, 113.50898203592814], [364.5, 264.0], [364.5, 200.0], [367.0, 377.995], [300.0, 377.995], [384.0, 114.0], [238.0, 436.0], [329.0, 376.0], [329.0, 320.0], [407.0, 257.0], [334.0, 14.5625], [321.0, 14.5625], [196.0, 317.5], [172.0, 317.5], [446.51724137931035, 336.0], [446.51724137931035, 321.0], [181.0, 14.543478260869565], [168.0, 14.543478260869565], [509.0, 174.0], [509.0, 160.0], [570.0, 113.51020408163265], [556.0, 113.51020408163265], [256.0, 218.0], [256.0, 204.0], [480.0, 61.0], [480.0, 47.0], [582.0, 438.5], [659.0, 438.0], [616.0, 113.49079754601227], [659.0, 113.0]]}