{"vertices": [[532.0, 438.5], [440.0, 438.5], [169.49940119760478, 257.0], [169.49940119760478, 175.0], [515.0, 113.5888], [434.0, 113.5888], [282.0, 113.5888], [168.0, 113.5888], [365.0, 113.5888], [323.0, 113.5888], [384.0, 114.0], [365.0, 114.0], [659.0, 113.5888], [616.0, 113.5888], [570.0, 113.5888], [556.0, 113.5888], [453.7893203883495, 336.0], [453.7893203883495, 321.0], [365.0, 166.0], [364.5088495575221, 264.0], [364.5088495575221, 200.0], [366.0, 318.0], [238.0, 318.0], [196.0, 317.50237717908084], [172.0, 317.50237717908084], [367.0, 377.995], [300.0, 377.995], [238.0, 436.0], [329.0, 376.0], [329.0, 320.0], [334.0, 14.553191489361701], [321.0, 14.553191489361701], [181.0, 14.553191489361701], [168.0, 14.553191489361701], [509.0, 174.0], [509.0, 160.0], [256.0, 218.0], [256.0, 204.0], [480.0, 61.0], [480.0, 47.0], [389.0, 438.0], [169.0, 438.0], [169.49940119760478, 307.0], [582.0, 438.5], [659.0, 438.0], [659.0, 114.0], [453.7893203883495, 115.0], [453.0, 257.0], [407.0, 257.0]], "weights": [[2.0], [2.0], [2.0], [2.0], [1.95], [1.95], [1.75], [1.75], [2.45], [2.45], [1.85], [1.85, 1.9], [1.75], [1.75], [1.75], [1.75], [0.25], [0.25], [1.9], [2.4], [2.4], [2.9], [2.9, 1.6], [1.75], [1.75], [1.3], [1.3], [1.6], [1.6], [1.6], [1.75], [1.75], [1.85], [1.85], [1.5], [1.5], [0.8], [0.8], [0.7], [0.7], [2.0], [2.0, 2.0], [2.0], [2.0], [2.0, 1.35], [1.35], [3.25], [3.25, 1.5], [1.5]], "edges": [[1], [0], [3], [2], [5], [4], [7], [6], [9], [8], [11], [10, 18], [13], [12], [15], [14], [17], [16], [11], [20], [19], [22], [21, 27], [24], [23], [26], [25], [22], [29], [28], [31], [30], [33], [32], [35], [34], [37], [36], [39], [38], [41], [40, 42], [41], [44], [43, 45], [44], [47], [46, 48], [47]]}