{"weights": [[0.75], [0.75], [1.05], [1.05], [0.75], [0.75], [1.15], [1.15, 0.5], [0.5], [0.5], [7.05], [7.05], [0.5], [0.5], [0.5], [0.5], [0.5], [1.5], [1.5], [0.8], [0.8], [1.5], [1.5], [0.5], [0.5], [1.0], [1.0], [1.5], [1.5]], "edges": [[1], [0], [3], [2], [5], [4], [7], [6, 12], [9], [8], [11], [10], [7], [14], [13], [16], [15], [18], [17], [20], [19], [22], [21], [24], [23], [26], [25], [28], [27]], "vertices": [[527.0, 18.497175141242938], [437.0, 18.497175141242938], [527.0, 216.0], [402.0, 216.0], [382.0, 18.523809523809526], [305.0, 18.523809523809526], [485.0, 208.0], [485.0, 159.0], [368.0, 159.0], [321.0, 159.0], [507.0, 476.0600801068091], [450.0, 476.0600801068091], [399.0, 159.0], [489.0, 118.0], [489.0, 19.0], [347.0, 118.0], [347.0, 44.0], [503.0, 489.8020304568528], [451.0, 489.8020304568528], [335.0, 217.0], [306.0, 217.0], [482.0, 498.39516129032256], [456.0, 498.39516129032256], [347.0, 36.0], [347.0, 20.0], [401.5, 216.0], [401.5, 193.0], [498.0, 463.7068965517241], [480.0, 463.7068965517241]]}