{"vertices": [[527.0, 18.50925925925926], [437.0, 18.50925925925926], [382.0, 18.50925925925926], [305.0, 18.50925925925926], [527.0, 216.0], [402.0, 216.0], [335.0, 216.21385542168676], [306.0, 216.21385542168676], [487.0, 208.0], [487.0, 159.0], [486.8041237113402, 118.0], [486.8041237113402, 19.0], [368.0, 159.0], [321.0, 159.0], [399.0, 159.0], [507.0, 476.0600801068091], [450.0, 476.0600801068091], [347.0, 118.0], [347.0, 44.0], [347.0, 36.0], [347.0, 20.0], [503.0, 489.8020304568528], [451.0, 489.8020304568528], [482.0, 498.39516129032256], [456.0, 498.39516129032256], [401.5, 216.0], [401.5, 193.0], [498.0, 463.7068965517241], [480.0, 463.7068965517241]], "weights": [[0.85], [0.85], [0.75], [0.75], [1.25], [1.25], [0.4], [0.4], [0.25], [0.25, 0.6], [0.85], [0.85], [1.1], [1.1], [0.6], [7.95], [7.95], [0.6], [0.6], [0.5], [0.5], [1.5], [1.5], [6.5], [6.5], [1.2], [1.2], [1.5], [1.5]], "edges": [[1], [0], [3], [2], [5], [4], [7], [6], [9], [8, 14], [11], [10], [13], [12], [9], [16], [15], [18], [17], [20], [19], [22], [21], [24], [23], [26], [25], [28], [27]]}