{"vertices": [[595.0, 153.35833333333332], [561.0, 153.35833333333332], [654.0, 153.35833333333332], [637.0, 153.35833333333332], [541.0, 153.35833333333332], [515.0, 153.35833333333332], [463.0, 115.5], [444.0, 115.5], [363.0, 115.5], [347.0, 115.5], [419.0, 115.5], [401.0, 115.5], [759.0, 115.5], [739.0, 115.5], [514.0, 115.5], [500.0, 115.5], [82.86238532110092, 318.86238532110093], [133.0, 269.0], [74.28301886792455, 308.71698113207543], [34.783018867924554, 269.21698113207543], [440.0, 102.46875], [423.0, 102.46875], [576.5963302752293, 198.0], [576.5963302752293, 154.0], [576.5963302752293, 251.0], [576.5963302752293, 230.0], [175.75675675675672, 234.24324324324323], [156.75675675675674, 215.24324324324326], [535.0, 286.0], [514.0, 286.0], [704.0, 203.0], [704.0, 187.0], [171.75274725274733, 377.7527472527473], [195.75274725274733, 353.7527472527473], [353.87640449438203, 357.12359550561797], [327.37640449438203, 330.62359550561797], [114.09333333333329, 350.0933333333333], [131.0933333333333, 333.0933333333333], [347.48148148148147, 198.0], [347.48148148148147, 184.0], [327.6057692307693, 398.6057692307693], [338.1057692307693, 388.1057692307693], [351.1057692307693, 375.1057692307693], [362.6057692307693, 363.6057692307693], [218.7371794871796, 276.73717948717956], [242.7371794871796, 252.7371794871796], [183.7371794871796, 311.73717948717956], [198.2371794871796, 297.23717948717956], [145.51612903225805, 281.48387096774195], [759.0, 270.0], [719.0, 270.0], [719.475, 248.0]], "weights": [[0.8], [0.8], [1.15], [1.15], [1.3], [1.3], [0.85], [0.85], [1.7], [1.7], [1.5], [1.5], [0.25], [0.25], [0.25], [0.25], [1.1000000000000068], [1.1000000000000068, 0.6000000000000048], [0.500000000000004], [0.500000000000004], [0.7], [0.7], [1.25], [1.25], [0.5], [0.5], [0.6500000000000051], [0.6500000000000051], [0.6], [0.6], [1.1], [1.1], [0.9000000000000072], [0.9000000000000072], [0.6500000000000052], [0.6500000000000052], [1.2000000000000057], [1.2000000000000057], [1.05], [1.05], [1.0000000000000082], [1.0000000000000082], [0.6000000000000048], [0.6000000000000048], [0.250000000000002], [0.250000000000002], [0.8000000000000045], [0.8000000000000045], [0.6000000000000048], [1.25], [1.25, 1.05], [1.05]], "edges": [[1], [0], [3], [2], [5], [4], [7], [6], [9], [8], [11], [10], [13], [12], [15], [14], [17], [16, 48], [19], [18], [21], [20], [23], [22], [25], [24], [27], [26], [29], [28], [31], [30], [33], [32], [35], [34], [37], [36], [39], [38], [41], [40], [43], [42], [45], [44], [47], [46], [17], [50], [49, 51], [50]]}