{"weights": [[0.75], [0.75], [1.15], [1.15], [1.0500000000000065], [1.0500000000000065, 0.8500000000000068], [2.2], [2.2], [0.500000000000004], [0.500000000000004], [0.7], [0.7], [1.1], [1.1], [1.5], [1.5], [0.500000000000004], [0.500000000000004], [0.9], [0.9], [1.5], [1.5], [1.0500000000000085], [1.0500000000000085], [0.75], [0.75], [0.8000000000000064], [0.8000000000000064], [1.4], [1.4], [1.6500000000000064], [1.6500000000000064], [0.75], [0.75], [0.7], [0.7], [0.75], [0.75], [0.7000000000000056], [0.7000000000000056], [0.6], [0.6], [0.8000000000000064], [0.8000000000000064], [1.000000000000008], [1.000000000000008], [1.000000000000008], [1.000000000000008], [0.8500000000000068], [1.25], [1.25, 0.8], [0.8]], "edges": [[1], [0], [3], [2], [5], [4, 48], [7], [6], [9], [8], [11], [10], [13], [12], [15], [14], [17], [16], [19], [18], [21], [20], [23], [22], [25], [24], [27], [26], [29], [28], [31], [30], [33], [32], [35], [34], [37], [36], [39], [38], [41], [40], [43], [42], [45], [44], [47], [46], [5], [50], [49, 51], [50]], "vertices": [[595.0, 153.44262295081967], [561.0, 153.44262295081967], [463.0, 116.48648648648648], [444.0, 116.48648648648648], [82.86238532110092, 318.86238532110093], [133.0, 269.0], [363.0, 116.02222222222223], [347.0, 116.02222222222223], [74.28301886792455, 308.71698113207543], [34.783018867924554, 269.21698113207543], [440.0, 102.46875], [423.0, 102.46875], [576.5, 198.0], [576.5, 154.0], [419.0, 116.0], [401.0, 116.0], [175.75675675675672, 234.24324324324323], [156.75675675675674, 215.24324324324326], [535.0, 286.0], [514.0, 286.0], [704.0, 203.0], [704.0, 187.0], [171.75274725274733, 377.7527472527473], [195.75274725274733, 353.7527472527473], [654.0, 153.4848484848485], [637.0, 153.4848484848485], [353.87640449438203, 357.12359550561797], [327.37640449438203, 330.62359550561797], [541.0, 153.0], [515.0, 153.0], [114.09333333333329, 350.0933333333333], [131.0933333333333, 333.0933333333333], [347.48148148148147, 198.0], [347.48148148148147, 184.0], [759.0, 110.0], [739.0, 110.0], [514.0, 116.46153846153847], [500.0, 116.46153846153847], [327.74999999999994, 398.74999999999994], [338.24999999999994, 388.24999999999994], [577.0, 251.0], [577.0, 230.0], [221.00000000000003, 279.0], [245.00000000000003, 255.00000000000003], [182.73148148148158, 310.7314814814816], [197.23148148148158, 296.2314814814816], [351.015625, 375.015625], [362.515625, 363.515625], [145.51612903225805, 281.48387096774195], [759.0, 270.0], [719.0, 270.0], [719.475, 248.0]]}