{"weights": [[1.6, 1.8], [1.6], [1.95], [1.95], [1.65], [1.65], [1.25], [1.25], [6.25], [6.25], [2.85], [2.85], [4.85], [4.85], [4.15], [4.15], [4.35], [4.35, 1.6], [1.6], [1.6, 1.75], [1.45], [1.45], [2.5], [2.5, 1.8], [1.65], [1.65], [4.55], [4.55], [2.0], [2.0], [1.35], [1.35, 3.75], [1.4], [1.4], [3.6], [3.6], [2.7], [2.7], [2.8], [2.8], [1.55], [1.55], [2.8], [2.8], [3.75], [3.75, 3.75, 1.05], [3.75], [1.05], [6.25], [6.25, 6.05], [6.05], [1.5], [1.5, 1.75], [5.05], [5.05, 1.75], [1.75], [1.25], [1.25, 1.9], [1.9], [3.75, 2.35], [2.35], [1.35], [1.35, 1.6], [2.45], [2.45, 1.6], [1.6], [1.5], [1.5, 2.15], [2.15]], "edges": [[1, 23], [0], [3], [2], [5], [4], [7], [6], [9], [8], [11], [10], [13], [12], [15], [14], [17], [16, 62], [19], [18, 52], [21], [20], [23], [22, 0], [25], [24], [27], [26], [29], [28], [31], [30, 59], [33], [32], [35], [34], [37], [36], [39], [38], [41], [40], [43], [42], [45], [44, 46, 47], [45], [45], [49], [48, 50], [49], [52], [51, 19], [54], [53, 55], [54], [57], [56, 58], [57], [31, 60], [59], [62], [61, 17], [64], [63, 65], [64], [67], [66, 68], [67]], "vertices": [[525.0, 392.0], [482.0, 392.0], [327.0, 201.62886597938143], [300.0, 201.62886597938143], [658.0, 198.28108108108108], [605.0, 198.28108108108108], [207.0, 382.74], [140.0, 382.74], [627.0, 323.0], [627.0, 296.0], [734.8849557522124, 281.0], [734.8849557522124, 247.0], [746.025641025641, 315.0], [746.025641025641, 271.0], [735.1941747572815, 339.0], [735.1941747572815, 307.0], [667.0, 390.0], [624.0, 390.0], [342.0, 367.0], [303.0, 367.0], [252.0, 161.99065420560748], [216.0, 161.99065420560748], [552.0, 421.0], [525.0, 421.0], [486.0, 199.9811320754717], [468.0, 199.9811320754717], [396.55384615384617, 300.0], [396.55384615384617, 283.0], [561.0, 199.0], [530.0, 199.0], [190.0, 162.0], [166.0, 162.0], [627.0, 295.94520547945206], [599.0, 295.94520547945206], [628.0, 506.0], [628.0, 496.0], [535.0, 480.0], [535.0, 470.0], [221.0, 141.0], [211.0, 141.0], [430.9166666666667, 296.0], [430.9166666666667, 283.0], [500.0, 463.0], [500.0, 453.0], [424.0, 200.44604316546761], [409.0, 200.0], [385.0, 200.44604316546761], [409.312, 255.0], [409.03177004538577, 283.0], [409.0, 393.0], [451.0, 393.0], [238.0, 381.44976076555025], [303.0, 381.0], [702.0, 197.4], [734.0, 197.0], [734.0, 216.0], [698.0, 389.40677966101697], [735.0, 389.0], [735.0, 370.0], [166.0, 231.0], [138.0, 231.01298701298703], [597.0, 420.88], [624.0, 420.0], [274.0, 161.0120481927711], [301.0, 161.0], [301.0, 175.0], [397.97058823529414, 355.0], [397.0, 366.0], [373.0, 366.0147058823529]]}