{"vertices": [[424.0, 199.26715328467154], [385.0, 199.26715328467154], [327.0, 199.26715328467154], [300.0, 199.26715328467154], [658.0, 199.26715328467154], [605.0, 199.26715328467154], [486.0, 199.26715328467154], [468.0, 199.26715328467154], [561.0, 199.26715328467154], [530.0, 199.26715328467154], [667.0, 388.0], [626.0, 388.0], [207.0, 388.0355781448539], [140.0, 388.0355781448539], [305.0, 388.0355781448539], [238.0, 388.0355781448539], [409.0763358778626, 255.0], [409.0763358778626, 200.0], [207.0, 380.672], [190.0, 380.672], [626.0, 323.0], [626.0, 296.0], [625.7176470588236, 506.0], [625.7176470588236, 496.0], [734.7319277108434, 281.0], [734.7319277108434, 247.0], [734.7319277108434, 339.0], [734.7319277108434, 307.0], [746.025641025641, 315.0], [746.025641025641, 271.0], [552.0, 421.0], [527.0, 421.0], [342.0, 367.0], [302.0, 367.0], [252.0, 161.704], [216.0, 161.704], [302.0, 161.704], [274.0, 161.704], [190.0, 162.0], [166.0, 162.0], [397.04040404040404, 300.0], [397.04040404040404, 283.0], [626.0, 295.94520547945206], [599.0, 295.94520547945206], [528.5714285714286, 480.0], [528.5714285714286, 470.0], [527.0, 388.0], [302.0, 175.0], [302.0, 162.0], [221.0, 141.0], [211.0, 141.0], [430.9166666666667, 296.0], [430.9166666666667, 283.0], [500.0, 463.0], [500.0, 453.0], [702.0, 199.26715328467154], [735.0, 199.0], [735.0, 216.0], [482.0, 388.0355781448539], [698.0, 388.0355781448539], [734.0, 388.0], [734.7319277108434, 370.0], [451.0, 388.0], [409.0, 388.0], [409.0763358778626, 283.0], [238.0, 380.672], [302.0, 380.0], [626.0, 420.0], [597.0, 420.94444444444446], [166.0, 231.0], [138.0, 231.01298701298703], [373.0, 366.6436170212766], [397.0, 366.0], [397.04040404040404, 355.0]], "weights": [[2.25], [2.25], [2.45], [2.45], [1.45], [1.45], [1.75], [1.75], [1.3], [1.3], [0.25], [0.25, 0.55], [0.25], [0.25], [0.25], [0.25], [0.85], [0.85], [0.5], [0.5], [4.6], [4.6], [0.5], [0.5], [2.65], [2.65], [2.65], [2.65], [5.35], [5.35], [4.35], [4.35, 1.8], [1.35], [1.35, 1.85], [1.45], [1.45], [1.75], [1.75], [0.8], [0.8, 1.25], [5.55], [5.55], [2.35], [2.35], [0.25], [0.25], [1.8, 0.25], [0.75], [0.75], [2.7], [2.7], [1.35], [1.35], [3.2], [3.2], [2.6], [2.6, 1.75], [1.75], [0.25], [1.25], [1.25, 1.45], [1.45], [1.5], [1.5, 3.65], [3.65], [1.0], [1.0, 1.85], [0.55, 1.25], [1.25], [1.25, 1.35], [1.35], [1.45], [1.45, 1.5], [1.5]], "edges": [[1], [0], [3], [2], [5], [4], [7], [6], [9], [8], [11], [10, 67], [13], [12], [15], [14], [17], [16], [19], [18], [21], [20], [23], [22], [25], [24], [27], [26], [29], [28], [31], [30, 46], [33], [32, 66], [35], [34], [37], [36], [39], [38, 69], [41], [40], [43], [42], [45], [44], [31, 58], [48], [47], [50], [49], [52], [51], [54], [53], [56], [55, 57], [56], [46], [60], [59, 61], [60], [63], [62, 64], [63], [66], [65, 33], [11, 68], [67], [39, 70], [69], [72], [71, 73], [72]]}