{"vertices": [[667.0, 168.82488479262673], [542.0, 168.82488479262673], [516.0, 168.82488479262673], [502.0, 168.82488479262673], [436.8972972972973, 206.0], [436.8972972972973, 158.0], [436.8972972972973, 454.0], [436.8972972972973, 428.0], [436.8972972972973, 141.0], [436.8972972972973, 115.0], [436.8972972972973, 156.0], [436.8972972972973, 146.0], [313.0, 325.39383561643837], [281.0, 325.39383561643837], [370.0, 325.39383561643837], [339.0, 325.39383561643837], [459.0, 325.39383561643837], [439.0, 325.39383561643837], [502.0, 325.39383561643837], [481.0, 325.39383561643837], [211.1216931216931, 240.0], [211.1216931216931, 196.0], [211.1216931216931, 279.0], [211.1216931216931, 266.0], [195.69832402234636, 203.0], [195.69832402234636, 160.0], [499.0, 185.0], [487.0, 185.0], [496.0, 361.0], [486.0, 361.0], [199.0, 168.82488479262673], [211.0, 168.0], [211.1216931216931, 117.0], [223.0, 325.0], [212.0, 325.0], [211.1216931216931, 289.0]], "weights": [[0.5], [0.5], [0.65], [0.65], [0.3], [0.3], [0.25], [0.25], [0.5], [0.5], [0.5], [0.5], [0.95], [0.95], [1.75], [1.75], [0.25], [0.25], [0.25], [0.25], [1.25], [1.25], [0.5], [0.5], [6.05], [6.05], [0.5], [0.5], [1.3], [1.3], [5.15], [5.15, 0.55], [0.55], [0.3], [0.3, 0.7], [0.7]], "edges": [[1], [0], [3], [2], [5], [4], [7], [6], [9], [8], [11], [10], [13], [12], [15], [14], [17], [16], [19], [18], [21], [20], [23], [22], [25], [24], [27], [26], [29], [28], [31], [30, 32], [31], [34], [33, 35], [34]]}