{"weights": [[0.95], [0.95], [0.65], [0.65], [1.25], [1.25], [1.6], [1.6], [1.8], [1.8], [3.45], [3.45, 5.2], [0.75], [0.75], [1.95], [1.95], [0.5], [0.5], [0.5], [0.5], [1.0], [1.0], [1.0], [1.0], [0.9], [0.9], [0.5], [0.5], [0.5], [0.5], [1.5], [1.5], [2.3], [2.3, 5.2], [0.75], [0.75, 2.5], [2.5]], "edges": [[1], [0], [3], [2], [5], [4], [7], [6], [9], [8], [11], [10, 33], [13], [12], [15], [14], [17], [16], [19], [18], [21], [20], [23], [22], [25], [24], [27], [26], [29], [28], [31], [30], [33], [32, 11], [35], [34, 36], [35]], "vertices": [[667.0, 169.203125], [542.0, 169.203125], [438.4230769230769, 195.0], [438.4230769230769, 158.0], [313.0, 326.8705882352941], [281.0, 326.8705882352941], [210.98461538461538, 240.0], [210.98461538461538, 196.0], [434.5138888888889, 454.0], [434.5138888888889, 428.0], [196.0, 203.0], [196.0, 162.0], [438.2972972972973, 141.0], [438.2972972972973, 115.0], [370.0, 326.3873873873874], [339.0, 326.3873873873874], [439.0, 206.0], [439.0, 192.0], [516.0, 169.0], [502.0, 169.0], [459.0, 320.0], [439.0, 320.0], [502.0, 319.5], [481.0, 319.5], [438.0, 156.0], [438.0, 146.0], [211.0, 279.0], [211.0, 266.0], [499.0, 185.0], [487.0, 185.0], [496.0, 361.0], [486.0, 361.0], [211.1639344262295, 117.0], [211.0, 162.0], [211.28, 289.0], [211.0, 328.0], [223.0, 328.0]]}