{"vertices": [[537.0, 143.19748653500898], [479.0, 143.19748653500898], [421.0, 143.19748653500898], [402.0, 143.19748653500898], [366.4, 413.0], [366.4, 394.0], [366.4, 241.0], [366.4, 224.0], [515.0, 366.6016042780749], [478.0, 366.6016042780749], [439.0, 366.6016042780749], [402.0, 366.6016042780749], [593.0, 366.6016042780749], [574.0, 366.6016042780749], [318.86285714285714, 332.0], [318.86285714285714, 304.0], [318.86285714285714, 263.0], [318.86285714285714, 240.0], [660.0, 280.0], [660.0, 265.0], [659.7722772277227, 50.0], [659.7722772277227, 37.0], [613.0, 265.0], [533.0, 264.74301675977654], [520.0, 264.74301675977654], [612.5034965034965, 227.0], [612.5034965034965, 180.0], [612.5034965034965, 265.0], [612.5034965034965, 247.0], [419.0, 377.36206896551727], [402.0, 377.36206896551727], [509.8997429305913, 210.0], [509.8997429305913, 184.0], [510.0, 160.0], [510.0, 152.0], [499.827868852459, 210.0], [499.827868852459, 184.0], [80.9203355943488, 341.190686119231], [176.61780936972323, 267.21178795245214], [350.0, 383.0], [350.0, 370.0], [687.0, 440.5147058823529], [675.0, 440.5147058823529], [496.0, 278.6666666666667], [465.0, 278.6666666666667], [531.0, 278.6666666666667], [521.0, 278.6666666666667], [638.3888888888889, 480.0], [638.3888888888889, 466.0], [319.5525694322588, 140.34300296835727], [364.0312704216017, 110.04591678721067], [497.0, 152.0], [157.0, 454.0], [100.95176376252614, 376.0344654387743], [151.42468580350595, 446.696556296146], [144.33010139531, 436.7641381246717], [174.0, 478.0], [85.80929326684316, 351.4410516765746], [138.0, 224.56060606060606], [126.0, 224.56060606060606], [337.0, 228.0], [337.0, 218.0], [678.0, 290.0], [670.5243243243243, 279.345945945946], [675.0, 285.0], [695.4756756756756, 313.654054054054], [186.0, 195.0], [168.03336073885077, 170.97774291452168], [191.11049566800088, 205.59344530824683], [637.0, 377.0], [658.0, 363.0], [295.00000000000006, 210.00000000000006], [307.00000000000006, 198.00000000000006], [678.0, 285.0], [613.0, 391.0], [603.0, 381.0], [247.00000000000003, 260.00000000000006], [235.0, 248.0], [207.0, 248.0], [218.0, 242.0], [269.99999999999994, 295.99999999999994], [279.99999999999994, 285.99999999999994], [531.0, 272.0], [521.0, 272.0], [594.0, 143.19748653500898], [613.0, 143.0], [613.0, 156.0]], "weights": [[5.55], [5.55], [2.1], [2.1], [5.85], [5.85], [2.65], [2.65], [0.5], [0.5], [0.6], [0.6], [1.15], [1.15], [4.55], [4.55], [0.25], [0.25], [2.3], [2.3, 0.3], [2.45], [2.45], [0.3], [4.45], [4.45], [0.75], [0.75], [0.7], [0.7], [4.85], [4.85], [6.25], [6.25], [1.5], [1.5, 1.5], [1.5], [1.5], [0.7500000000000059], [0.7500000000000059], [5.2], [5.2], [5.95], [5.95], [0.3], [0.3], [0.25], [0.25], [3.7], [3.7], [0.7500000000000036], [0.7500000000000036], [1.5], [0.5499999999999952, 0.6999999999999973, 0.7000000000000032, 0.6500000000000098], [0.5499999999999952], [0.6999999999999973], [0.49999999999998207], [0.49999999999998207, 0.7000000000000032], [0.6500000000000098], [3.05], [3.05], [4.0], [4.0], [0.9500000000000348, 1.69999999999999], [0.9500000000000348], [0.7000000000000501], [0.7000000000000501], [3.2999999999999985, 0.5499999999999874], [3.2999999999999985], [0.5499999999999874], [0.6999999999999836], [0.6999999999999836], [2.4000000000000115], [2.4000000000000115], [1.69999999999999], [0.49999999999996386], [0.49999999999996386], [1.600000000000005], [1.600000000000005], [1.3999999999999981], [1.3999999999999981], [1.0000000000000082], [1.0000000000000082], [6.5], [6.5], [2.65], [2.65, 0.85], [0.85]], "edges": [[1], [0], [3], [2], [5], [4], [7], [6], [9], [8], [11], [10], [13], [12], [15], [14], [17], [16], [19], [18, 22], [21], [20], [19], [24], [23], [26], [25], [28], [27], [30], [29], [32], [31], [34], [33, 51], [36], [35], [38], [37], [40], [39], [42], [41], [44], [43], [46], [45], [48], [47], [50], [49], [34], [53, 54, 56, 57], [52], [52], [56], [55, 52], [52], [59], [58], [61], [60], [63, 73], [62], [65], [64], [67, 68], [66], [66], [70], [69], [72], [71], [62], [75], [74], [77], [76], [79], [78], [81], [80], [83], [82], [85], [84, 86], [85]]}