{"weights": [[3.8], [3.8], [3.35], [3.35], [1.45], [1.45], [2.55], [2.55], [2.55], [2.55, 0.6], [0.6], [2.75], [2.75], [1.0], [1.0], [5.95], [5.95], [5.85], [5.85], [1.5], [1.5], [1.5], [1.5], [0.75], [0.75], [1.5], [1.5, 1.5], [0.6999999999999735, 0.800000000000048, 1.100000000000011], [0.6999999999999735], [0.5000000000000056], [0.5000000000000056], [5.5], [5.5], [5.25], [5.25], [0.8], [0.8], [0.9], [0.9], [2.45], [2.45], [4.65], [4.65], [4.45], [4.45], [0.7500000000000036], [0.7500000000000036], [1.5], [0.6999999999999995], [0.6999999999999995, 0.7499999999999889, 0.5999999999999912], [4.25], [4.25], [3.8], [3.8], [0.800000000000048], [0.7499999999999889, 0.8000000000000048], [0.7000000000000001], [0.7000000000000001], [1.0499999999999876], [1.0499999999999876], [2.500000000000012], [2.500000000000012], [1.100000000000011, 1.249999999999997], [0.7499999999999779], [0.7499999999999779], [0.85], [0.85], [0.750000000000004], [0.750000000000004], [2.2], [2.2], [1.649999999999999], [1.649999999999999], [0.5999999999999912], [6.3], [6.3], [0.750000000000006], [0.750000000000006], [0.8000000000000048], [1.249999999999997], [2.3], [2.3, 1.2], [1.2]], "edges": [[1], [0], [3], [2], [5], [4], [7], [6], [9], [8, 10], [9], [12], [11], [14], [13], [16], [15], [18], [17], [20], [19], [22], [21], [24], [23], [26], [25, 47], [28, 54, 62], [27], [30], [29], [32], [31], [34], [33], [36], [35], [38], [37], [40], [39], [42], [41], [44], [43], [46], [45], [26], [49], [48, 55, 73], [51], [50], [53], [52], [27], [49, 78], [57], [56], [59], [58], [61], [60], [27, 79], [64], [63], [66], [65], [68], [67], [70], [69], [72], [71], [49], [75], [74], [77], [76], [55], [62], [81], [80, 82], [81]], "vertices": [[537.0, 143.48737373737373], [479.0, 143.48737373737373], [366.9567901234568, 413.0], [366.9567901234568, 394.0], [515.0, 364.3577235772358], [478.0, 364.3577235772358], [319.14473684210526, 332.0], [319.14473684210526, 304.0], [661.0, 280.0], [661.0, 262.0], [613.0, 262.0], [365.4795918367347, 241.0], [365.4795918367347, 224.0], [612.5, 227.0], [612.5, 180.0], [533.0, 267.41121495327104], [520.0, 267.41121495327104], [421.0, 374.5032258064516], [402.0, 374.5032258064516], [510.0083102493075, 210.0], [510.0083102493075, 184.0], [499.827868852459, 210.0], [499.827868852459, 184.0], [439.0, 366.51020408163265], [413.0, 366.51020408163265], [508.0, 160.0], [508.0, 152.0], [680.0, 292.0], [674.0, 286.0], [80.9203355943488, 341.190686119231], [176.61780936972323, 267.21178795245214], [350.0, 383.0], [350.0, 370.0], [687.0, 440.5147058823529], [675.0, 440.5147058823529], [496.0, 282.0], [465.0, 282.0], [317.0, 263.0], [317.0, 240.0], [593.0, 363.55238095238093], [574.0, 363.55238095238093], [638.3888888888889, 480.0], [638.3888888888889, 466.0], [657.9090909090909, 50.0], [657.9090909090909, 37.0], [319.5525694322588, 140.34300296835727], [364.0312704216017, 110.04591678721067], [497.0, 152.0], [179.30352151793429, 486.78965704825714], [309.0, 674.0], [138.0, 224.56060606060606], [126.0, 224.56060606060606], [337.0, 228.0], [337.0, 218.0], [671.0, 279.0000000000001], [107.0, 383.0], [192.0, 205.0], [165.0, 167.0], [637.0, 377.0], [658.0, 363.0], [295.00000000000006, 210.00000000000006], [307.00000000000006, 198.00000000000006], [688.0, 305.0], [613.0, 391.0], [603.0, 381.0], [612.5185185185185, 262.0], [612.5185185185185, 247.0], [247.00000000000003, 260.00000000000006], [235.0, 248.0], [421.0, 143.04285714285714], [402.0, 143.04285714285714], [207.0, 248.0], [218.0, 242.0], [144.0, 437.0], [531.0, 273.5], [521.0, 273.5], [269.99999999999994, 295.99999999999994], [279.99999999999994, 285.99999999999994], [122.0, 405.0], [695.0, 314.0], [594.0, 142.05494505494505], [612.0, 143.0], [612.0, 156.0]]}