{"weights": [[1.5], [1.5, 3.35], [3.45], [3.45, 2.65], [3.25], [3.25], [4.25], [4.25], [3.25], [3.25], [3.25], [3.25], [3.05], [3.05], [3.05], [3.05], [3.35], [3.25], [3.25], [3.95], [3.95], [7.7, 3.35, 6.25], [7.7, 3.6], [6.45], [6.45], [3.95], [3.95], [1.5], [1.5], [2.8], [2.8], [3.95], [3.95], [0.6, 0.5], [0.6], [3.35], [3.35], [0.5], [0.8], [0.8], [3.5], [3.5], [3.05], [3.05], [3.6], [3.6], [0.7], [0.7], [3.35], [3.35], [3.6], [0.5], [0.5], [2.65], [3.35], [3.35], [3.35], [3.35, 3.05], [3.05], [5.05], [5.05, 3.35], [3.25], [3.25, 3.45], [3.45], [6.25, 1.5, 6.25], [1.5], [1.5], [1.5, 3.25], [3.25], [1.5], [1.5, 2.9], [2.9], [3.35], [3.35, 6.25], [3.65], [3.65, 3.25], [3.25, 4.0], [1.5], [1.5, 4.0], [3.25], [3.25, 3.35], [3.35], [3.6], [3.6, 3.45], [3.45]], "edges": [[1], [0, 16], [3], [2, 53], [5], [4], [7], [6], [9], [8], [11], [10], [13], [12], [15], [14], [1], [18], [17], [20], [19], [22, 60, 64], [21, 50], [24], [23], [26], [25], [28], [27], [30], [29], [32], [31], [34, 37], [33], [36], [35], [33], [39], [38], [41], [40], [43], [42], [45], [44], [47], [46], [49], [48], [22], [52], [51], [3], [55], [54], [57], [56, 58], [57], [60], [59, 21], [62], [61, 63], [62], [21, 65, 73], [64], [67], [66, 68], [67], [70], [69, 71], [70], [73], [72, 64], [75], [74, 76], [75, 78], [78], [77, 76], [80], [79, 81], [80], [83], [82, 84], [83]], "vertices": [[162.0, 153.0], [162.0, 54.0], [345.0, 314.0], [345.0, 29.0], [520.050796812749, 233.0], [520.050796812749, 90.0], [676.0, 26.739766081871345], [634.0, 26.739766081871345], [614.0, 26.043360433604335], [397.0, 26.043360433604335], [477.0, 358.99554069119284], [348.0, 358.99554069119284], [675.9337016574585, 228.0], [675.9337016574585, 147.0], [520.6705882352941, 314.0], [520.6705882352941, 269.0], [341.0, 54.0], [519.978354978355, 63.0], [519.978354978355, 29.0], [611.0, 278.5495867768595], [521.0, 278.5495867768595], [651.0, 311.0], [599.0, 311.0], [476.0, 211.27384960718294], [349.0, 211.27384960718294], [215.0, 212.25980392156862], [166.0, 212.25980392156862], [449.47014925373134, 435.0], [449.47014925373134, 412.0], [271.0, 445.99612403100775], [231.0, 445.99612403100775], [215.0, 127.35664335664336], [165.0, 127.35664335664336], [471.0, 261.0], [416.0, 261.0], [341.0, 445.70588235294116], [301.0, 445.70588235294116], [471.0, 303.0], [589.0, 289.4583333333333], [576.0, 289.4583333333333], [207.0, 93.0], [207.0, 58.0], [445.0, 471.0330188679245], [412.0, 471.0330188679245], [341.0, 212.0], [309.0, 212.0], [563.0, 289.48387096774195], [531.0, 289.48387096774195], [578.3724696356276, 63.0], [578.3724696356276, 30.0], [599.0, 283.0], [380.0, 306.0], [349.0, 306.0], [363.0, 29.0], [367.0, 178.97115384615384], [352.0, 178.97115384615384], [345.35584137191853, 351.0], [345.0, 472.0], [379.0, 472.0], [676.343537414966, 266.0], [676.0, 311.0], [162.00219298245614, 187.0], [162.0, 447.0], [200.0, 447.0], [651.0, 358.0], [512.0, 358.04656084656085], [555.0, 98.08333333333333], [676.0, 98.0], [676.0, 27.0], [449.0066371681416, 462.0], [449.0, 524.0], [489.0, 524.0], [611.0, 523.9473684210526], [651.0, 523.0], [242.0, 212.847533632287], [274.0, 212.0], [274.0, 127.0], [253.01796407185628, 58.0], [253.0, 127.0], [416.00660792951544, 363.0], [416.0, 425.0], [446.0, 425.0], [468.0, 207.0], [468.0, 178.0], [446.0, 178.30612244897958]]}