{"vertices": [[162.0, 153.0], [162.0, 54.0], [161.92047244094488, 446.0], [161.92047244094488, 187.0], [345.0, 311.0], [345.0, 26.0], [344.80349794238685, 471.0], [344.80349794238685, 351.0], [520.1456375838926, 233.0], [520.1456375838926, 90.0], [520.1456375838926, 314.0], [520.1456375838926, 269.0], [520.1456375838926, 63.0], [520.1456375838926, 29.0], [676.0409266409266, 228.0], [676.0409266409266, 147.0], [614.0, 26.233046286329387], [397.0, 26.233046286329387], [363.0, 26.0], [477.0, 358.50868621064063], [348.0, 358.50868621064063], [341.0, 54.0], [611.0, 278.5495867768595], [521.0, 278.5495867768595], [449.1126279863481, 435.0], [449.1126279863481, 412.0], [651.0, 311.0], [599.0, 311.0], [380.0, 311.0], [476.0, 211.7983963344788], [349.0, 211.7983963344788], [215.0, 211.7983963344788], [166.0, 211.7983963344788], [341.0, 211.7983963344788], [309.0, 211.7983963344788], [271.0, 446.1844532279315], [231.0, 446.1844532279315], [341.0, 446.1844532279315], [301.0, 446.1844532279315], [200.0, 446.0], [162.0, 446.0], [215.0, 127.18949343339587], [165.0, 127.18949343339587], [469.0, 261.0], [416.0, 261.0], [469.0, 303.0], [469.0, 207.0], [469.0, 179.0], [589.0, 289.4767441860465], [576.0, 289.4767441860465], [563.0, 289.4767441860465], [531.0, 289.4767441860465], [207.0, 93.0], [207.0, 58.0], [445.0, 471.47432762836183], [412.0, 471.47432762836183], [379.0, 471.0], [345.0, 471.0], [578.3724696356276, 63.0], [578.3724696356276, 30.0], [469.0, 178.64851485148515], [446.0, 178.64851485148515], [367.0, 178.64851485148515], [352.0, 178.64851485148515], [599.0, 283.0], [676.0409266409266, 266.0], [676.0, 311.0], [634.0, 26.233046286329387], [676.0, 26.0], [512.0, 358.50868621064063], [651.0, 358.0], [555.0, 98.08333333333333], [676.0, 98.0], [449.1126279863481, 462.0], [449.0, 524.0], [489.0, 524.0], [274.0, 127.0], [274.0, 211.0], [242.0, 211.7983963344788], [611.0, 523.9797160243407], [651.0, 523.0], [253.01796407185628, 58.0], [253.0, 127.0], [416.00660792951544, 363.0], [416.0, 425.0], [446.0, 425.0]], "weights": [[1.5], [1.5, 1.5], [3.25], [3.25], [3.75, 0.25], [3.75, 3.35], [3.95], [3.95], [3.15], [3.15], [3.25], [3.25], [3.25], [3.25], [3.25], [3.25], [6.65], [6.65], [3.35], [4.05], [4.05], [1.5], [3.95], [3.95], [7.15], [7.15], [3.75, 3.35, 2.75], [3.75, 3.6], [0.25], [3.25], [3.25], [3.95], [3.95], [3.35], [3.35], [3.35], [3.35], [3.35], [3.35], [3.25], [3.25], [4.449999999999994], [4.449999999999994], [0.8, 0.25], [0.8], [0.25], [3.55], [3.55], [1.0], [1.0], [0.85], [0.85], [3.5], [3.5], [3.55], [3.55], [3.35], [3.35], [3.75], [3.75], [6.0], [6.0], [3.55], [3.55], [3.6], [1.5], [1.5, 3.35], [4.049999999999999], [4.049999999999999, 3.15], [3.35], [3.35, 2.75, 2.75], [3.45], [3.45, 3.15], [6.85], [6.85, 2.85], [2.85], [5.95, 3.8499999999999988], [5.95, 3.65], [3.65], [3.05], [3.05, 2.75], [3.25], [3.25, 3.8499999999999988], [3.25], [3.25, 3.45], [3.45]], "edges": [[1], [0, 21], [3], [2], [5, 28], [4, 18], [7], [6], [9], [8], [11], [10], [13], [12], [15], [14], [17], [16], [5], [20], [19], [1], [23], [22], [25], [24], [27, 66, 70], [26, 64], [4], [30], [29], [32], [31], [34], [33], [36], [35], [38], [37], [40], [39], [42], [41], [44, 45], [43], [43], [47], [46], [49], [48], [51], [50], [53], [52], [55], [54], [57], [56], [59], [58], [61], [60], [63], [62], [27], [66], [65, 26], [68], [67, 72], [70], [69, 26, 80], [72], [71, 68], [74], [73, 75], [74], [77, 82], [76, 78], [77], [80], [79, 70], [82], [81, 76], [84], [83, 85], [84]]}