{"weights": [[3.05], [3.05], [4.05], [4.05], [3.15], [3.15], [4.05], [4.05, 3.05], [3.25], [3.25], [3.05], [1.95], [1.95], [2.25], [2.25], [3.15], [3.15], [3.0], [3.0, 2.3, 2.95], [1.75], [1.75], [2.25], [2.25], [2.75], [2.75], [3.4], [3.4], [2.25], [2.25], [2.7], [2.7], [2.15], [2.15, 2.0], [2.75], [2.75], [2.15], [2.15], [2.25], [2.25], [2.9], [2.9], [3.25], [3.25], [2.25], [2.25], [2.15], [2.15], [1.95], [1.95], [2.1], [2.1], [1.5], [1.5], [2.15], [2.15], [1.8], [1.8], [3.65], [3.65, 3.15], [3.15, 3.05, 3.55], [3.75], [3.75, 3.65], [3.65], [5.25], [5.25, 2.75], [2.75], [1.75], [1.75, 3.5], [3.5], [2.3, 2.2], [2.95], [3.05], [3.55], [1.5], [1.5, 2.2], [2.75], [2.75, 1.5], [1.5], [2.45], [2.45, 2.0], [2.05], [2.05, 3.15], [3.15]], "edges": [[1], [0], [3], [2], [5], [4], [7], [6, 10], [9], [8], [7], [12], [11], [14], [13], [16], [15], [18], [17, 69, 70], [20], [19], [22], [21], [24], [23], [26], [25], [28], [27], [30], [29], [32], [31, 79], [34], [33], [36], [35], [38], [37], [40], [39], [42], [41], [44], [43], [46], [45], [48], [47], [50], [49], [52], [51], [54], [53], [56], [55], [58], [57, 59], [58, 71, 72], [61], [60, 62], [61], [64], [63, 65], [64], [67], [66, 68], [67], [18, 74], [18], [59], [59], [74], [73, 69], [76], [75, 77], [76], [79], [78, 32], [81], [80, 82], [81]], "vertices": [[611.0, 74.47582205029013], [298.0, 74.47582205029013], [604.0, 450.156670746634], [484.0, 450.156670746634], [756.9525423728813, 320.0], [756.9525423728813, 275.0], [68.0, 211.0], [68.0, 72.0], [758.0, 75.99052774018945], [652.0, 75.99052774018945], [188.0, 72.0], [754.0, 298.21285714285716], [584.0, 298.21285714285716], [560.0, 401.03215434083603], [496.0, 401.03215434083603], [330.0, 404.96192893401013], [273.0, 404.96192893401013], [594.0, 254.0], [594.0, 187.0], [527.4823529411765, 447.0], [527.4823529411765, 403.0], [757.0990990990991, 233.0], [757.0990990990991, 189.0], [758.0, 131.0], [758.0, 76.0], [434.5, 126.0], [434.5, 77.0], [497.9111111111111, 365.0], [497.9111111111111, 280.0], [595.0058479532164, 114.0], [595.0058479532164, 79.0], [330.0, 233.0], [262.0, 233.0], [152.38095238095238, 122.0], [152.38095238095238, 78.0], [479.4864864864865, 184.0], [479.4864864864865, 156.0], [479.82278481012656, 126.0], [479.82278481012656, 78.0], [330.0, 189.0], [296.0, 189.0], [233.0, 404.0], [211.0, 404.0], [454.0, 248.0], [454.0, 210.0], [527.5272727272727, 398.0], [527.5272727272727, 356.0], [525.5121951219512, 185.0], [525.5121951219512, 154.0], [561.0, 356.0], [540.0, 356.0], [664.0, 475.0], [654.0, 475.0], [390.0, 135.97142857142856], [377.0, 135.97142857142856], [559.0, 109.0], [549.0, 109.0], [432.0, 450.0], [334.0, 450.0], [334.0, 283.0], [67.15702479338843, 266.0], [67.0, 404.0], [118.0, 404.0], [655.0, 450.85], [756.0, 450.0], [756.2885375494071, 363.0], [210.55852842809364, 261.0], [210.0, 404.0], [159.0, 404.0], [454.0, 187.0], [594.4976525821596, 150.0], [460.0, 283.0], [334.3982683982684, 77.0], [336.0, 209.70581257413997], [454.0, 209.0], [540.4295010845987, 279.0], [540.0, 355.0], [500.0, 355.87640449438203], [251.0, 265.4864864864865], [262.0, 265.0], [263.0, 191.0], [263.0, 74.0], [228.0, 73.2132701421801]]}