{"vertices": [[611.0, 74.2654255319149], [298.0, 74.2654255319149], [188.0, 74.2654255319149], [71.0, 74.2654255319149], [604.0, 450.218945487042], [484.0, 450.218945487042], [432.0, 450.0], [334.0, 450.0], [67.60250463821892, 404.0], [67.60250463821892, 266.0], [67.60250463821892, 211.0], [67.60250463821892, 67.0], [756.881913303438, 320.0], [756.881913303438, 275.0], [756.881913303438, 233.0], [756.881913303438, 189.0], [330.0, 187.8125], [296.0, 187.8125], [460.0, 283.0], [334.0, 283.0], [333.87962586417245, 283.0], [333.87962586417245, 77.0], [754.0, 298.21285714285716], [584.0, 298.21285714285716], [330.0, 403.5980392156863], [273.0, 403.5980392156863], [118.0, 404.0], [68.0, 404.0], [233.0, 404.0], [211.0, 404.0], [595.0, 254.0], [595.0, 188.0], [594.6119791666666, 114.0], [594.6119791666666, 79.0], [526.9694323144105, 185.0], [526.9694323144105, 154.0], [434.5, 126.0], [434.5, 77.0], [497.9111111111111, 365.0], [497.9111111111111, 280.0], [330.0, 233.0], [263.0, 233.0], [152.38095238095238, 122.0], [152.38095238095238, 78.0], [479.6840148698885, 184.0], [479.6840148698885, 156.0], [479.6840148698885, 126.0], [479.6840148698885, 78.0], [454.0, 248.0], [454.0, 210.0], [664.0, 475.0], [654.0, 475.0], [390.0, 135.97142857142856], [377.0, 135.97142857142856], [559.0, 109.0], [549.0, 109.0], [655.0, 450.218945487042], [756.0, 450.0], [756.881913303438, 363.0], [210.55852842809364, 261.0], [210.0, 403.0], [159.0, 403.5980392156863], [454.0, 188.0], [594.0, 188.0], [594.6119791666666, 150.0], [263.0, 265.0], [251.0, 265.4864864864865], [336.0, 209.70581257413997], [454.0, 209.0], [560.0, 403.5980392156863], [526.0, 403.0], [496.0, 403.5980392156863], [526.9694323144105, 447.0], [526.9694323144105, 398.0], [526.0, 356.0], [540.0, 356.14649681528664], [500.0, 356.14649681528664], [652.0, 74.2654255319149], [757.0, 75.0], [757.0, 131.0], [228.0, 74.2654255319149], [263.0, 75.0], [263.0, 191.0], [540.4295010845987, 279.0], [541.0, 356.0], [561.0, 356.0]], "weights": [[3.25], [3.25], [2.75], [2.75], [3.05], [3.05], [3.65], [3.65, 3.15], [3.85], [3.85], [3.55], [3.55], [1.5], [1.5], [2.55], [2.55], [2.45], [2.45], [2.25], [2.25, 3.15], [3.25], [3.25], [2.15], [2.15], [3.15], [3.15], [3.75], [3.75], [3.05], [3.05], [2.75], [2.75], [2.95], [2.95], [1.95], [1.95], [2.0], [2.0], [2.55], [2.55], [2.75], [2.75, 1.75], [2.75], [2.75], [2.05], [2.05], [1.85], [1.85], [1.9], [1.9], [7.0], [7.0], [2.95], [2.95], [2.5], [2.5], [4.35], [4.35, 2.75], [2.75], [1.75], [1.75, 3.25], [3.25], [1.5, 2.15], [1.5, 3.55], [3.55], [1.75, 2.95], [2.95], [1.5], [1.5, 2.15], [2.7], [2.7, 2.7, 1.75], [2.7], [1.75], [1.75], [1.75, 1.5, 1.5], [1.5], [1.5], [4.35], [4.35, 2.25], [2.25], [2.95], [2.95, 1.85], [1.85], [2.55], [2.55, 3.45], [3.45]], "edges": [[1], [0], [3], [2], [5], [4], [7], [6, 19], [9], [8], [11], [10], [13], [12], [15], [14], [17], [16], [19], [18, 7], [21], [20], [23], [22], [25], [24], [27], [26], [29], [28], [31], [30], [33], [32], [35], [34], [37], [36], [39], [38], [41], [40, 65], [43], [42], [45], [44], [47], [46], [49], [48], [51], [50], [53], [52], [55], [54], [57], [56, 58], [57], [60], [59, 61], [60], [63, 68], [62, 64], [63], [41, 66], [65], [68], [67, 62], [70], [69, 71, 72], [70], [70], [74], [73, 75, 76], [74], [74], [78], [77, 79], [78], [81], [80, 82], [81], [84], [83, 85], [84]]}