{"weights": [[1.55], [1.55], [1.25], [1.25], [1.7], [1.7], [1.6], [1.6], [3.1], [3.1], [2.8], [2.8], [1.85], [1.85, 2.0], [2.55], [2.55], [1.75], [1.75], [1.8], [1.8], [0.95], [0.95], [1.55], [1.55], [1.25], [1.25], [2.05], [2.05], [1.75], [1.75], [1.1], [1.1], [1.35], [1.35], [2.0], [1.85], [1.85], [0.75], [0.75, 1.5], [1.5], [2.0], [2.0], [2.05], [2.05], [1.35], [1.35], [0.85], [0.85, 1.65], [1.9], [1.9], [3.3], [3.3], [1.25], [1.25, 1.45], [1.45], [3.25], [3.25, 3.0], [3.0], [1.65, 1.25], [1.25]], "edges": [[1], [0], [3], [2], [5], [4], [7], [6], [9], [8], [11], [10], [13], [12, 34], [15], [14], [17], [16], [19], [18], [21], [20], [23], [22], [25], [24], [27], [26], [29], [28], [31], [30], [33], [32], [13], [36], [35], [38], [37, 39], [38], [41], [40], [43], [42], [45], [44], [47], [46, 58], [49], [48], [51], [50], [53], [52, 54], [53], [56], [55, 57], [56], [47, 59], [58]], "vertices": [[668.9429657794677, 423.0], [668.9429657794677, 344.0], [462.0, 202.7227906976744], [188.0, 202.7227906976744], [561.0, 201.0], [500.0, 201.0], [586.0, 54.601485148514854], [488.0, 54.601485148514854], [395.5, 241.0], [395.5, 205.0], [625.0, 55.0], [615.0, 55.0], [545.0, 462.0], [510.0, 462.0], [671.0, 460.6835443037975], [634.0, 460.6835443037975], [668.4448160535117, 314.0], [668.4448160535117, 236.0], [251.5, 200.0], [251.5, 156.0], [462.0, 240.0], [462.0, 203.0], [250.69590643274853, 99.0], [250.69590643274853, 50.0], [433.0, 354.0], [433.0, 330.0], [433.4909090909091, 407.0], [433.4909090909091, 379.0], [504.4932432432432, 276.0], [504.4932432432432, 237.0], [433.0, 329.5], [398.0, 329.5], [541.7809523809524, 266.0], [541.7809523809524, 203.0], [510.0, 406.0], [419.0, 55.421875], [401.0, 55.421875], [462.0, 300.0], [462.0, 277.0], [447.0, 277.0], [510.0, 405.5], [493.0, 405.5], [365.0, 11.051282051282051], [351.0, 11.051282051282051], [621.0, 170.01408450704224], [597.0, 170.01408450704224], [422.0, 277.0], [396.0, 277.0], [302.0, 11.545454545454545], [290.0, 11.545454545454545], [669.0, 199.0], [659.0, 199.0], [151.4051593323217, 203.0], [151.0, 452.0], [183.0, 452.0], [623.4965517241379, 92.0], [623.0, 200.0], [593.0, 200.5], [396.0, 450.0], [361.0, 450.98979591836735]]}