{"vertices": [[668.6779359430604, 423.0], [668.6779359430604, 344.0], [668.6779359430604, 314.0], [668.6779359430604, 236.0], [561.0, 202.36253776435046], [500.0, 202.36253776435046], [669.0, 202.36253776435046], [659.0, 202.36253776435046], [586.0, 54.730923694779115], [488.0, 54.730923694779115], [625.0, 54.730923694779115], [615.0, 54.730923694779115], [419.0, 54.730923694779115], [401.0, 54.730923694779115], [395.5438829787234, 241.0], [395.5438829787234, 205.0], [545.0, 461.0], [508.0, 461.0], [671.0, 461.0844594594595], [634.0, 461.0844594594595], [251.1014492753623, 200.0], [251.1014492753623, 156.0], [251.1014492753623, 99.0], [251.1014492753623, 50.0], [433.0, 354.0], [433.0, 330.0], [433.2086330935252, 407.0], [433.2086330935252, 379.0], [508.11021505376345, 276.0], [508.11021505376345, 237.0], [508.0, 406.0], [433.0, 329.5], [398.0, 329.5], [541.7809523809524, 266.0], [541.7809523809524, 203.0], [422.0, 277.0], [396.0, 277.0], [508.0, 405.5], [493.0, 405.5], [365.0, 11.313253012048193], [351.0, 11.313253012048193], [302.0, 11.313253012048193], [290.0, 11.313253012048193], [621.0, 170.01408450704224], [597.0, 170.01408450704224], [151.4051593323217, 203.0], [151.0, 451.0], [183.0, 451.0], [188.0, 202.36253776435046], [462.0, 202.0], [462.0, 240.0], [593.0, 202.36253776435046], [623.0, 202.0], [623.4965517241379, 92.0], [396.0, 451.0], [361.0, 451.475935828877], [462.0, 300.0], [462.0, 277.0], [447.0, 277.2584269662921]], "weights": [[1.35], [1.35], [1.75], [1.75], [0.75], [0.75], [1.9], [1.9], [1.85], [1.85], [3.25], [3.25], [1.95], [1.95], [2.45], [2.45], [2.35], [2.35, 0.5], [2.95], [2.95], [1.75], [1.75], [1.75], [1.75], [1.5], [1.5], [1.95], [1.95], [0.25], [0.25], [0.5], [1.5], [1.5], [1.45], [1.45], [0.85], [0.85, 1.65], [2.2], [2.2], [2.15], [2.15], [2.35], [2.35], [2.05], [2.05], [1.15], [1.15, 1.35], [1.35], [1.15], [1.15, 0.95], [0.95], [0.5], [0.5, 2.55], [2.55], [1.65, 1.35], [1.35], [0.75], [0.75, 1.25], [1.25]], "edges": [[1], [0], [3], [2], [5], [4], [7], [6], [9], [8], [11], [10], [13], [12], [15], [14], [17], [16, 30], [19], [18], [21], [20], [23], [22], [25], [24], [27], [26], [29], [28], [17], [32], [31], [34], [33], [36], [35, 54], [38], [37], [40], [39], [42], [41], [44], [43], [46], [45, 47], [46], [49], [48, 50], [49], [52], [51, 53], [52], [36, 55], [54], [57], [56, 58], [57]]}