{"weights": [[0.75], [0.75], [0.85, 1.25], [0.85, 1.05], [1.05], [1.05, 1.0], [1.05], [1.05], [0.75], [0.75], [1.05, 1.05], [4.2], [4.2], [5.85], [5.85], [2.2], [2.2], [2.0], [2.0], [1.0], [1.0], [1.05], [1.0], [1.25], [1.25], [1.25], [1.0], [1.0], [1.2], [1.2, 1.35], [0.75], [0.75, 0.85], [0.85, 1.15], [1.15], [1.15, 1.2], [1.2], [0.75], [0.75, 0.75, 0.85], [0.75], [0.95, 5.3], [0.95, 1.15], [1.15], [0.85], [0.85, 0.85, 5.3], [0.85], [1.35], [1.35, 0.85], [2.75], [2.75, 1.15], [0.95], [0.95, 1.0], [1.0], [3.75], [3.75, 1.35]], "edges": [[1], [0], [3, 23], [2, 10], [5], [4, 22], [7], [6], [9], [8], [3, 21], [12], [11], [14], [13], [16], [15], [18], [17], [20], [19], [10], [5], [2], [25], [24], [27], [26], [29], [28, 53], [31], [30, 32], [31, 48], [34], [33, 35], [34], [37], [36, 38, 46], [37], [40, 43], [39, 41], [40], [43], [42, 44, 39], [43], [46], [45, 37], [48], [47, 32], [50], [49, 51], [50], [53], [52, 29]], "vertices": [[704.0030581039755, 392.0], [704.0030581039755, 244.0], [338.0, 495.0], [338.0, 249.0], [340.0, 212.0], [340.0, 96.0], [518.0, 95.49704142011835], [432.0, 95.49704142011835], [305.0, 248.5013698630137], [122.0, 248.5013698630137], [425.0, 249.0], [424.0, 347.5], [340.0, 347.5], [706.0, 147.0], [706.0, 97.0], [424.0, 375.0], [424.0, 348.0], [703.0, 432.5], [656.0, 432.5], [621.0, 431.5], [574.0, 431.5], [425.0, 283.0], [368.0, 96.0], [368.0, 495.0], [706.0, 96.96638655462185], [661.0, 96.96638655462185], [500.0, 458.5], [465.0, 458.5], [396.0, 346.0], [396.0, 322.0], [375.0, 211.49787234042554], [487.0, 211.0], [487.0, 153.0], [572.5057471264367, 414.0], [572.0, 458.0], [535.0, 458.5], [640.0, 211.5064935064935], [609.0, 211.0], [523.0, 211.5064935064935], [463.0, 360.0], [463.0, 495.0], [432.0, 495.1], [573.5483870967741, 387.0], [573.0, 360.0], [573.5483870967741, 245.0], [583.0, 96.01408450704226], [609.0, 96.0], [460.0469798657718, 96.0], [460.0, 153.0], [705.4942528735633, 171.0], [705.0, 211.0], [670.0, 211.5], [424.4230769230769, 310.0], [424.0, 322.0]]}