{"vertices": [[704.7247386759582, 392.0], [704.7247386759582, 244.0], [339.0, 495.0], [339.0, 249.0], [339.0, 212.0], [339.0, 96.0], [368.0, 96.0], [305.0, 248.64745762711865], [122.0, 248.64745762711865], [424.0, 249.0], [424.0, 347.5], [340.0, 347.5], [368.0, 495.0], [500.0, 458.5], [465.0, 458.5], [424.0, 375.0], [424.0, 348.0], [424.0, 283.0], [703.0, 432.0], [656.0, 432.0], [621.0, 432.0], [574.0, 432.0], [396.0, 346.0], [396.0, 322.0], [375.0, 211.50187265917603], [487.0, 211.0], [640.0, 211.50187265917603], [609.0, 211.0], [523.0, 211.50187265917603], [670.0, 211.50187265917603], [704.0, 211.0], [704.7247386759582, 171.0], [705.0, 147.0], [705.0, 96.0], [661.0, 96.01216545012166], [573.3507625272331, 414.0], [573.0, 458.0], [535.0, 458.5], [573.3507625272331, 387.0], [573.0, 360.0], [573.3507625272331, 245.0], [462.0, 360.0], [518.0, 96.01216545012166], [462.0, 96.0], [432.0, 96.01216545012166], [462.41975308641975, 161.0], [583.0, 96.01216545012166], [609.0, 96.0], [462.0, 495.0], [432.0, 495.0542168674699], [424.4896907216495, 310.0], [424.0, 322.0], [461.0, 153.125], [487.0, 153.0]], "weights": [[0.85], [0.85], [1.35, 1.25], [1.35, 1.15], [0.75], [0.75, 0.5], [0.5], [0.75], [0.75], [1.15, 1.15], [1.0], [1.0], [1.25], [1.4], [1.4], [1.55], [1.55], [1.15], [1.0], [1.0], [1.0], [1.0], [1.0], [1.0, 0.75], [0.85], [0.85, 1.05], [1.0], [1.0, 1.0, 4.25], [1.0], [0.95], [0.95, 0.5], [0.5], [0.5], [0.5, 1.25], [1.25], [0.9], [0.9, 1.6], [1.6], [0.95], [0.95, 0.95, 1.0], [0.95], [1.0, 1.35], [0.65], [0.65, 0.65, 2.05], [0.65], [2.05], [1.35], [1.35, 4.25], [1.35, 1.25], [1.25], [1.45], [1.45, 0.75], [1.25], [1.25, 1.05]], "edges": [[1], [0], [3, 12], [2, 9], [5], [4, 6], [5], [8], [7], [3, 17], [11], [10], [2], [14], [13], [16], [15], [9], [19], [18], [21], [20], [23], [22, 51], [25], [24, 53], [27], [26, 28, 47], [27], [30], [29, 31], [30], [33], [32, 34], [33], [36], [35, 37], [36], [39], [38, 40, 41], [39], [39, 48], [43], [42, 44, 45], [43], [43], [47], [46, 27], [41, 49], [48], [51], [50, 23], [53], [52, 25]]}