{"weights": [[1.05], [1.05], [1.15], [1.15, 1.15], [1.25], [1.25], [0.95], [0.95], [1.15], [0.75], [0.75], [1.15], [1.15], [0.95], [0.95], [1.0], [1.0], [1.2], [1.2], [3.75], [3.75], [6.05], [6.05], [1.15], [1.15], [0.95], [0.95], [1.5], [1.5], [1.2], [1.2], [1.0], [1.0], [1.2], [1.2], [1.1], [1.1], [1.0], [1.0, 0.85], [0.85], [1.45], [1.45, 1.0], [1.0], [0.75], [0.75, 1.1], [1.1], [0.6], [0.6, 1.1], [1.1], [3.75], [3.75, 6.5], [6.5]], "edges": [[1], [0], [3], [2, 8], [5], [4], [7], [6], [3], [10], [9], [12], [11], [14], [13], [16], [15], [18], [17], [20], [19], [22], [21], [24], [23], [26], [25], [28], [27], [30], [29], [32], [31], [34], [33], [36], [35], [38], [37, 39], [38], [41], [40, 42], [41], [44], [43, 45], [44], [47], [46, 48], [47], [50], [49, 51], [50]], "vertices": [[316.0, 164.14583333333334], [261.0, 164.14583333333334], [350.0, 276.0], [350.0, 165.0], [278.90425531914894, 424.0], [278.90425531914894, 354.0], [279.0, 328.0], [279.0, 299.0], [455.0, 165.0], [213.5015105740181, 329.0], [213.5015105740181, 163.0], [489.0, 276.9858490566038], [409.0, 276.9858490566038], [369.0, 310.0329218106996], [280.0, 310.0329218106996], [314.0, 275.5], [296.0, 275.5], [423.0, 453.5], [403.0, 453.5], [278.0, 451.5154639175258], [254.0, 451.5154639175258], [375.0, 277.0], [375.0, 242.0], [279.0, 298.7054794520548], [215.0, 298.7054794520548], [309.0, 473.0], [279.0, 473.0], [373.0, 252.0], [352.0, 252.0], [278.0, 473.0], [278.0, 452.0], [314.0, 308.0], [314.0, 276.0], [375.0, 241.5], [352.0, 241.5], [233.0, 274.51428571428573], [215.0, 274.51428571428573], [490.4991364421416, 165.0], [490.0, 454.0], [473.0, 454.48387096774195], [216.3548387096774, 353.0], [216.0, 452.0], [233.0, 452.0], [401.54761904761904, 310.0], [401.0, 473.0], [371.0, 473.5], [436.36842105263156, 305.0], [436.0, 364.0], [489.0, 364.0], [277.0, 384.0], [224.0, 384.0], [224.5, 358.0]]}