{"vertices": [[316.0, 164.76728110599078], [261.0, 164.76728110599078], [455.0, 165.0], [350.0, 165.0], [350.0, 276.0], [278.86805555555554, 424.0], [278.86805555555554, 354.0], [279.0, 328.0], [279.0, 298.0], [279.0, 473.0], [279.0, 453.0], [309.0, 473.0], [489.0, 276.4508474576271], [409.0, 276.4508474576271], [369.0, 309.2699619771863], [280.0, 309.2699619771863], [278.0, 309.2699619771863], [258.0, 309.2699619771863], [423.0, 452.52150537634407], [403.0, 452.52150537634407], [279.0, 452.52150537634407], [254.0, 452.52150537634407], [375.0, 277.0], [375.0, 242.0], [373.0, 252.0], [352.0, 252.0], [375.0, 241.5], [352.0, 241.5], [490.4991364421416, 165.0], [490.0, 452.0], [473.0, 452.52150537634407], [215.1202614379085, 353.0], [215.0, 453.0], [233.0, 453.0], [215.1202614379085, 329.0], [215.0, 298.0], [279.0, 298.5], [401.54761904761904, 310.0], [401.0, 473.0], [371.0, 473.495867768595], [296.0, 276.4508474576271], [314.0, 276.0], [314.0, 308.0], [233.0, 276.4508474576271], [215.0, 276.0], [215.1202614379085, 163.0], [436.36842105263156, 305.0], [436.0, 364.0], [489.0, 364.0], [277.0, 384.0], [224.0, 384.0], [224.5, 358.0]], "weights": [[1.05], [1.05], [1.25], [1.25, 0.95], [0.95], [1.05], [1.05], [0.8], [0.8], [0.75, 0.9], [0.75], [0.9], [0.95], [0.95], [0.85], [0.85], [0.25], [0.25], [0.8], [0.8], [1.75], [1.75], [0.75], [0.75], [1.5], [1.5], [1.4], [1.4], [1.4], [1.4, 0.85], [0.85], [2.65], [2.65, 0.85], [0.85], [0.55], [0.55, 1.2, 0.55], [1.2], [0.85], [0.85, 0.75], [0.75], [1.0], [1.0, 1.3], [1.3], [0.5], [0.5, 0.55, 0.55], [0.55], [0.65], [0.65, 1.0], [1.0], [3.75], [3.75, 6.5], [6.5]], "edges": [[1], [0], [3], [2, 4], [3], [6], [5], [8], [7], [10, 11], [9], [9], [13], [12], [15], [14], [17], [16], [19], [18], [21], [20], [23], [22], [25], [24], [27], [26], [29], [28, 30], [29], [32], [31, 33], [32], [35], [34, 36, 44], [35], [38], [37, 39], [38], [41], [40, 42], [41], [44], [43, 45, 35], [44], [47], [46, 48], [47], [50], [49, 51], [50]]}