{"weights": [[4.25, 2.8], [4.25, 1.0], [0.5, 1.25], [0.5, 2.15], [1.05], [1.05], [0.85], [0.85], [3.55], [3.55, 3.65], [2.65], [2.65], [0.75], [0.75, 1.1], [3.3], [3.3], [3.65, 7.15], [3.1], [3.1], [7.15], [1.15], [1.15], [2.4], [2.4], [1.45], [1.45, 1.1, 1.75], [1.05], [1.05], [1.1], [1.1], [5.15], [5.15], [2.8], [1.3], [1.3, 7.4, 0.95], [1.0], [1.3], [1.3], [1.1, 0.9499999999999875], [1.45], [1.45], [2.85], [2.85], [1.0], [1.0], [1.95], [1.95], [2.15], [1.5], [1.5, 7.4], [1.2], [1.2], [1.35], [1.35], [1.4], [1.4], [0.75], [0.75], [0.9499999999999875], [3.05], [3.05], [0.75], [0.75], [1.2], [1.2], [2.25], [2.25], [2.95], [2.95, 2.85], [2.85], [4.65], [4.65, 4.65, 1.55], [4.65], [1.55], [1.1], [1.1, 1.75], [1.75], [1.05], [1.05, 2.95], [1.3], [1.3, 1.0], [1.0], [1.25, 1.0], [1.0], [5.45], [5.45, 2.65], [2.65], [0.95], [1.1, 1.0], [1.0], [1.75, 1.1], [1.1], [4.15], [4.15, 3.35], [3.35], [2.75], [2.75, 2.95], [3.15], [3.15, 3.25], [3.25], [1.75], [1.75, 0.7], [0.7]], "edges": [[1, 32], [0, 35], [3, 82], [2, 47], [5], [4], [7], [6], [9], [8, 16], [11], [10], [13], [12, 88], [15], [14], [9, 19], [18], [17], [16], [21], [20], [23], [22], [25], [24, 38, 90], [27], [26], [29], [28], [31], [30], [0], [34], [33, 49, 87], [1], [37], [36], [25, 58], [40], [39], [42], [41], [44], [43], [46], [45], [3], [49], [48, 34], [51], [50], [53], [52], [55], [54], [57], [56], [38], [60], [59], [62], [61], [64], [63], [66], [65], [68], [67, 69], [68], [71], [70, 72, 73], [71], [71], [75], [74, 76], [75], [78], [77, 96], [80], [79, 81], [80], [2, 83], [82], [85], [84, 86], [85], [34], [13, 89], [88], [25, 91], [90], [93], [92, 94], [93], [96], [95, 78], [98], [97, 99], [98], [101], [100, 102], [101]], "vertices": [[335.0, 450.0], [335.0, 308.0], [322.0, 271.0], [322.0, 42.0], [661.0, 382.18023255813955], [592.0, 382.18023255813955], [467.0, 108.47619047619048], [445.0, 108.47619047619048], [91.0, 177.0], [91.0, 107.0], [671.0, 107.0], [638.0, 107.0], [613.0, 271.0], [499.0, 271.0], [227.0, 107.01776649746193], [168.0, 107.01776649746193], [144.0, 107.0], [424.0, 87.0], [424.0, 42.0], [144.0, 146.0], [292.0, 271.0], [194.0, 271.0], [317.0, 106.54871794871795], [283.0, 106.54871794871795], [711.0, 271.0], [696.0, 271.0], [644.5370370370371, 380.0], [644.5370370370371, 313.0], [447.0, 307.5], [396.0, 307.5], [609.125, 345.0], [609.125, 303.0], [363.0, 450.0], [305.0, 307.0], [281.0, 307.0], [368.0, 308.0], [346.0, 228.03333333333333], [325.0, 228.03333333333333], [660.0, 271.0], [643.0, 329.71], [610.0, 329.71], [424.0, 41.583333333333336], [405.0, 41.583333333333336], [506.0, 108.0], [493.0, 108.0], [747.0, 270.94594594594594], [734.0, 270.94594594594594], [344.0, 42.0], [301.0, 342.0], [281.0, 342.0], [191.0, 238.5], [167.0, 238.5], [126.0, 164.25714285714287], [96.0, 164.25714285714287], [599.5217391304348, 122.0], [599.5217391304348, 110.0], [125.0, 217.50877192982455], [96.0, 217.50877192982455], [643.3113207547169, 287.3113207547168], [300.0, 414.9], [286.0, 414.9], [546.0, 108.41666666666667], [532.0, 108.41666666666667], [637.0, 149.0], [627.0, 149.0], [608.9714285714285, 379.0], [608.9714285714285, 367.0], [91.4875, 204.0], [91.0, 520.0], [109.0, 520.0], [447.0, 270.73988439306356], [423.0, 270.0], [395.0, 270.73988439306356], [423.5625, 218.0], [638.0, 246.0], [638.0, 108.0], [572.0, 108.4921875], [698.0, 323.2413793103448], [751.0, 323.0], [193.5, 169.0], [193.0, 271.0], [147.0, 271.5], [365.0, 271.0], [365.4878048780488, 248.0], [282.30967741935484, 375.0], [282.0, 518.0], [265.0, 518.4810126582279], [241.0, 307.49333333333334], [499.0, 382.0], [534.0, 382.0], [696.0, 382.0], [679.0, 382.48387096774195], [446.4968152866242, 374.0], [446.0, 449.0], [418.0, 449.95402298850576], [726.0, 106.12213740458016], [751.0, 106.0], [144.9090909090909, 237.0], [144.0, 308.0], [95.0, 308.01408450704224], [192.74137931034483, 111.0], [192.0, 142.0], [168.0, 142.51111111111112]]}