{"vertices": [[91.0, 177.0], [91.0, 107.0], [613.0, 271.0], [498.0, 271.0], [292.0, 270.92977528089887], [195.0, 270.92977528089887], [711.0, 270.92977528089887], [698.0, 270.92977528089887], [696.0, 271.0], [660.0, 271.0], [747.0, 270.92977528089887], [734.0, 270.92977528089887], [335.0, 450.0], [335.0, 308.0], [282.0, 342.0], [282.0, 308.0], [322.0, 271.0], [322.0, 42.0], [661.0, 382.2952029520295], [592.0, 382.2952029520295], [534.0, 382.0], [498.0, 382.0], [467.0, 107.00854139290408], [445.0, 107.00854139290408], [671.0, 107.0], [641.0, 107.0], [227.0, 107.00854139290408], [168.0, 107.00854139290408], [145.0, 107.0], [317.0, 107.00854139290408], [283.0, 107.00854139290408], [506.0, 107.00854139290408], [493.0, 107.00854139290408], [546.0, 107.00854139290408], [532.0, 107.00854139290408], [145.0, 146.0], [424.0, 87.0], [424.0, 42.0], [447.0, 307.673031026253], [396.0, 307.673031026253], [305.0, 308.0], [282.0, 307.673031026253], [241.0, 307.673031026253], [368.0, 308.0], [608.4685714285714, 345.0], [608.4685714285714, 303.0], [608.4685714285714, 379.0], [608.4685714285714, 367.0], [608.4685714285714, 122.0], [608.4685714285714, 110.0], [363.0, 450.0], [346.0, 228.03333333333333], [325.0, 228.03333333333333], [637.0, 143.6909090909091], [627.0, 143.6909090909091], [424.0, 41.56930693069307], [405.0, 41.56930693069307], [344.0, 42.0], [301.0, 342.0], [191.0, 238.5], [167.0, 238.5], [126.0, 164.25714285714287], [96.0, 164.25714285714287], [599.0, 121.0], [599.0, 110.0], [125.0, 217.50877192982455], [96.0, 217.50877192982455], [643.3113207547169, 287.3113207547168], [300.0, 414.9], [286.0, 414.9], [91.39424635332253, 204.0], [91.0, 519.0], [109.0, 519.0], [447.0, 270.92977528089887], [423.0, 270.0], [395.0, 270.92977528089887], [423.75632911392404, 218.0], [365.0, 271.0], [365.4878048780488, 248.0], [147.0, 270.92977528089887], [193.0, 270.0], [193.22670807453417, 169.0], [641.0, 246.0], [572.0, 107.00854139290408], [640.7227272727273, 380.0], [640.0, 326.0], [640.7227272727273, 313.0], [610.0, 326.2361111111111], [726.0, 107.00854139290408], [751.0, 107.0], [193.22670807453417, 111.0], [193.0, 143.0], [168.0, 143.6909090909091], [282.1313953488372, 375.0], [282.0, 518.0], [265.0, 518.9871794871794], [679.0, 382.2952029520295], [696.0, 382.0], [446.4968152866242, 374.0], [446.0, 449.0], [418.0, 449.9766081871345], [144.73214285714286, 237.0], [144.0, 307.0], [95.0, 307.673031026253], [698.0, 326.2361111111111], [751.0, 326.0]], "weights": [[4.65], [4.65, 3.75], [0.85], [0.85, 1.1], [1.25], [1.25], [1.35], [1.35], [0.75, 1.65], [0.75, 0.8499999999999787], [2.15], [2.15], [4.1, 3.1], [4.1, 0.75], [2.85, 1.3], [2.85, 1.35], [5.55, 1.35], [5.55, 2.75], [1.25], [1.25], [0.75], [0.75, 1.1], [0.45], [0.45], [3.25], [3.25, 3.75, 0.55], [3.65], [3.65], [3.75, 7.05], [2.85], [2.85], [0.25], [0.25], [0.25], [0.25], [7.05], [4.45], [4.45], [0.75], [0.75], [1.35], [0.95], [0.95], [0.75], [1.85], [1.85], [1.65], [1.65], [0.25], [0.25], [3.1], [0.95], [0.95], [0.25], [0.25], [2.75], [2.75], [2.75], [1.3], [1.6], [1.6], [1.05], [1.05], [1.6], [1.6], [1.05], [1.05], [0.8499999999999787], [3.55], [3.55], [2.75], [2.75, 2.65], [2.65], [1.65], [1.65, 1.65, 1.55], [1.65], [1.55], [1.35, 0.95], [0.95], [0.65], [0.65, 1.35], [1.35], [3.75], [0.55], [0.4], [0.4, 0.4, 0.25], [0.4], [0.25], [2.7], [2.7, 3.25], [1.15], [1.15, 0.5], [0.5], [2.5], [2.5, 2.65], [2.65], [0.95], [0.95, 1.65], [0.95], [0.95, 3.25], [3.25], [1.35], [1.35, 1.55], [1.55], [0.25], [0.25, 3.25]], "edges": [[1], [0, 28], [3], [2, 21], [5], [4], [7], [6], [9, 97], [8, 67], [11], [10], [13, 50], [12, 43], [15, 58], [14, 40], [17, 77], [16, 57], [19], [18], [21], [20, 3], [23], [22], [25], [24, 82, 83], [27], [26], [1, 35], [30], [29], [32], [31], [34], [33], [28], [37], [36], [39], [38], [15], [42], [41], [13], [45], [44], [47], [46], [49], [48], [12], [52], [51], [54], [53], [56], [55], [17], [14], [60], [59], [62], [61], [64], [63], [66], [65], [9], [69], [68], [71], [70, 72], [71], [74], [73, 75, 76], [74], [74], [16, 78], [77], [80], [79, 81], [80], [25], [25], [85], [84, 86, 87], [85], [85], [89], [88, 105], [91], [90, 92], [91], [94], [93, 95], [94], [97], [96, 8], [99], [98, 100], [99], [102], [101, 103], [102], [105], [104, 89]]}