{"vertices": [[181.0, 169.0], [181.0, 101.0], [674.0810289389068, 225.0], [674.0810289389068, 98.0], [674.0810289389068, 308.0], [674.0810289389068, 253.0], [547.5026178010471, 405.0], [547.5026178010471, 319.0], [547.5026178010471, 458.0], [547.5026178010471, 448.0], [312.0, 101.05195989061076], [256.0, 101.05195989061076], [232.0, 101.0], [444.0, 394.0], [444.0, 289.0], [280.0, 314.0], [280.0, 160.0], [522.0, 462.0], [522.0, 394.0], [339.0, 262.06382978723406], [281.0, 262.06382978723406], [567.0, 462.0], [548.0, 289.0], [522.0, 289.0], [475.0, 289.0], [404.0, 289.0], [371.0, 289.0], [279.0, 289.3488372093023], [253.0, 289.3488372093023], [501.0, 80.0], [457.0, 80.0], [656.0, 80.46456692913385], [642.0, 80.46456692913385], [614.0, 80.46456692913385], [601.0, 80.46456692913385], [583.4662576687117, 298.0], [583.4662576687117, 222.0], [583.0, 328.0], [583.0, 300.0], [672.0, 300.0], [546.0, 394.0], [466.0, 394.0], [522.0, 393.5], [497.0, 393.5], [232.0, 135.0], [252.0, 314.0], [252.0, 267.0], [336.0, 314.0], [216.0, 210.50819672131146], [185.0, 210.50819672131146], [279.0, 235.0], [254.0, 235.0], [217.0, 156.4920634920635], [185.0, 156.4920634920635], [181.2221700328793, 197.0], [181.0, 520.0], [195.0, 520.0], [580.0, 354.4945652173913], [674.0, 354.0], [371.0, 520.0], [357.0, 520.5], [516.0, 101.0], [501.0, 101.0], [372.0, 101.05195989061076], [404.0, 101.0], [404.0, 262.0], [442.0, 101.05195989061076], [457.0, 101.0], [280.0, 104.0], [280.0, 132.0], [258.0, 132.5], [522.2532467532468, 289.0], [522.0, 262.0], [551.0, 262.06382978723406], [267.0, 262.06382978723406], [232.0, 262.0], [185.0, 262.06382978723406], [232.31914893617022, 232.0], [629.0, 461.9795918367347], [674.0, 461.0], [467.0, 262.0], [467.5, 286.0], [467.0, 263.0], [444.0, 262.06382978723406]], "weights": [[7.75], [7.75, 2.75], [2.65], [2.65], [1.5], [1.5], [0.9], [0.9], [1.2], [1.2], [1.85], [1.85], [2.75, 1.3], [0.75, 1.0], [0.75, 0.5], [0.5, 1.1], [0.5], [1.4, 2.75], [1.4, 1.1], [0.25], [0.25], [2.75], [1.2], [1.2], [0.5], [0.25], [0.25, 0.65], [0.25], [0.25], [0.75, 0.85], [0.75, 1.45], [3.25], [3.25], [2.85], [2.85], [0.75], [0.75], [0.55], [0.55, 0.75], [0.75], [1.1], [1.0], [1.0], [1.0], [1.3], [0.6], [0.6], [1.1], [0.85], [0.85], [0.8], [0.8], [0.7], [0.7], [2.65], [2.65, 3.0], [3.0], [0.75], [0.75, 2.35], [0.65, 3.5], [3.5], [2.55], [2.55, 0.85], [2.75], [2.75, 0.55], [0.55], [2.95], [2.95, 1.45], [0.9], [0.9, 1.0], [1.0], [0.25], [0.25, 0.7, 0.7], [0.7], [0.25], [0.25, 0.25, 0.7], [0.25], [0.7], [2.75], [2.75, 2.35], [0.7], [1.1], [1.1, 0.7], [0.7]], "edges": [[1], [0, 12], [3], [2], [5], [4], [7], [6], [9], [8], [11], [10], [1, 44], [14, 41], [13, 24], [16, 47], [15], [18, 21], [17, 40], [20], [19], [17], [23], [22], [14], [26], [25, 59], [28], [27], [30, 62], [29, 67], [32], [31], [34], [33], [36], [35], [38], [37, 39], [38], [18], [13], [43], [42], [12], [46], [45], [15], [49], [48], [51], [50], [53], [52], [55], [54, 56], [55], [58], [57, 79], [26, 60], [59], [62], [61, 29], [64], [63, 65], [64], [67], [66, 30], [69], [68, 70], [69], [72], [71, 73, 80], [72], [75], [74, 76, 77], [75], [75], [79], [78, 58], [72], [82], [81, 83], [82]]}