{"weights": [[2.55], [2.55], [1.75], [1.75], [2.75], [2.75, 3.05], [1.0], [1.0], [2.75], [2.75], [0.95, 1.1], [0.95, 0.8], [0.7, 1.2], [0.7], [2.4, 2.85], [2.4, 1.0], [1.2], [1.2], [3.05, 0.7], [2.85], [0.5], [0.5, 0.5], [0.8], [0.8], [6.75, 2.9500000000000055], [6.75, 1.35], [1.0], [0.7], [0.5], [0.5], [2.75], [2.75], [0.7], [0.7], [0.5], [0.5], [1.2], [0.8], [0.8, 1.55], [0.95], [0.95], [2.15], [2.15], [1.1], [0.8], [0.8], [1.0], [1.0], [0.75], [0.75], [0.5], [0.5, 1.1, 1.05], [0.5], [0.5], [0.5], [1.2], [1.2], [2.35], [2.35, 2.7], [2.7], [0.75], [0.75, 2.25], [1.55, 3.5], [3.5], [3.3], [3.3, 2.9500000000000055], [3.15], [3.15, 0.65], [0.65], [0.8, 1.4], [1.4], [1.1], [1.05], [2.85], [2.85, 2.25], [7.65], [7.65, 1.35], [1.0], [1.0, 0.5], [0.5]], "edges": [[1], [0], [3], [2], [5], [4, 18], [7], [6], [9], [8], [11, 43], [10, 69], [13, 36], [12], [15, 19], [14, 26], [17], [16], [5, 27], [14], [21], [20, 54], [23], [22], [25, 65], [24, 76], [15], [18], [29], [28], [31], [30], [33], [32], [35], [34], [12], [38], [37, 62], [40], [39], [42], [41], [10], [45], [44], [47], [46], [49], [48], [51], [50, 71, 72], [53], [52], [21], [56], [55], [58], [57, 59], [58], [61], [60, 74], [38, 63], [62], [65], [64, 24], [67], [66, 68], [67], [11, 70], [69], [51], [51], [74], [73, 61], [76], [75, 25], [78], [77, 79], [78]], "vertices": [[674.2428977272727, 225.0], [674.2428977272727, 98.0], [673.763440860215, 308.0], [673.763440860215, 253.0], [181.0, 169.0], [181.0, 100.0], [547.5029239766081, 405.0], [547.5029239766081, 319.0], [312.0, 100.55108359133126], [256.0, 100.55108359133126], [444.0, 394.0], [444.0, 288.0], [280.0, 314.0], [280.0, 160.0], [522.0, 461.0], [522.0, 394.0], [267.0, 265.5], [185.0, 265.5], [232.0, 100.0], [567.0, 461.0], [548.0, 288.0], [525.0, 288.0], [551.0, 259.0], [444.0, 259.0], [501.0, 79.0], [457.0, 79.0], [546.0, 394.0], [232.0, 135.0], [339.0, 258.0], [281.0, 258.0], [656.0, 82.12903225806451], [642.0, 82.12903225806451], [232.48387096774192, 264.0], [232.48387096774192, 232.0], [252.0, 314.0], [252.0, 267.0], [336.0, 314.0], [404.0, 295.0], [371.0, 295.0], [216.0, 210.50819672131146], [185.0, 210.50819672131146], [614.0, 82.05172413793103], [601.0, 82.05172413793103], [466.0, 394.0], [279.0, 235.0], [254.0, 235.0], [522.0, 393.5], [497.0, 393.5], [217.0, 156.4920634920635], [185.0, 156.4920634920635], [583.0, 328.0], [583.0, 300.0], [279.0, 279.0], [253.0, 279.0], [525.0, 260.0], [547.5, 458.0], [547.5, 448.0], [181.17793183131138, 197.0], [181.0, 520.0], [195.0, 520.0], [580.0, 354.4945652173913], [674.0, 354.0], [371.0, 520.0], [357.0, 520.5], [516.0, 103.0], [501.0, 103.0], [372.0, 100.44919786096257], [404.0, 100.0], [404.0, 262.0], [467.0, 288.0], [467.5, 260.0], [583.5588235294117, 222.0], [672.0, 300.0], [629.0, 462.46530612244896], [674.0, 462.0], [442.0, 102.53956834532374], [457.0, 102.0], [258.0, 132.5], [280.0, 132.0], [280.0, 104.0]]}