{"weights": [[1.35], [1.35, 1.85], [0.8, 2.5], [0.8, 1.5], [1.5], [1.5, 1.25], [1.1], [1.1], [2.05], [2.05], [1.5, 1.85], [1.5, 1.9], [1.75], [1.75], [1.85], [1.85], [1.85], [1.85], [1.5], [0.8], [0.8], [2.7, 2.45], [2.7], [1.65], [1.65, 1.55], [5.15], [5.15], [1.55], [1.55], [5.95], [5.95], [2.75], [2.75, 0.7, 2.65], [0.85, 1.75], [0.85, 0.8], [1.15], [1.15], [1.1], [1.1], [2.5], [1.55], [1.55], [2.3], [2.3, 1.8999999999999837], [1.15], [1.15, 1.9], [1.15], [1.15], [1.55], [1.85, 1.4], [2.65], [2.65], [1.4], [1.8999999999999837, 1.85], [1.85], [1.85], [3.25], [3.25], [0.8], [2.3], [2.3], [0.7], [0.7], [0.9], [0.9], [2.9], [2.9], [1.25], [2.65], [2.65], [1.85], [1.85], [0.5], [0.5], [1.0], [1.0], [1.9999999999999958, 6.3], [1.9999999999999958], [1.65], [1.65, 1.65, 6.65], [1.65], [6.65], [1.75, 1.5], [1.5], [0.7], [2.65], [6.3, 5.7], [5.7], [0.75], [0.75, 0.6], [0.6], [2.6], [2.6, 1.0], [1.0], [2.45, 0.85], [0.85], [2.85], [2.85, 0.75], [0.75]], "edges": [[1], [0, 49], [3, 39], [2, 18], [5], [4, 67], [7], [6], [9], [8], [11, 53], [10, 45], [13], [12], [15], [14], [17], [16], [3], [20], [19], [22, 94], [21], [24], [23, 48], [26], [25], [28], [27], [30], [29], [32], [31, 84, 85], [34, 82], [33, 58], [36], [35], [38], [37], [2], [41], [40], [43], [42, 53], [45], [44, 11], [47], [46], [24], [1, 52], [51], [50], [49], [43, 10], [55], [54], [57], [56], [34], [60], [59], [62], [61], [64], [63], [66], [65], [5], [69], [68], [71], [70], [73], [72], [75], [74], [77, 86], [76], [79], [78, 80, 81], [79], [79], [33, 83], [82], [32], [32], [76, 87], [86], [89], [88, 90], [89], [92], [91, 93], [92], [21, 95], [94], [97], [96, 98], [97]], "vertices": [[413.0, 199.0], [413.0, 148.0], [376.0, 409.0], [237.0, 409.0], [532.0, 455.0], [532.0, 413.0], [412.5, 419.0], [412.5, 353.0], [419.0, 515.3537735849056], [267.0, 515.3537735849056], [531.0, 203.0], [531.0, 178.0], [397.0, 35.51020408163265], [346.0, 35.51020408163265], [237.8783783783784, 303.0], [237.8783783783784, 250.0], [533.0, 35.60860655737705], [415.0, 35.60860655737705], [237.0, 376.0], [412.0, 326.0], [412.0, 240.0], [532.0, 129.0], [532.0, 90.0], [586.0, 325.0], [532.0, 325.0], [238.51908396946564, 57.0], [238.51908396946564, 35.0], [237.0327868852459, 517.0], [237.0327868852459, 496.0], [443.97058823529414, 115.0], [443.97058823529414, 91.0], [298.0, 200.0], [298.0, 168.0], [445.0, 516.0], [445.0, 449.0], [531.8297872340426, 395.0], [531.8297872340426, 357.0], [612.4202898550725, 296.0], [612.4202898550725, 232.0], [376.0, 438.0], [237.01754385964912, 456.0], [237.01754385964912, 436.0], [606.0, 241.0], [606.0, 231.0], [499.0, 196.0], [499.0, 178.0], [411.7029702970297, 511.0], [411.7029702970297, 477.0], [532.0, 338.0], [379.0, 148.0], [505.0, 101.55555555555556], [446.0, 101.55555555555556], [379.0, 168.0], [578.0, 203.0], [298.0, 269.30379746835445], [272.0, 269.30379746835445], [376.8074534161491, 511.0], [376.8074534161491, 485.0], [412.0, 449.0], [280.0, 513.0], [280.0, 497.0], [443.46666666666664, 62.0], [443.46666666666664, 38.0], [550.0, 395.0], [532.0, 395.0], [607.0, 301.0], [607.0, 287.0], [554.0, 413.0], [279.62264150943395, 455.0], [279.62264150943395, 439.0], [589.0, 318.5238095238095], [576.0, 318.5238095238095], [478.0, 324.0], [457.0, 324.0], [505.0, 93.0], [494.0, 93.0], [516.0, 313.0], [504.0, 301.0], [328.0, 36.197452229299365], [298.0, 36.0], [282.0, 36.197452229299365], [298.1497005988024, 68.0], [532.0, 516.0], [532.0078125, 473.0], [378.0, 168.0], [298.37609329446065, 107.0], [497.0, 313.0], [497.09375, 295.0], [421.0, 322.6060606060606], [457.0, 322.0], [457.0, 273.0], [554.0, 412.0], [554.0, 374.0], [535.0, 374.5], [498.0, 129.0], [498.48387096774195, 111.0], [298.20359281437123, 239.0], [299.0, 270.0], [381.0, 270.0]]}