{"vertices": [[501.08355437665784, 318.0], [501.08355437665784, 165.0], [89.50381679389314, 365.0], [89.50381679389314, 287.0], [89.50381679389314, 459.0], [89.50381679389314, 381.0], [89.50381679389314, 261.0], [89.50381679389314, 165.0], [90.0, 139.0], [90.0, 125.0], [741.3767441860465, 203.0], [741.3767441860465, 124.0], [741.3767441860465, 263.0], [741.3767441860465, 221.0], [689.0, 125.17857142857143], [665.0, 125.17857142857143], [552.0, 125.17857142857143], [496.0, 125.17857142857143], [291.0, 125.17857142857143], [276.0, 125.17857142857143], [209.0, 125.17857142857143], [180.0, 125.17857142857143], [331.0, 125.17857142857143], [316.0, 125.17857142857143], [112.0, 125.0], [395.0, 125.17857142857143], [382.0, 125.17857142857143], [589.0, 125.17857142857143], [578.0, 125.17857142857143], [315.0, 469.0], [271.0, 469.0], [449.0, 468.55555555555554], [410.0, 468.55555555555554], [173.0, 468.55555555555554], [146.0, 468.55555555555554], [239.0, 468.55555555555554], [200.0, 468.55555555555554], [384.0, 468.55555555555554], [333.0, 468.55555555555554], [705.0, 358.99789915966386], [666.0, 358.99789915966386], [533.0, 359.0], [501.0, 359.0], [648.0, 358.99789915966386], [609.0, 358.99789915966386], [590.0, 358.99789915966386], [570.0, 358.99789915966386], [568.0, 358.99789915966386], [551.0, 358.99789915966386], [108.0, 459.0], [90.0, 459.0], [168.0, 458.7567567567568], [123.0, 458.7567567567568], [270.87254901960785, 469.0], [270.87254901960785, 457.0], [270.87254901960785, 326.0], [270.87254901960785, 309.0], [272.0, 31.365930599369086], [261.0, 31.365930599369086], [502.0, 31.365930599369086], [492.0, 31.365930599369086], [98.0, 31.365930599369086], [88.0, 31.365930599369086], [185.0, 31.365930599369086], [175.0, 31.365930599369086], [387.0, 31.365930599369086], [376.0, 31.365930599369086], [302.53846153846155, 468.0], [302.53846153846155, 454.0], [631.4823529411765, 324.0], [631.4823529411765, 301.0], [424.0, 264.0], [410.0, 264.0], [732.0, 301.0], [718.0, 301.0], [301.0, 376.0], [290.0, 376.0], [570.0, 309.0], [570.0, 299.0], [501.0, 468.0], [475.0, 468.55555555555554], [741.3767441860465, 281.0], [741.0, 358.0], [723.0, 358.99789915966386]], "weights": [[1.65], [1.65], [0.75], [0.75], [0.75], [0.75], [0.75], [0.75], [0.7], [0.7, 1.25], [0.95], [0.95], [0.75], [0.75], [1.25], [1.25], [1.9500000000000015], [1.9500000000000015], [1.25], [1.25], [1.25], [1.25], [1.8500000000000014], [1.8500000000000014], [1.25], [1.25], [1.25], [0.95], [0.95], [1.95], [1.95], [0.5], [0.5], [4.2], [4.2], [0.5], [0.5], [0.5], [0.5], [1.25], [1.25], [1.25], [1.25, 0.5], [1.25], [1.25], [1.25], [1.25], [1.35], [1.35], [0.75], [0.75], [5.15], [5.15], [1.5], [1.5], [2.55], [2.55], [4.25], [4.25], [5.15], [5.15], [5.25], [5.25], [5.25], [5.25], [4.95], [4.95], [1.95], [1.95], [1.75], [1.75], [0.8], [0.8], [0.5], [0.5], [0.7], [0.7], [1.8], [1.8], [0.5, 0.5], [0.5], [0.75], [0.75, 1.25], [1.25]], "edges": [[1], [0], [3], [2], [5], [4], [7], [6], [9], [8, 24], [11], [10], [13], [12], [15], [14], [17], [16], [19], [18], [21], [20], [23], [22], [9], [26], [25], [28], [27], [30], [29], [32], [31], [34], [33], [36], [35], [38], [37], [40], [39], [42], [41, 79], [44], [43], [46], [45], [48], [47], [50], [49], [52], [51], [54], [53], [56], [55], [58], [57], [60], [59], [62], [61], [64], [63], [66], [65], [68], [67], [70], [69], [72], [71], [74], [73], [76], [75], [78], [77], [42, 80], [79], [82], [81, 83], [82]]}