{"weights": [[1.1], [1.1], [0.95], [0.95], [1.5], [1.5], [1.5], [1.5], [0.75], [0.75], [3.35], [3.35], [1.5], [1.5], [1.9], [1.9, 3.95], [1.75], [1.75], [1.25], [1.25], [1.5], [1.5], [1.35], [1.35], [0.75], [0.75], [1.6], [1.6], [5.25], [5.25], [0.75], [0.75], [1.35], [1.35], [1.85], [1.85], [1.05], [1.05], [5.3], [5.3], [1.85], [1.85], [1.25], [1.25], [1.3999999999999986], [1.3999999999999986, 0.75], [5.1], [5.1], [2.25], [2.25], [1.5], [1.5], [1.65], [1.65], [2.1], [2.1], [1.4], [1.4], [1.05], [1.05], [5.5], [5.5], [1.5], [1.5], [5.2], [5.2], [1.15], [1.15], [1.2], [1.2], [4.3], [4.3], [0.5], [0.5], [0.75], [0.9], [0.9], [2.3], [2.3], [3.95, 1.0], [1.0], [0.95], [0.95, 1.3], [1.3]], "edges": [[1], [0], [3], [2], [5], [4], [7], [6], [9], [8], [11], [10], [13], [12], [15], [14, 79], [17], [16], [19], [18], [21], [20], [23], [22], [25], [24], [27], [26], [29], [28], [31], [30], [33], [32], [35], [34], [37], [36], [39], [38], [41], [40], [43], [42], [45], [44, 74], [47], [46], [49], [48], [51], [50], [53], [52], [55], [54], [57], [56], [59], [58], [61], [60], [63], [62], [65], [64], [67], [66], [69], [68], [71], [70], [73], [72], [45], [76], [75], [78], [77], [15, 80], [79], [82], [81, 83], [82]], "vertices": [[89.5, 365.0], [89.5, 287.0], [741.2983425414365, 203.0], [741.2983425414365, 124.0], [689.0, 125.0], [665.0, 125.0], [501.33714285714285, 318.0], [501.33714285714285, 165.0], [89.50322580645161, 459.0], [89.50322580645161, 381.0], [315.0, 470.0], [272.0, 470.0], [705.0, 359.0], [666.0, 359.0], [533.0, 359.0], [501.0, 359.0], [552.0, 125.46478873239437], [496.0, 125.46478873239437], [449.0, 469.95454545454544], [410.0, 469.95454545454544], [291.0, 125.0], [276.0, 125.0], [648.0, 358.99122807017545], [609.0, 358.99122807017545], [89.50526315789473, 261.0], [89.50526315789473, 165.0], [209.0, 125.0], [180.0, 125.0], [173.0, 465.9495798319328], [146.0, 465.9495798319328], [108.0, 459.0], [90.0, 459.0], [239.0, 469.9252336448598], [200.0, 469.9252336448598], [271.5348837209302, 470.0], [271.5348837209302, 457.0], [384.0, 469.6637168141593], [333.0, 469.6637168141593], [272.0, 32.5], [261.0, 32.5], [168.0, 458.82608695652175], [123.0, 458.82608695652175], [331.0, 124.97619047619048], [316.0, 124.97619047619048], [112.0, 125.0], [90.0, 125.0], [502.0, 30.5], [492.0, 30.5], [270.3898305084746, 326.0], [270.3898305084746, 309.0], [590.0, 359.0], [570.0, 359.0], [302.53846153846155, 468.0], [302.53846153846155, 454.0], [631.4823529411765, 324.0], [631.4823529411765, 301.0], [424.0, 264.0], [410.0, 264.0], [741.3260869565217, 263.0], [741.3260869565217, 221.0], [98.0, 34.0], [88.0, 34.0], [568.0, 359.0], [551.0, 359.0], [185.0, 31.0], [175.0, 31.0], [395.0, 125.02777777777777], [382.0, 125.02777777777777], [589.0, 125.0], [578.0, 125.0], [387.0, 31.0], [376.0, 31.0], [732.0, 301.0], [718.0, 301.0], [90.0, 139.0], [301.0, 376.0], [290.0, 376.0], [570.0, 309.0], [570.0, 299.0], [501.0, 469.0], [475.0, 469.7931034482759], [741.4968152866242, 281.0], [741.0, 359.0], [723.0, 359.0]]}