{"vertices": [[412.0, 199.0], [412.0, 148.0], [412.4192913385827, 419.0], [412.4192913385827, 353.0], [412.4192913385827, 326.0], [412.4192913385827, 240.0], [328.0, 35.69560047562425], [282.0, 35.69560047562425], [397.0, 35.69560047562425], [346.0, 35.69560047562425], [533.0, 35.69560047562425], [415.0, 35.69560047562425], [377.0, 409.0], [238.0, 409.0], [554.0, 409.0], [532.0, 409.0], [532.0, 455.0], [531.7641653905054, 395.0], [531.7641653905054, 357.0], [532.0, 338.0], [532.0, 324.0], [237.70390070921985, 303.0], [237.70390070921985, 250.0], [237.70390070921985, 409.0], [237.70390070921985, 376.0], [237.70390070921985, 57.0], [237.70390070921985, 35.0], [237.70390070921985, 517.0], [237.70390070921985, 496.0], [237.70390070921985, 456.0], [237.70390070921985, 436.0], [298.2702380952381, 68.0], [298.2702380952381, 36.0], [298.2702380952381, 167.0], [298.2702380952381, 107.0], [298.0, 200.0], [298.0, 170.0], [377.0, 170.0], [532.0, 174.0], [498.0, 169.0], [298.0, 270.08936170212763], [272.0, 270.08936170212763], [589.0, 324.0], [478.0, 324.0], [457.0, 324.0], [444.68333333333334, 115.0], [444.68333333333334, 91.0], [445.0, 515.0], [445.0, 449.0], [444.68333333333334, 62.0], [444.68333333333334, 38.0], [516.0, 313.0], [498.0, 313.0], [612.0, 301.0], [612.0, 236.0], [377.0, 438.0], [377.0, 148.0], [376.66765578635017, 511.0], [376.66765578635017, 485.0], [498.0, 196.0], [497.54468085106384, 313.0], [497.54468085106384, 295.0], [497.54468085106384, 129.0], [497.54468085106384, 111.0], [505.0, 100.76470588235294], [446.0, 100.76470588235294], [578.0, 203.0], [412.0, 449.0], [279.8019801980198, 513.0], [279.8019801980198, 497.0], [279.8019801980198, 455.0], [279.8019801980198, 439.0], [532.0, 203.0], [550.0, 395.0], [532.0, 395.0], [504.0, 301.0], [412.4192913385827, 477.0], [412.0, 515.0], [267.0, 515.4101796407185], [531.7641653905054, 473.0], [531.0, 515.0], [532.0, 178.0], [500.0, 178.56603773584905], [531.7641653905054, 90.0], [531.0, 129.0], [498.0, 129.0], [298.2702380952381, 239.0], [298.0, 270.0], [381.0, 270.0], [421.0, 324.13119533527697], [457.0, 273.0], [554.0, 374.0], [535.0, 374.5]], "weights": [[1.85], [1.85, 1.35], [1.05], [1.05], [0.95], [0.95], [5.449999999999999], [5.449999999999999], [1.65], [1.65], [1.85], [1.85], [0.75, 2.25], [0.75], [0.25, 6.4], [0.25, 1.25], [1.25], [1.15], [1.15], [1.35], [1.35, 3.55], [2.15], [2.15], [1.35], [1.35], [3.15], [3.15], [1.15], [1.15], [1.55], [1.55], [5.75], [5.75], [2.65], [2.65], [2.65], [2.65, 1.05], [1.05, 0.5], [0.25], [0.25, 0.5], [1.85], [1.85], [3.55], [0.5], [0.5, 0.5, 0.5], [4.6], [4.6], [0.65, 1.75], [0.65, 0.6], [0.25], [0.25], [4.15, 6.299999999999995], [4.15], [0.75], [0.75, 2.349999999999995], [2.25], [0.5, 1.35], [3.45], [3.45], [0.5], [7.75], [7.75], [0.65], [0.65], [3.95], [3.95], [2.349999999999995, 1.85], [0.6], [2.65], [2.65], [2.25], [2.25], [1.85, 2.75], [0.7], [0.7], [6.299999999999995], [0.75], [0.75, 3.65], [3.65], [1.25], [1.25, 1.75], [2.75, 1.35], [1.35], [2.05], [2.05, 1.25], [1.25], [2.55], [2.55, 0.75], [0.75], [0.5], [0.5], [6.4, 1.1], [1.1]], "edges": [[1], [0, 56], [3], [2], [5], [4], [7], [6], [9], [8], [11], [10], [13, 55], [12], [15, 91], [14, 16], [15], [18], [17], [20], [19, 42], [22], [21], [24], [23], [26], [25], [28], [27], [30], [29], [32], [31], [34], [33], [36], [35, 37], [36, 56], [39], [38, 59], [41], [40], [20], [44], [43, 89, 90], [46], [45], [48, 80], [47, 67], [50], [49], [52, 75], [51], [54], [53, 66], [12], [37, 1], [58], [57], [39], [61], [60], [63], [62], [65], [64], [54, 72], [48], [69], [68], [71], [70], [66, 81], [74], [73], [51], [77], [76, 78], [77], [80], [79, 47], [72, 82], [81], [84], [83, 85], [84], [87], [86, 88], [87], [44], [44], [14, 92], [91]]}