{"weights": [[1.7, 0.5], [1.7, 1.1, 0.7], [0.75, 0.7], [0.75, 1.1], [0.75, 0.6], [0.75, 0.75], [0.85], [0.85], [0.7], [0.7], [1.0], [1.0], [0.75], [0.75, 0.5], [0.5], [0.5], [0.5], [0.5], [0.5], [0.5], [0.7, 0.5], [0.7, 1.0], [0.7, 0.6], [0.75], [0.75, 1.1], [0.75], [0.75], [1.0, 0.75], [1.0], [0.95], [0.95], [0.8], [0.8], [0.5, 0.8], [1.5], [1.5], [1.25, 0.8, 0.75], [1.25, 0.9499999999999794], [1.1, 0.5], [4.6], [4.6], [0.6, 0.6], [0.75], [1.0], [1.0], [1.0], [0.5], [0.5], [0.5], [0.7], [0.7], [0.6], [0.6], [1.1], [1.1, 0.5], [0.8], [0.8], [0.6, 0.9499999999999794], [0.6, 0.8], [0.5], [0.5, 0.95], [0.5], [0.9], [0.9], [0.5], [1.1, 0.7], [0.6], [0.6], [0.7], [0.5, 1.0], [1.0], [0.75], [0.75, 0.75, 1.1], [0.75], [1.0], [1.0, 0.8], [0.75], [0.75, 0.7], [0.7], [0.95, 1.0], [1.0], [0.85], [0.85, 1.1], [1.1], [0.7, 1.05], [1.05]], "edges": [[1, 64], [0, 38, 84], [3, 20], [2, 72], [5, 41], [4, 42], [7], [6], [9], [8], [11], [10], [13], [12, 48], [15], [14], [17], [16], [19], [18], [2, 33], [22, 43], [21, 41], [24], [23, 65], [26], [25], [28, 36], [27], [30], [29], [32], [31], [20, 36], [35], [34], [37, 33, 27], [36, 57], [1, 59], [40], [39], [22, 4], [5], [21], [45], [44], [47], [46], [13], [50], [49], [52], [51], [54], [53, 69], [56], [55], [58, 37], [57, 75], [38], [61, 79], [60], [63], [62], [0], [24, 68], [67], [66], [65], [54, 70], [69], [72], [71, 73, 3], [72], [75], [74, 58], [77], [76, 78], [77], [60, 80], [79], [82], [81, 83], [82], [1, 85], [84]], "vertices": [[162.0, 367.0], [162.0, 248.0], [654.0, 532.0], [654.0, 366.0], [163.0, 153.0], [163.0, 35.0], [312.0, 34.4954128440367], [255.0, 34.4954128440367], [349.0, 382.0], [349.0, 269.0], [503.0, 269.5], [385.0, 269.5], [682.0, 199.0], [682.0, 134.0], [348.0, 367.0], [255.0, 367.0], [616.0, 134.0], [477.0, 134.0], [476.0, 336.0], [476.0, 271.0], [523.0, 532.0], [200.0, 177.0], [141.0, 177.0], [396.0, 429.0], [349.0, 429.0], [289.4983922829582, 191.0], [289.4983922829582, 35.0], [598.0, 441.0], [598.0, 366.0], [546.0, 308.70625], [477.0, 308.70625], [654.0, 365.50877192982455], [624.0, 365.50877192982455], [523.0, 441.0], [406.0, 29.35473515248796], [340.0, 29.35473515248796], [543.0, 441.0], [543.0, 390.0], [141.0, 248.0], [397.0, 17.23391812865497], [349.0, 17.23391812865497], [141.0, 153.0], [196.0, 35.0], [200.0, 153.0], [281.5, 414.0], [281.5, 368.0], [348.0, 293.0], [309.0, 293.0], [646.0, 134.0], [598.0, 365.5074626865672], [562.0, 365.5074626865672], [546.0, 347.0], [546.0, 309.0], [502.0, 190.0], [476.0, 190.0], [308.0, 366.0], [308.0, 342.0], [520.0, 367.0], [476.0, 367.0], [141.0, 215.0], [252.0, 153.0], [231.0, 153.0], [653.0, 441.0], [631.0, 441.0], [195.0, 367.0], [349.0, 414.0], [301.0, 414.0], [282.0, 414.0], [335.0, 414.0], [476.0, 34.0], [435.0, 34.5], [681.5454545454545, 379.0], [681.0, 366.0], [681.5454545454545, 289.0], [430.0, 428.5], [476.0, 428.0], [289.0, 269.3953488372093], [308.0, 269.0], [308.0, 315.0], [252.0, 248.0], [231.0, 248.5], [503.0, 221.0], [503.0, 178.0], [477.0, 178.5], [199.0, 248.0], [199.51282051282053, 227.0]]}