{"vertices": [[476.0, 190.0], [476.0, 32.0], [476.0, 336.0], [476.0, 271.0], [163.0, 366.0], [163.0, 248.0], [312.0, 31.940026075619297], [255.0, 31.940026075619297], [476.0, 31.940026075619297], [435.0, 31.940026075619297], [406.0, 31.940026075619297], [340.0, 31.940026075619297], [196.0, 32.0], [162.0, 32.0], [349.0, 382.0], [349.0, 269.0], [349.0, 429.0], [349.0, 414.0], [682.0, 199.0], [682.0, 134.0], [503.0, 269.48387096774195], [385.0, 269.48387096774195], [519.0, 366.0], [476.0, 366.0], [195.0, 366.0], [616.0, 134.0], [477.0, 134.0], [646.0, 134.0], [396.0, 429.0], [654.0, 532.0], [523.0, 532.0], [503.0, 177.6880733944954], [477.0, 177.6880733944954], [287.67245657568236, 191.0], [287.67245657568236, 35.0], [287.67245657568236, 414.0], [287.67245657568236, 368.0], [543.0, 308.70625], [477.0, 308.70625], [523.0, 441.0], [543.0, 441.0], [543.0, 391.0], [543.0, 347.0], [543.0, 309.0], [141.0, 248.0], [598.0, 441.0], [653.0, 440.6666666666667], [631.0, 440.6666666666667], [397.0, 19.16915422885572], [349.0, 19.16915422885572], [397.0, 14.0], [349.0, 14.0], [141.0, 178.0], [141.0, 153.0], [141.0, 215.0], [503.0, 221.0], [503.0, 178.0], [348.0, 293.0], [309.0, 293.0], [502.0, 190.0], [252.0, 153.0], [231.0, 153.0], [301.0, 414.0], [288.0, 414.0], [335.0, 414.0], [476.0, 428.0], [430.0, 428.5027322404372], [162.0, 153.0], [654.0, 366.0], [624.0, 366.2397660818713], [681.547619047619, 379.0], [681.0, 366.0], [681.547619047619, 289.0], [289.0, 269.48387096774195], [308.0, 269.0], [308.0, 315.0], [348.0, 366.2397660818713], [308.0, 366.0], [255.0, 366.2397660818713], [308.0, 342.0], [562.0, 366.2397660818713], [598.0, 366.0], [199.0, 178.0], [199.69354838709677, 153.0], [252.0, 248.0], [231.0, 248.4968152866242], [199.0, 248.0], [199.69354838709677, 227.0]], "weights": [[0.8, 1.5], [0.8], [0.5], [0.5], [1.0, 0.25], [1.0, 1.0, 1.05], [0.2500000000000018], [0.2500000000000018], [0.25000000000000105], [0.25000000000000105], [7.05], [7.05], [0.25000000000000144], [0.25000000000000144, 1.0], [1.8], [1.8], [1.0, 0.75], [1.0, 1.1], [1.15], [1.15, 0.5], [0.85], [0.85], [0.45, 0.8999999999999911], [0.45, 0.5], [0.25], [0.5], [0.5], [0.5], [0.75], [0.7, 0.75], [0.7, 0.6], [0.5], [0.5], [0.5], [0.5], [0.25], [0.25], [1.05], [1.05], [0.6, 0.55], [1.4, 0.55, 0.75], [1.4, 0.8999999999999911], [0.25], [0.25], [1.0, 0.5], [0.75, 1.0], [1.0], [1.0], [6.549999999999999], [6.549999999999999], [1.5], [1.5], [0.6, 0.5], [0.6, 0.7], [0.5], [1.05], [1.05], [0.5], [0.5], [1.5], [0.5, 1.4], [0.5], [0.6], [0.6], [1.1], [0.5, 0.75], [0.75], [1.0, 0.7], [0.75, 0.8, 0.85], [0.8], [0.75], [0.75, 0.75, 0.85], [0.75], [0.75], [0.75, 0.8], [0.8], [0.8], [0.8, 0.8, 0.9], [0.8], [0.9], [0.65], [0.65, 1.0], [0.5, 1.15], [1.15], [1.4, 0.75], [0.75], [1.05, 0.75], [0.75]], "edges": [[1, 59], [0], [3], [2], [5, 24], [4, 44, 86], [7], [6], [9], [8], [11], [10], [13], [12, 67], [15], [14], [17, 28], [16, 64], [19], [18, 27], [21], [20], [23, 41], [22, 65], [4], [26], [25], [19], [16], [30, 68], [29, 39], [32], [31], [34], [33], [36], [35], [38], [37], [30, 40], [41, 39, 45], [40, 22], [43], [42], [5, 54], [40, 81], [47], [46], [49], [48], [51], [50], [53, 82], [52, 67], [44], [56], [55], [58], [57], [0], [61, 84], [60], [63], [62], [17], [23, 66], [65], [13, 53], [29, 69, 71], [68], [71], [70, 72, 68], [71], [74], [73, 75], [74], [77], [76, 78, 79], [77], [77], [81], [80, 45], [52, 83], [82], [60, 85], [84], [5, 87], [86]]}