{"vertices": [[405.0, 341.0], [359.0, 341.0], [488.0, 280.0], [488.0, 228.0], [397.0, 87.1013986013986], [356.0, 87.1013986013986], [359.0, 324.0], [433.0, 411.0], [387.0, 411.0], [549.0, 208.0], [508.0, 208.0], [401.0, 102.66666666666667], [391.0, 102.66666666666667], [363.0, 102.66666666666667], [352.0, 102.66666666666667], [642.448275862069, 142.0], [642.448275862069, 126.0], [392.0, 463.4634146341463], [380.0, 463.4634146341463], [641.0, 463.4634146341463], [627.0, 463.4634146341463], [368.0, 376.0], [352.0, 376.0], [405.0, 318.0], [433.4347826086956, 322.0], [433.4347826086956, 312.0], [222.0, 319.0], [222.0, 307.0], [450.0, 463.0], [434.0, 463.0], [433.4347826086956, 446.0]], "weights": [[0.75, 0.9], [0.75, 0.5], [1.2], [1.2, 0.500000000000004], [3.15], [3.15], [0.5], [0.6], [0.6], [0.5], [0.5, 0.500000000000004], [4.15], [4.15], [7.7], [7.7], [0.65], [0.65], [0.45], [0.45], [0.5], [0.5], [1.1], [1.1], [0.9], [1.05], [1.05], [0.7], [0.7], [0.5], [0.5, 0.5], [0.5]], "edges": [[1, 23], [0, 6], [3], [2, 10], [5], [4], [1], [8], [7], [10], [9, 3], [12], [11], [14], [13], [16], [15], [18], [17], [20], [19], [22], [21], [0], [25], [24], [27], [26], [29], [28, 30], [29]]}