{"weights": [[0.6, 0.8], [0.6, 0.6], [1.0], [1.0, 0.500000000000004], [4.55], [4.55], [0.6], [0.5], [0.5], [0.5], [0.5, 0.500000000000004], [6.1], [6.1], [0.7], [0.7], [6.6], [6.6], [0.6], [0.6, 0.5], [0.5], [0.5], [0.8], [0.9], [0.9], [1.2], [1.2], [0.5], [0.6], [0.6], [0.5], [0.5]], "edges": [[1, 21], [0, 6], [3], [2, 10], [5], [4], [1], [8], [7], [10], [9, 3], [12], [11], [14], [13], [16], [15], [18], [17, 26], [20], [19], [0], [23], [22], [25], [24], [18], [28], [27], [30], [29]], "vertices": [[405.0, 341.0], [359.0, 341.0], [488.0, 280.0], [488.0, 228.0], [397.0, 87.1013986013986], [356.0, 87.1013986013986], [359.0, 324.0], [433.0, 411.0], [387.0, 411.0], [549.0, 208.0], [508.0, 208.0], [401.0, 103.0], [391.0, 103.0], [642.448275862069, 142.0], [642.448275862069, 126.0], [363.0, 102.5], [352.0, 102.5], [450.0, 462.0], [433.0, 462.0], [368.0, 376.0], [352.0, 376.0], [405.0, 318.0], [434.0, 322.0], [434.0, 312.0], [392.0, 467.0], [380.0, 467.0], [433.0, 446.0], [222.0, 319.0], [222.0, 307.0], [641.0, 462.0], [627.0, 462.0]]}