{"weights": [[7.3], [7.3], [1.5, 3.35], [1.5], [0.75], [0.75], [3.25, 3.45], [3.25, 3.25], [3.45, 1.5], [8.15], [8.15], [0.75], [0.75], [1.5, 5.05], [1.5], [1.5], [0.7000000000000028], [0.7000000000000028], [1.0], [1.0], [7.95], [7.95], [6.15], [6.15], [0.9], [0.9, 0.5], [0.75], [0.75], [5.05], [4.65], [4.65], [1.25], [1.25], [4.75], [4.75], [0.75], [0.75], [4.75], [4.75], [2.25], [2.25], [7.35], [7.35], [0.7499999999999958], [0.7499999999999958], [3.0], [3.0], [5.45], [5.45], [0.5], [0.5], [2.85], [2.85, 3.35], [2.95], [2.95, 3.25], [0.25], [0.25, 0.7500000000000057], [0.7500000000000057], [1.0], [1.0, 0.5]], "edges": [[1], [0], [3, 52], [2], [5], [4], [7, 8], [6, 54], [6, 13], [10], [9], [12], [11], [8, 28], [15], [14], [17], [16], [19], [18], [21], [20], [23], [22], [25], [24, 59], [27], [26], [13], [30], [29], [32], [31], [34], [33], [36], [35], [38], [37], [40], [39], [42], [41], [44], [43], [46], [45], [48], [47], [50], [49], [52], [51, 2], [54], [53, 7], [56], [55, 57], [56], [59], [58, 25]], "vertices": [[535.7563636363636, 246.0], [535.7563636363636, 173.0], [540.0, 549.0], [540.0, 454.0], [150.49565217391304, 186.0], [150.49565217391304, 128.0], [354.0, 522.0], [354.0, 431.0], [471.0, 522.0], [534.476821192053, 28.0], [534.476821192053, 9.0], [676.6769662921348, 239.0], [676.6769662921348, 116.0], [471.0, 453.0], [525.1768707482993, 193.0], [525.1768707482993, 175.0], [368.0, 127.49019607843137], [316.0, 127.49019607843137], [523.0, 127.5], [505.0, 127.5], [525.205298013245, 244.0], [525.205298013245, 225.0], [352.0, 10.753148614609572], [318.0, 10.753148614609572], [575.0, 86.0], [537.0, 86.0], [447.0, 127.47826086956522], [423.0, 127.47826086956522], [540.0, 453.0], [533.2359550561798, 86.0], [533.2359550561798, 64.0], [439.0, 292.0281690140845], [412.0, 292.0281690140845], [257.0, 7.477157360406092], [237.0, 7.477157360406092], [677.0, 85.5072463768116], [642.0, 85.5072463768116], [449.0, 13.476439790575917], [429.0, 13.476439790575917], [541.0, 327.0769230769231], [519.0, 327.0769230769231], [160.79661016949152, 48.0], [160.79661016949152, 33.0], [258.0, 127.4888888888889], [235.0, 127.4888888888889], [532.0, 293.5], [521.0, 293.5], [160.81666666666666, 91.0], [160.81666666666666, 76.0], [620.0, 329.0], [607.0, 329.0], [677.3644859813085, 260.0], [677.0, 549.0], [150.48089700996678, 232.0], [150.0, 431.0], [153.24432576769024, 3.0], [153.0, 127.0], [179.0, 127.0], [525.0, 127.5], [537.0, 127.0]]}