{"vertices": [[677.2519540229885, 239.0], [677.2519540229885, 116.0], [537.489646772229, 246.0], [537.489646772229, 173.0], [537.0, 549.0], [537.0, 454.0], [537.489646772229, 28.0], [537.489646772229, 9.0], [537.489646772229, 84.0], [537.489646772229, 64.0], [538.0, 127.0], [538.0, 86.0], [151.6852026390198, 431.0], [151.6852026390198, 232.0], [151.6852026390198, 186.0], [151.6852026390198, 128.0], [151.6852026390198, 127.0], [151.6852026390198, 3.0], [354.0, 522.0], [354.0, 431.0], [471.0, 522.0], [152.0, 431.0], [471.0, 453.0], [525.4195583596214, 193.0], [525.4195583596214, 175.0], [525.4195583596214, 244.0], [525.4195583596214, 225.0], [525.4195583596214, 84.0], [525.4195583596214, 65.0], [368.0, 127.49025974025975], [316.0, 127.49025974025975], [525.0, 127.49025974025975], [505.0, 127.49025974025975], [447.0, 127.49025974025975], [423.0, 127.49025974025975], [537.0, 127.0], [525.0, 127.0], [179.0, 127.0], [152.0, 127.0], [258.0, 127.49025974025975], [235.0, 127.49025974025975], [352.0, 10.593630573248408], [318.0, 10.593630573248408], [257.0, 10.593630573248408], [237.0, 10.593630573248408], [449.0, 10.593630573248408], [429.0, 10.593630573248408], [575.0, 86.0], [677.0, 85.5036496350365], [642.0, 85.5036496350365], [537.0, 453.0], [439.0, 292.72592592592594], [412.0, 292.72592592592594], [532.0, 292.72592592592594], [521.0, 292.72592592592594], [541.0, 327.29059829059827], [519.0, 327.29059829059827], [620.0, 327.29059829059827], [607.0, 327.29059829059827], [161.93846153846152, 47.0], [161.93846153846152, 35.0], [161.93846153846152, 89.0], [161.93846153846152, 77.0], [677.2519540229885, 260.0], [677.0, 549.0]], "weights": [[0.5], [0.5], [6.55], [6.55], [2.95, 3.25], [2.95], [6.95], [6.95], [3.85], [3.85], [0.3], [0.3, 0.75], [3.45], [3.45], [0.9], [0.9], [1.85], [1.85], [1.5, 1.5], [1.5, 3.25], [1.5, 1.5], [3.25], [1.5, 4.75], [1.5], [1.5], [7.35], [7.35], [0.25], [0.25], [0.75], [0.75], [0.75], [0.75], [0.65], [0.65], [0.75], [0.75], [0.75], [0.75], [0.75], [0.75], [5.35], [5.35], [4.75], [4.75], [4.75], [4.75], [0.75], [0.75], [0.75], [4.75], [1.25], [1.25], [2.55], [2.55], [1.75], [1.75], [0.25], [0.25], [1.5], [1.5], [6.15], [6.15], [2.85], [2.85, 3.25]], "edges": [[1], [0], [3], [2], [5, 64], [4], [7], [6], [9], [8], [11], [10, 47], [13], [12], [15], [14], [17], [16], [19, 20], [18, 21], [18, 22], [19], [20, 50], [24], [23], [26], [25], [28], [27], [30], [29], [32], [31], [34], [33], [36], [35], [38], [37], [40], [39], [42], [41], [44], [43], [46], [45], [11], [49], [48], [22], [52], [51], [54], [53], [56], [55], [58], [57], [60], [59], [62], [61], [64], [63, 4]]}