{"weights": [[4.0], [4.0], [1.5], [1.5], [3.65], [3.65, 3.35], [3.75], [3.75], [4.25, 1.5], [4.25, 3.35], [2.75], [2.75], [3.05], [3.05], [2.95], [2.95], [3.25, 2.55], [3.25], [8.3], [8.3], [2.75], [2.75, 3.0500000000000145], [2.65], [2.65], [1.75], [1.75], [4.3], [4.3, 3.1], [2.9], [2.9, 0.8], [4.05], [4.05, 2.6], [1.75], [1.75], [2.95], [2.95], [1.95], [1.95], [1.75], [1.75, 1.5, 8.150000000000011], [0.8], [0.8], [0.75], [0.75], [6.0], [6.0, 5.8], [2.5], [2.5], [5.8], [0.6], [0.6], [1.5, 1.5], [1.5], [1.1], [1.1, 2.6], [2.25], [2.25], [4.5], [4.5], [2.05], [2.05], [1.25], [1.25, 2.25], [2.25], [3.0500000000000145, 4.5], [1.8], [1.8], [3.1], [1.8], [1.8], [0.8], [1.8], [1.8], [1.3], [1.3], [2.0], [2.0], [1.9], [1.9], [1.1000000000000143, 1.7999999999999763], [1.1000000000000143], [1.5], [1.5, 1.5, 2.15], [2.15], [3.25], [3.25, 1.55, 4.5], [1.5, 2.0], [2.0], [4.35], [4.35, 2.6, 2.6], [2.35], [2.35, 2.55], [1.5], [8.150000000000011], [3.35], [3.35, 1.7999999999999763], [1.2], [1.2, 2.55], [2.55], [4.5, 4.5, 3.25, 2.15], [1.55], [3.25], [2.15]], "edges": [[1], [0], [3], [2], [5], [4, 9], [7], [6], [9, 86], [8, 5], [11], [10], [13], [12], [15], [14], [17, 91], [16], [19], [18], [21], [20, 64], [23], [22], [25], [24], [27], [26, 67], [29], [28, 70], [31], [30, 89], [33], [32], [35], [34], [37], [36], [39], [38, 92, 93], [41], [40], [43], [42], [45], [44, 48], [47], [46], [45], [50], [49], [52, 82], [51], [54], [53, 89], [56], [55], [58], [57], [60], [59], [62], [61, 63], [62], [21, 99], [66], [65], [27], [69], [68], [29], [72], [71], [74], [73], [76], [75], [78], [77], [80, 95], [79], [82], [81, 51, 83], [82], [85], [84, 100, 99], [8, 87], [86], [89], [88, 54, 31], [91], [90, 16], [39], [39], [95], [94, 79], [97], [96, 98], [97], [64, 85, 101, 102], [85], [99], [99]], "vertices": [[822.7264600715137, 474.0], [822.7264600715137, 110.0], [575.0, 285.6864406779661], [557.0, 285.6864406779661], [-111.0, 285.0], [27.0, 285.0], [530.0, 285.5728051391863], [396.0, 285.5728051391863], [318.0, 119.0], [27.0, 119.0], [630.0, 94.84041450777202], [469.0, 94.84041450777202], [807.0, 488.58056680161945], [636.0, 488.58056680161945], [807.0, 95.0319587628866], [660.0, 95.0319587628866], [575.0, 422.0], [575.0, 286.0], [772.0, 234.51234567901236], [731.0, 234.51234567901236], [460.0, 70.0], [341.0, 70.0], [772.0, 299.0197044334975], [731.0, 299.0197044334975], [816.0, 214.0], [816.0, 144.0], [683.0, 299.0], [683.0, 234.0], [818.0, 300.0], [800.0, 300.0], [675.0, 109.0], [643.0, 109.0], [751.5128205128206, 297.0], [751.5128205128206, 237.0], [252.0, 192.7560975609756], [222.0, 192.7560975609756], [798.1084337349398, 235.0], [798.1084337349398, 204.0], [253.0, 193.0], [253.0, 152.0], [754.0, 107.45833333333333], [741.0, 107.45833333333333], [286.0, 229.4923076923077], [253.0, 229.4923076923077], [815.0, 117.0], [815.0, 102.0], [685.0, 182.0], [646.0, 182.0], [800.0, 102.0], [224.0, 160.0], [224.0, 122.0], [318.0, 281.0], [283.0, 276.0], [658.0, 246.0], [643.0, 246.0], [766.885, 131.0], [766.885, 99.0], [632.0, 104.5], [621.0, 104.5], [726.9831932773109, 134.0], [726.9831932773109, 110.0], [704.0, 329.0], [704.0, 299.0], [684.0, 299.0], [322.0, 89.0], [488.0, 240.5], [478.0, 240.5], [699.0, 234.0], [408.0, 240.5], [398.0, 240.5], [800.0, 329.0], [651.5333333333333, 164.0], [651.5333333333333, 148.0], [304.5769230769231, 180.0], [304.5769230769231, 165.0], [296.0, 219.0], [296.0, 206.0], [664.5, 162.0], [664.5, 150.0], [750.0, 165.0], [767.0, 131.0], [318.0, 465.0], [318.0, 287.0], [-111.0, 287.0], [322.0, 4613.0], [322.0, 465.0], [318.0, 239.0], [250.0, 239.5], [616.0, 241.8138528138528], [643.0, 241.0], [620.002828854314, 281.0], [620.0, 422.0], [309.0, 152.0], [253.38888888888889, 123.0], [724.0, 172.09774436090225], [743.0, 172.0], [702.4784946236559, 204.0], [702.0, 250.0], [686.0, 250.06896551724137], [322.0, 287.0], [631.0, 465.0], [322.0, 119.0], [370.0, 287.0]]}