{"weights": [[1.45], [1.45, 2.6], [0.4], [0.4, 0.45], [2.65], [2.65], [1.5], [1.5], [0.85], [0.85], [2.75], [2.75], [1.75], [1.75], [3.35], [3.35], [2.6], [1.5], [1.5, 2.0, 1.75], [1.75], [1.75], [1.85], [1.85], [0.75], [0.75], [0.5], [0.5], [4.0], [4.0, 1.5], [2.0], [1.75], [7.0], [7.0], [1.15], [1.15], [1.75], [1.75], [2.45], [2.45], [0.6], [0.6], [1.0, 6.2], [1.0], [1.95], [1.95, 1.85], [1.85], [1.25], [1.25, 2.25], [2.25], [1.25], [1.25, 2.25], [2.25], [1.5, 6.2], [4.8500000000000085], [4.8500000000000085, 4.65], [4.65], [1.2], [1.2, 2.95], [2.95], [0.45, 1.95], [1.95]], "edges": [[1], [0, 16], [3], [2, 59], [5], [4], [7], [6], [9], [8], [11], [10], [13], [12], [15], [14], [1], [18], [17, 29, 30], [20], [19], [22], [21], [24], [23], [26], [25], [28], [27, 52], [18], [18], [32], [31], [34], [33], [36], [35], [38], [37], [40], [39], [42, 52], [41], [44], [43, 45], [44], [47], [46, 48], [47], [50], [49, 51], [50], [28, 41], [54], [53, 55], [54], [57], [56, 58], [57], [3, 60], [59]], "vertices": [[254.0, 291.0], [254.0, 9.0], [268.0, 282.0], [268.0, 262.0], [600.0, 226.997311827957], [451.0, 226.997311827957], [403.0, 156.0], [256.0, 156.0], [486.0, 155.5068493150685], [451.0, 155.5068493150685], [428.5258620689655, 544.0], [428.5258620689655, 487.0], [480.0, 8.503614457831326], [376.0, 8.503614457831326], [362.0, 246.0935251798561], [257.0, 246.0935251798561], [304.0, 9.0], [520.0, 191.0], [486.0, 191.0], [481.0, 544.0], [429.0, 544.0], [403.0, 281.0], [363.0, 281.0], [271.6, 412.0], [271.6, 397.0], [556.0, 275.0], [543.0, 275.0], [403.0, 201.0], [363.0, 201.0], [486.0, 156.0], [486.0, 224.0], [418.0, 107.0], [418.0, 95.0], [417.23214285714283, 35.0], [417.23214285714283, 12.0], [600.0, 190.47368421052633], [580.0, 190.47368421052633], [271.5238095238095, 365.0], [271.5238095238095, 354.0], [540.0, 275.0], [530.0, 275.0], [321.0, 279.0], [321.0, 262.0], [603.0, 345.0], [603.0, 8.0], [551.0, 8.489795918367347], [602.9972375690608, 426.0], [602.0, 544.0], [551.0, 544.9834710743802], [375.0, 424.0059880239521], [429.0, 424.0], [429.0, 441.0], [363.0, 279.0], [254.23214285714286, 325.0], [254.0, 424.0], [301.0, 424.0], [452.5, 11.0], [452.0, 107.0], [401.0, 107.47368421052632], [320.0, 262.0], [320.96875, 250.0]]}