{"vertices": [[254.0, 291.0], [254.0, 9.0], [603.0, 345.0], [603.0, 9.0], [429.0, 423.8184523809524], [375.0, 423.8184523809524], [603.0, 8.64042303172738], [551.0, 8.64042303172738], [480.0, 8.64042303172738], [376.0, 8.64042303172738], [304.0, 9.0], [363.0, 280.0], [363.0, 201.0], [269.0, 282.0], [269.0, 262.0], [269.2888888888889, 412.0], [269.2888888888889, 384.0], [269.2888888888889, 365.0], [269.2888888888889, 354.0], [600.0, 226.997311827957], [451.0, 226.997311827957], [403.0, 155.92996108949416], [256.0, 155.92996108949416], [486.0, 155.92996108949416], [451.0, 155.92996108949416], [428.6137440758294, 545.0], [428.6137440758294, 487.0], [429.0, 441.0], [429.0, 424.0], [362.0, 246.0935251798561], [257.0, 246.0935251798561], [520.0, 191.0], [486.0, 191.0], [600.0, 190.51674641148324], [580.0, 190.51674641148324], [481.0, 545.0], [429.0, 545.0], [321.0, 280.0], [403.0, 280.0], [556.0, 279.680412371134], [543.0, 279.680412371134], [540.0, 279.680412371134], [530.0, 279.680412371134], [403.0, 201.0], [486.0, 156.0], [486.0, 224.0], [417.36764705882354, 107.0], [417.36764705882354, 95.0], [417.36764705882354, 35.0], [417.36764705882354, 12.0], [321.0, 262.0], [254.04079031230083, 325.0], [254.0, 424.0], [301.0, 424.0], [602.6982065553494, 426.0], [602.0, 544.0], [551.0, 544.7649769585254], [452.5, 11.0], [452.0, 107.0], [401.0, 107.47368421052632], [320.0, 262.0], [320.9761904761905, 250.0]], "weights": [[1.25], [1.25, 2.25], [6.55], [6.55], [1.25], [1.25], [1.75], [1.75], [1.75], [1.75], [2.25], [1.4, 1.95, 1.45], [1.4, 4.6], [1.6], [1.6, 3.1], [0.4], [0.4], [3.3], [3.3], [1.5], [1.5], [1.25], [1.25], [1.5], [1.5], [2.65], [2.65], [2.25], [2.25], [3.35], [3.35], [1.5], [1.5, 1.75, 1.75], [1.85], [1.85], [1.75], [1.75], [1.95, 0.95], [1.45], [0.25], [0.25], [0.25], [0.25], [4.6], [1.75], [1.75], [7.0], [7.0], [1.25], [1.25], [0.95], [3.15], [3.15, 2.25], [2.25], [1.25], [1.25, 2.25], [2.25], [1.2], [1.2, 2.35], [2.35], [3.1, 2.1], [2.1]], "edges": [[1], [0, 10], [3], [2], [5], [4], [7], [6], [9], [8], [1], [12, 37, 38], [11, 43], [14], [13, 60], [16], [15], [18], [17], [20], [19], [22], [21], [24], [23], [26], [25], [28], [27], [30], [29], [32], [31, 44, 45], [34], [33], [36], [35], [11, 50], [11], [40], [39], [42], [41], [12], [32], [32], [47], [46], [49], [48], [37], [52], [51, 53], [52], [55], [54, 56], [55], [58], [57, 59], [58], [14, 61], [60]]}