{"vertices": [[510.0, 275.0], [510.0, 198.0], [39.50107991360691, 335.0], [39.50107991360691, 148.0], [39.50107991360691, 431.0], [39.50107991360691, 382.0], [528.0, 198.0], [287.0, 98.0], [243.0, 98.0], [511.0, 98.0], [459.0, 98.0], [389.0, 98.0], [340.0, 98.0], [109.0, 98.0], [90.0, 98.0], [172.0, 98.0], [152.0, 98.0], [77.0, 431.0], [40.0, 431.0], [186.0, 430.92090395480227], [123.0, 430.92090395480227], [531.0, 430.92090395480227], [512.0, 430.92090395480227], [721.0, 430.92090395480227], [704.0, 430.92090395480227], [623.0, 430.92090395480227], [611.0, 430.92090395480227], [422.0, 460.0], [392.0, 460.0], [733.0, 460.23809523809524], [719.0, 460.23809523809524], [152.0, 150.0], [279.0, 181.5], [259.0, 181.5], [350.0, 181.5], [334.0, 181.5], [732.0, 453.0], [720.0, 453.0], [301.0, 412.0], [287.0, 412.0], [350.0, 199.0], [350.0, 182.0], [720.0, 439.0], [510.4989517819707, 302.0], [510.0, 460.0], [481.0, 460.23809523809524], [257.0, 430.92090395480227], [287.0, 430.0], [392.0, 412.0], [380.0, 412.5], [826.0, 457.0], [826.0, 199.0], [557.0, 198.49911816578484]], "weights": [[1.1999999999999944], [1.1999999999999944, 1.1], [1.0], [1.0], [1.0], [1.0], [1.1], [1.1], [1.1], [1.5], [1.5], [1.5], [1.5], [1.7], [1.7], [1.5], [1.5, 1.0], [0.75], [0.75], [0.25], [0.25], [0.25], [0.25], [0.25], [0.25], [0.25], [0.25], [5.45], [5.45, 1.0], [0.25], [0.25], [1.0], [1.2], [1.2], [1.0], [1.0], [3.0], [3.0, 1.5], [1.0], [1.0, 1.0], [1.2], [1.2], [1.5], [1.0], [1.0, 0.25], [0.25], [0.25], [0.25, 1.0], [1.0, 1.1], [1.1], [2.25], [2.25, 1.0], [1.0]], "edges": [[1], [0, 6], [3], [2], [5], [4], [1], [8], [7], [10], [9], [12], [11], [14], [13], [16], [15, 31], [18], [17], [20], [19], [22], [21], [24], [23], [26], [25], [28], [27, 48], [30], [29], [16], [33], [32], [35], [34], [37], [36, 42], [39], [38, 47], [41], [40], [37], [44], [43, 45], [44], [47], [46, 39], [28, 49], [48], [51], [50, 52], [51]]}