{"weights": [[2.0], [2.0], [0.5], [0.5], [0.5], [0.5], [0.5], [0.5], [1.2], [1.2]], "edges": [[1], [0], [3], [2], [5], [4], [7], [6], [9], [8]], "vertices": [[642.0, 551.5016501650165], [490.0, 551.5016501650165], [642.0, 294.0], [642.0, 251.0], [334.0, 278.0], [334.0, 223.0], [642.0, 392.0], [642.0, 355.0], [491.0, 369.0], [491.0, 357.0]]}