{"weights": [[0.9], [0.9], [1.6], [1.6], [1.25], [1.25], [1.1], [1.1], [1.5], [1.5], [0.75], [0.75, 1.1], [1.1], [1.1, 1.5], [1.1], [1.1, 1.2], [0.75], [0.75], [1.0], [1.0], [1.2], [1.2], [1.0], [1.0], [0.8], [0.8], [1.45], [1.45], [1.5], [1.2], [1.2, 1.0], [1.25], [1.25, 1.6], [1.25], [1.25], [1.2], [1.0], [1.0], [1.6], [1.0], [1.0], [1.0], [1.0, 1.0], [1.0], [0.75], [0.75, 1.0], [1.1, 1.0], [1.0], [1.0], [1.0, 2.25], [1.0], [1.0, 2.25]], "edges": [[1], [0], [3], [2], [5], [4], [7], [6], [9], [8], [11], [10, 46], [13], [12, 28], [15], [14, 35], [17], [16], [19], [18], [21], [20], [23], [22], [25], [24], [27], [26], [13], [30], [29, 45], [32], [31, 38], [34], [33], [15], [37], [36], [32], [40], [39], [42], [41, 43], [42], [45], [44, 30], [11, 47], [46], [49], [48, 51], [51], [50, 49]], "vertices": [[39.501340482573724, 335.0], [39.501340482573724, 148.0], [287.0, 98.0], [243.0, 98.0], [511.0, 98.00653594771242], [459.0, 98.00653594771242], [77.0, 428.0], [40.0, 428.0], [389.0, 98.0], [340.0, 98.0], [422.0, 462.0], [392.0, 462.0], [152.0, 150.0], [152.0, 98.0], [510.0, 275.0], [510.0, 198.0], [186.0, 428.508064516129], [123.0, 428.508064516129], [39.5, 428.0], [39.5, 382.0], [531.0, 437.5], [512.0, 437.5], [279.0, 181.5], [259.0, 181.5], [720.0, 437.5151515151515], [704.0, 437.5151515151515], [109.0, 97.98148148148148], [90.0, 97.98148148148148], [172.0, 98.0], [301.0, 412.0], [287.0, 412.0], [733.0, 454.0], [720.0, 454.0], [350.0, 199.0], [350.0, 182.0], [528.0, 198.0], [623.0, 437.5], [611.0, 437.5], [720.0, 438.0], [350.0, 181.5], [334.0, 181.5], [510.4984423676012, 302.0], [510.0, 462.0], [481.0, 462.5], [257.0, 428.5081967213115], [287.0, 428.0], [392.0, 412.0], [380.0, 412.5], [812.0, 453.969696969697], [826.0, 453.0], [557.0, 198.49906542056075], [826.0, 199.0]]}