{"weights": [[1.5], [1.5, 1.5], [1.25], [1.25], [1.25, 1.6], [1.25], [1.35], [1.35], [1.5], [1.5], [1.0], [1.0], [1.5, 1.5], [1.5], [0.8500000000000021, 0.7000000000000073], [0.8500000000000021, 1.3000000000000156], [0.9499999999999785], [0.9499999999999785, 1.6000000000000092], [1.1], [1.1], [1.1], [1.1], [0.900000000000041], [0.900000000000041], [1.349999999999986], [1.349999999999986], [1.2], [1.2], [1.95], [1.95], [1.6], [1.15], [1.15], [0.6999999999999905, 0.8999999999999995], [0.6999999999999905], [1.3000000000000156], [1.0000000000000007, 1.2999999999999976, 1.6000000000000092], [1.0000000000000007], [0.8], [0.8], [1.7, 1.2500000000000113], [1.7], [1.2999999999999976], [0.8], [0.8], [0.8499999999999819], [0.8499999999999819], [0.8999999999999995], [1.000000000000013], [1.000000000000013], [0.9000000000000139], [0.9000000000000139], [1.3000000000000163], [1.3000000000000163], [1.15], [1.15], [0.7000000000000073], [1.100000000000004], [1.100000000000004], [1.0000000000000016], [1.0000000000000016], [0.6499999999999779], [0.6499999999999779], [2.1], [2.1, 1.1], [1.1], [0.85], [0.85, 0.75], [0.75], [1.2500000000000113, 1.45], [1.45], [4.05], [4.05, 1.35], [1.35]], "edges": [[1], [0, 12], [3], [2], [5, 30], [4], [7], [6], [9], [8], [11], [10], [1, 13], [12], [15, 56], [14, 35], [17], [16, 36], [19], [18], [21], [20], [23], [22], [25], [24], [27], [26], [29], [28], [4], [32], [31], [34, 47], [33], [15], [37, 42, 17], [36], [39], [38], [41, 69], [40], [36], [44], [43], [46], [45], [33], [49], [48], [51], [50], [53], [52], [55], [54], [14], [58], [57], [60], [59], [62], [61], [64], [63, 65], [64], [67], [66, 68], [67], [40, 70], [69], [72], [71, 73], [72]], "vertices": [[228.0, 339.0], [105.0, 339.0], [450.0, 288.7509578544061], [293.0, 288.7509578544061], [186.0, 525.0], [57.0, 525.0], [269.0, 171.16538461538462], [188.0, 171.16538461538462], [385.0, 287.0], [385.0, 172.0], [56.5, 395.0], [56.5, 338.0], [105.0, 171.0], [125.0, 171.0], [777.0, 248.0], [645.0, 25.0], [482.53651844818376, 270.7321179593719], [382.0, 69.0], [227.0, 437.0], [227.0, 414.0], [227.5, 238.0], [227.5, 173.0], [548.8334229980654, 379.51133604016326], [504.42282623765084, 303.75208274298546], [483.69302517919505, 116.45226061385767], [576.306974820805, 64.54773938614221], [385.0, 171.5], [329.0, 171.5], [250.62886597938143, 525.0], [250.62886597938143, 478.0], [186.0, 478.0], [56.66386554621849, 525.0], [56.66386554621849, 470.0], [519.0, 393.0], [569.9011782993745, 366.8066451751604], [636.0, 30.0], [426.0, 150.0], [450.0, 138.00000000000006], [363.0, 333.0], [351.0, 333.0], [255.0, 229.0], [229.0, 229.0], [451.41059398934885, 135.7186526072702], [406.0, 405.5135135135135], [387.0, 405.5135135135135], [463.0, 233.0], [445.0, 197.00000000000003], [508.0, 370.0000000000001], [739.0, 183.0], [725.0, 158.0], [434.0, 191.99999999999994], [434.0, 181.0000000000001], [636.0, 34.0], [629.0, 34.0], [452.0, 405.4782608695652], [444.0, 405.4782608695652], [759.0, 257.00000000000006], [663.0, 311.99999999999994], [673.0, 306.99999999999994], [452.0, 405.0], [471.71100179444517, 395.4441172370146], [478.8476223236971, 322.7041013670665], [500.7119570697636, 311.4406561948504], [383.0, 480.0], [383.0, 378.0], [352.0, 378.5], [314.3943217665615, 378.0], [314.0, 525.0], [251.0, 525.0], [255.0, 289.0], [226.0, 289.0125], [313.0, 414.0], [228.0, 414.0], [227.22033898305085, 376.0]]}