{"vertices": [[817.4980079681275, 289.0], [817.4980079681275, 204.0], [817.4980079681275, 364.0], [817.4980079681275, 319.0], [817.0, 139.0], [817.0, 88.0], [9.500878734622145, 468.0], [9.500878734622145, 298.0], [10.0, 157.0], [10.0, 88.0], [9.500878734622145, 235.0], [9.500878734622145, 190.0], [578.545154185022, 468.0], [578.545154185022, 265.0], [579.0, 228.0], [579.0, 88.0], [517.0, 299.0], [517.0, 264.0], [517.0, 228.0], [517.0, 88.0], [304.0, 260.0], [304.0, 136.0], [817.0, 87.51351351351352], [734.0, 87.51351351351352], [264.0, 87.51351351351352], [202.0, 87.51351351351352], [128.0, 88.0], [669.0, 87.51351351351352], [614.0, 87.51351351351352], [534.0, 88.0], [579.0, 87.51351351351352], [568.0, 87.51351351351352], [113.0, 342.0], [113.0, 293.0], [11.0, 342.0], [482.0, 446.50757575757575], [442.0, 446.50757575757575], [446.0, 136.1315789473684], [398.0, 136.1315789473684], [515.0, 136.1315789473684], [491.0, 136.1315789473684], [332.0, 136.0], [635.0, 468.0], [579.0, 468.0], [49.0, 468.0], [10.0, 468.0], [182.0, 422.5], [155.0, 422.5], [289.0, 350.0], [289.0, 299.0], [176.73303167420815, 118.0], [176.73303167420815, 87.0], [176.73303167420815, 161.0], [176.73303167420815, 142.0], [202.0, 263.71875], [171.0, 263.71875], [551.0, 264.0], [342.0, 299.0], [461.0, 299.0449438202247], [411.0, 299.0449438202247], [164.0, 299.0449438202247], [149.0, 299.0449438202247], [264.0, 135.0], [264.0, 88.0], [614.4861111111111, 266.0], [614.4861111111111, 229.0], [253.0, 366.8103448275862], [228.0, 366.8103448275862], [226.0, 319.7263157894737], [209.0, 319.7263157894737], [242.3548387096774, 260.0], [242.3548387096774, 240.0], [545.0, 166.0], [519.0, 166.0], [123.0, 213.5], [110.0, 213.5], [212.89455363675287, 148.84410620911663], [233.7990116381328, 134.70285520818317], [817.4980079681275, 397.0], [817.0, 468.0], [801.0, 468.5], [226.0, 320.0], [226.0, 422.0], [202.0, 422.5], [154.0, 367.0], [154.0, 468.0], [112.0, 468.5], [318.0, 447.0], [289.0, 447.0], [289.28735632183907, 422.0], [176.73303167420815, 297.0], [176.0, 367.0], [253.0, 320.0], [253.48837209302326, 297.0]], "weights": [[0.9], [0.9], [0.7], [0.7], [0.75], [0.75], [1.2], [1.2], [1.0], [1.0, 0.75], [1.0], [1.0], [1.25], [1.25], [0.5], [0.5], [0.5], [0.5, 0.25], [0.95], [0.95, 0.75], [0.8], [0.8, 0.65], [0.7], [0.7], [0.75], [0.75], [0.75], [0.75], [0.75], [0.75], [1.05], [1.05], [0.5, 0.5], [0.5], [0.5], [0.75], [0.75], [0.55], [0.55], [0.75], [0.75], [0.65], [1.0], [1.0], [1.2], [1.2], [1.0], [1.0], [0.75], [0.75, 0.75], [0.3], [0.3], [0.45], [0.45], [0.25], [0.25], [0.25], [0.75], [0.5], [0.5], [0.5], [0.5], [1.3], [1.3], [0.85], [0.85], [1.35], [1.35], [0.85], [0.85], [0.8], [0.8], [0.5], [0.5], [1.0], [1.0], [0.7500000000000039], [0.7500000000000039], [0.75], [0.75, 1.1], [1.1], [1.0, 1.45], [1.0, 1.0], [1.0], [1.05, 0.85], [1.05, 1.0], [1.0], [0.75], [0.75, 1.35], [1.35], [0.5], [0.5, 0.85], [1.45, 0.85], [0.85]], "edges": [[1], [0], [3], [2], [5], [4], [7], [6], [9], [8, 26], [11], [10], [13], [12], [15], [14], [17], [16, 56], [19], [18, 29], [21], [20, 41], [23], [22], [25], [24], [9], [28], [27], [19], [31], [30], [33, 34], [32], [32], [36], [35], [38], [37], [40], [39], [21], [43], [42], [45], [44], [47], [46], [49], [48, 57], [51], [50], [53], [52], [55], [54], [17], [49], [59], [58], [61], [60], [63], [62], [65], [64], [67], [66], [69], [68], [71], [70], [73], [72], [75], [74], [77], [76], [79], [78, 80], [79], [82, 92], [81, 83], [82], [85, 91], [84, 86], [85], [88], [87, 89], [88], [91], [90, 84], [81, 93], [92]]}