{"weights": [[1.0], [1.0], [1.2], [1.2], [1.25], [1.25], [0.85], [0.85, 0.9], [0.9], [0.9, 0.75], [0.7], [0.7, 0.85], [0.7], [0.7, 0.5], [0.75], [0.75], [0.75], [0.75], [1.35], [1.35, 0.8], [0.75], [0.75], [0.8, 0.8], [0.8], [0.8], [0.75], [0.75], [0.7], [0.7], [1.0], [1.0], [0.75], [1.0], [1.0], [0.75], [0.75, 0.75], [0.75], [0.75], [1.2], [1.2], [0.75], [0.7], [0.7], [1.0], [1.0], [1.0], [1.0], [1.0], [1.0], [0.5], [0.5], [1.0], [1.0], [0.75], [0.75], [0.9], [0.9], [1.05], [1.05], [0.85], [1.25], [1.25], [0.7], [0.7], [1.5, 0.75], [1.5], [0.5], [0.9], [0.9], [0.5], [0.5], [0.75], [1.3], [1.3], [0.7000000000000048], [0.7000000000000048], [0.75], [0.75], [0.8], [0.9], [4.0, 1.55], [4.0, 1.0], [1.0], [0.85, 1.4], [0.85, 1.0], [1.0], [0.75], [0.75, 1.2], [1.2], [0.75], [0.75, 1.4], [1.55, 1.0], [1.0]], "edges": [[1], [0], [3], [2], [5], [4], [7], [6, 79], [9], [8, 31], [11], [10, 59], [13], [12, 66], [15], [14], [17], [16], [19], [18, 78], [21], [20], [23, 24], [22], [22], [26], [25], [28], [27], [30], [29], [9], [33], [32], [35], [34, 40], [37], [36], [39], [38], [35], [42], [41], [44], [43], [46], [45], [48], [47], [50], [49], [52], [51], [54], [53], [56], [55], [58], [57], [11], [61], [60], [63], [62], [65, 71], [64], [13], [68], [67], [70], [69], [64], [73], [72], [75], [74], [77], [76], [19], [7], [81, 91], [80, 82], [81], [84, 90], [83, 85], [84], [87], [86, 88], [87], [90], [89, 83], [80, 92], [91]], "vertices": [[817.5, 289.0], [817.5, 204.0], [9.5, 468.0], [9.5, 298.0], [577.9799331103679, 468.0], [577.9799331103679, 265.0], [580.0, 228.0], [580.0, 88.0], [10.0, 157.0], [10.0, 88.0], [517.0, 299.0], [517.0, 265.0], [304.0, 260.0], [304.0, 136.0], [818.0, 87.50602409638554], [734.0, 87.50602409638554], [817.4943820224719, 364.0], [817.4943820224719, 319.0], [517.0, 228.0], [517.0, 88.0], [264.0, 87.5040650406504], [202.0, 87.5040650406504], [113.0, 342.0], [113.0, 293.0], [11.0, 342.0], [482.0, 446.50632911392404], [442.0, 446.50632911392404], [446.0, 136.0], [398.0, 136.0], [635.0, 468.0], [578.0, 468.0], [128.0, 88.0], [182.0, 422.5], [155.0, 422.5], [289.0, 350.0], [289.0, 299.0], [669.0, 87.51401869158879], [614.0, 87.51401869158879], [202.0, 260.0], [171.0, 260.0], [342.0, 299.0], [175.49180327868854, 118.0], [175.49180327868854, 87.0], [49.0, 468.0], [10.0, 468.0], [818.0, 139.0], [818.0, 88.0], [264.0, 135.0], [264.0, 88.0], [461.0, 299.0], [411.0, 299.0], [9.5, 235.0], [9.5, 190.0], [515.0, 136.3846153846154], [491.0, 136.3846153846154], [614.4861111111111, 266.0], [614.4861111111111, 229.0], [164.0, 297.44444444444446], [149.0, 297.44444444444446], [551.0, 265.0], [253.0, 366.9864864864865], [228.0, 366.9864864864865], [175.0, 161.0], [175.0, 142.0], [289.0, 447.0], [289.0, 422.0], [332.0, 136.0], [242.3548387096774, 260.0], [242.3548387096774, 240.0], [545.0, 166.0], [519.0, 166.0], [318.0, 447.0], [123.0, 213.5], [110.0, 213.5], [212.89455363675287, 148.84410620911663], [233.7990116381328, 134.70285520818317], [226.0, 319.48387096774195], [209.0, 319.48387096774195], [534.0, 88.0], [568.0, 88.0], [226.0, 320.0], [226.0, 422.0], [202.0, 422.5], [154.0, 366.0], [154.0, 468.0], [112.0, 468.5], [817.4965034965035, 397.0], [817.0, 468.0], [801.0, 468.5], [177.5035460992908, 297.0], [177.0, 366.0], [253.0, 320.0], [253.48837209302326, 297.0]]}