{"vertices": [[228.0, 339.0], [105.0, 339.0], [363.0, 338.82089552238807], [351.0, 338.82089552238807], [450.0, 288.7857142857143], [293.0, 288.7857142857143], [406.0, 412.8822393822394], [387.0, 412.8822393822394], [186.0, 525.0], [57.0, 525.0], [269.0, 171.22985781990522], [188.0, 171.22985781990522], [125.0, 171.0], [105.0, 171.0], [56.58369098712446, 395.0], [56.58369098712446, 338.0], [56.58369098712446, 525.0], [56.58369098712446, 470.0], [252.7651715039578, 525.0], [252.7651715039578, 478.0], [776.4717667402261, 247.12832791414303], [645.0, 26.0], [480.65946673138893, 271.66300510230656], [404.0, 117.0], [535.6599032202836, 382.20843685721366], [525.3006176928368, 361.3872986188801], [227.0, 437.0], [227.0, 413.0], [227.24652777777777, 238.0], [227.24652777777777, 173.0], [548.8334229980654, 379.51133604016326], [504.42282623765084, 303.75208274298546], [483.4573919556839, 116.02947866914994], [576.1214878639781, 64.21729601074887], [524.0, 93.0], [186.0, 478.0], [519.2542319136383, 391.54977486961457], [569.3704282790964, 365.77573102452186], [763.576025451621, 265.8985667643663], [778.6922218170791, 258.12452291927355], [463.0, 233.00000000000006], [456.0, 220.0000000000001], [649.9183544024688, 31.70587985276137], [253.0, 229.0], [229.0, 229.0], [448.0, 136.0], [432.6743628858396, 192.62005492208945], [432.6743628858396, 181.59431021622063], [739.0, 183.0], [725.0, 158.0], [629.0, 34.0], [658.5690180884083, 303.4770873299185], [668.4871676701814, 298.31964954739647], [448.0, 413.0], [757.0, 252.0], [461.0, 400.0], [478.8476223236971, 322.7041013670665], [500.7119570697636, 311.4406561948504], [226.0, 288.7857142857143], [253.0, 288.0], [384.0, 480.0], [384.0, 378.0], [352.0, 378.5], [314.3943217665615, 378.0], [314.0, 525.0], [253.0, 525.0], [313.0, 413.0], [227.24652777777777, 376.0], [384.0, 287.0], [384.0, 172.0], [329.0, 171.22985781990522]], "weights": [[1.25], [1.25, 1.5], [0.25], [0.25], [1.35], [1.35], [0.25], [0.25], [5.85, 1.6], [5.85], [1.15], [1.15], [1.25], [1.25, 1.5], [0.75], [0.75], [1.05], [1.05], [0.7], [0.7], [0.900000000000003], [0.900000000000003, 1.05000000000001], [0.95], [0.95, 2.8500000000000023], [0.2500000000000067], [0.2500000000000067], [0.8], [0.8, 2.65, 1.35], [1.15], [1.15], [1.3000000000000418], [1.3000000000000418], [0.9499999999999907], [0.9499999999999907], [1.05000000000001, 0.39999999999999947, 1.2000000000000153], [1.6], [0.9999999999999817], [0.9999999999999817], [0.24999999999998906], [0.24999999999998906], [0.9999999999999934], [0.9999999999999934], [0.39999999999999947], [1.7, 3.35], [1.7], [2.8500000000000023], [0.45000000000001145], [0.45000000000001145], [0.9000000000000099], [0.9000000000000099], [1.2000000000000153], [0.2500000000000027], [0.2500000000000027], [0.24999999999998962], [0.24999999999998962, 0.8999999999999828], [0.8999999999999828], [0.8999999999999758], [0.8999999999999758], [1.25], [1.25, 3.35], [2.65], [2.65, 1.3], [1.3], [0.95], [0.95, 5.45], [5.45], [2.65], [1.35], [0.5], [0.5, 0.75], [0.75]], "edges": [[1], [0, 13], [3], [2], [5], [4], [7], [6], [9, 35], [8], [11], [10], [13], [12, 1], [15], [14], [17], [16], [19], [18], [21], [20, 34], [23], [22, 45], [25], [24], [27], [26, 66, 67], [29], [28], [31], [30], [33], [32], [21, 42, 50], [8], [37], [36], [39], [38], [41], [40], [34], [44, 59], [43], [23], [47], [46], [49], [48], [34], [52], [51], [54], [53, 55], [54], [57], [56], [59], [58, 43], [61], [60, 62], [61], [64], [63, 65], [64], [27], [27], [69], [68, 70], [69]]}