{"weights": [[7.55], [7.55], [2.3], [2.3], [2.0], [2.0], [1.75], [1.75], [2.25], [2.25, 2.1], [2.25], [2.25], [2.25], [2.25], [1.75], [1.75], [2.1], [2.55], [2.55], [1.75], [1.75], [1.0], [1.0], [1.25], [1.25], [1.1], [1.1], [1.1], [1.1], [2.65], [2.65, 2.7], [2.7], [2.0], [2.0, 2.5], [2.5], [1.95], [1.95, 1.25], [1.25], [1.85], [1.85, 1.0], [1.0]], "edges": [[1], [0], [3], [2], [5], [4], [7], [6], [9], [8, 16], [11], [10], [13], [12], [15], [14], [9], [18], [17], [20], [19], [22], [21], [24], [23], [26], [25], [28], [27], [30], [29, 31], [30], [33], [32, 34], [33], [36], [35, 37], [36], [39], [38, 40], [39]], "vertices": [[180.984126984127, 410.0], [180.984126984127, 372.0], [557.0, 409.5], [500.0, 409.5], [462.0, 409.5], [387.0, 409.5], [349.0, 409.4655172413793], [274.0, 409.4655172413793], [181.0, 233.0], [181.0, 100.0], [356.0, 100.73157894736842], [269.0, 100.73157894736842], [181.0126582278481, 335.0], [181.0126582278481, 271.0], [237.0, 410.0], [181.0, 410.0], [207.0, 100.0], [554.6055979643766, 343.0], [554.6055979643766, 274.0], [385.5081967213115, 354.0], [385.5081967213115, 308.0], [382.0, 202.0], [346.0, 202.0], [299.01162790697674, 132.0], [299.01162790697674, 103.0], [207.0, 202.5], [184.0, 202.5], [299.5, 201.0], [299.5, 171.0], [458.0, 201.13372093023256], [555.0, 201.0], [555.0, 236.0], [405.0, 100.5], [460.0, 100.0], [460.0, 163.0], [348.0, 268.4946996466431], [417.0, 268.0], [417.9947643979058, 202.0], [346.0, 355.0], [346.0, 203.0], [257.0, 202.5]]}