{"vertices": [[181.0, 233.0], [181.0, 101.0], [181.00426257459506, 335.0], [181.00426257459506, 271.0], [555.0, 201.56521739130434], [458.0, 201.56521739130434], [382.0, 202.0], [346.0, 202.0], [207.0, 201.56521739130434], [184.0, 201.56521739130434], [557.0, 409.4917715392062], [500.0, 409.4917715392062], [462.0, 409.4917715392062], [387.0, 409.4917715392062], [349.0, 409.4917715392062], [274.0, 409.4917715392062], [346.0, 355.0], [356.0, 100.62571428571428], [269.0, 100.62571428571428], [207.0, 101.0], [460.0, 100.62571428571428], [405.0, 100.62571428571428], [554.7186932849365, 343.0], [554.7186932849365, 274.0], [555.0, 236.0], [555.0, 202.0], [460.0, 163.0], [460.0, 101.0], [385.5081967213115, 354.0], [385.5081967213115, 308.0], [299.21232876712327, 132.0], [299.21232876712327, 103.0], [181.00426257459506, 372.0], [181.0, 409.0], [237.0, 409.0], [346.0, 201.56521739130434], [299.0, 201.0], [257.0, 201.56521739130434], [299.21232876712327, 171.0], [348.0, 268.4946996466431], [417.0, 268.0], [417.9947643979058, 202.0]], "weights": [[2.25], [2.25, 1.75], [2.25], [2.25], [2.55], [2.55], [1.5], [1.5, 1.35], [0.5], [0.5], [1.75], [1.75], [1.75], [1.75], [1.75], [1.75], [1.35], [5.05], [5.05], [1.75], [7.75], [7.75], [2.55], [2.55], [2.55], [2.55], [2.5], [2.5], [1.95], [1.95], [1.35], [1.35], [7.55], [7.55, 1.75], [1.75], [0.5], [0.5, 0.5, 1.35], [0.5], [1.35], [1.5], [1.5, 1.25], [1.25]], "edges": [[1], [0, 19], [3], [2], [5], [4], [7], [6, 16], [9], [8], [11], [10], [13], [12], [15], [14], [7], [18], [17], [1], [21], [20], [23], [22], [25], [24], [27], [26], [29], [28], [31], [30], [33], [32, 34], [33], [36], [35, 37, 38], [36], [36], [40], [39, 41], [40]]}