{"vertices": [[671.0, 342.0], [671.0, 9.0], [628.0, 384.0601092896175], [488.0, 384.0601092896175], [378.94545454545454, 110.0], [378.94545454545454, 37.0], [156.0, 116.0], [156.0, 9.0], [156.0, 254.0], [156.0, 238.0], [258.0, 61.0], [258.0, 9.0], [377.0, 339.8736263736264], [354.0, 339.8736263736264], [256.0, 181.92926045016077], [156.0, 181.92926045016077], [380.0, 9.0], [353.0, 9.0], [285.0, 9.0], [257.0, 238.0], [320.0, 200.0], [320.0, 138.0], [448.0, 343.0], [448.0, 279.0], [345.0, 238.0], [345.0, 201.0], [345.4347826086956, 290.0], [345.4347826086956, 280.0], [568.0, 303.0], [528.0, 262.0], [179.0, 549.8811188811189], [156.0, 549.8811188811189], [315.0, 279.0], [284.0, 279.0], [470.0, 279.0], [188.0, 116.0], [379.0, 304.0], [353.0, 304.0], [256.0, 143.44], [222.0, 143.44], [349.0, 143.44], [333.0, 143.44], [179.0, 61.0], [157.0, 61.0], [236.0, 61.0], [509.72499999999997, 280.72499999999997], [345.0, 200.0], [548.6363636363636, 382.0], [548.6363636363636, 361.0], [548.9468085106383, 321.94680851063833], [379.0, 549.0], [352.0, 549.8811188811189], [315.0, 339.8736263736264], [284.0, 339.0], [156.0, 339.8736263736264], [257.0, 279.2173913043478], [403.0, 304.0], [403.5, 279.0], [258.0, 203.0], [258.0, 117.0], [220.0, 116.22560975609755]], "weights": [[0.5], [0.5], [1.05], [1.05], [0.5], [0.5], [0.5, 1.45], [0.5, 0.6], [0.6], [0.6, 1.4], [1.65, 0.5], [1.65, 0.6, 0.5], [0.65], [0.65], [1.55], [1.55], [0.5], [0.5], [0.5], [1.4], [0.9, 1.0], [0.9], [3.55], [3.55, 1.65], [0.5], [0.5], [0.25], [0.25], [1.0, 0.9499999999999875], [1.0, 1.2499999999999978], [0.5], [0.5], [0.5], [0.5, 0.5, 1.25], [1.65], [1.45], [0.9, 0.55, 0.5], [0.9], [0.25], [0.25], [0.25], [0.25], [0.7], [0.7], [0.5], [1.2499999999999978], [1.0], [0.75], [0.75], [0.9499999999999875], [0.55, 2.0], [2.0], [0.5], [0.5, 0.5, 1.25], [0.5], [0.5], [0.5, 1.0], [1.0], [1.45], [1.45, 0.75], [0.75]], "edges": [[1], [0], [3], [2], [5], [4], [7, 35], [6, 11], [9], [8, 19], [11, 44], [10, 7, 18], [13], [12], [15], [14], [17], [16], [11], [9], [21, 46], [20], [23], [22, 34], [25], [24], [27], [26], [29, 49], [28, 45], [31], [30], [33], [32, 55, 53], [23], [6], [37, 50, 56], [36], [39], [38], [41], [40], [43], [42], [10], [29], [20], [48], [47], [28], [36, 51], [50], [53], [52, 54, 33], [53], [33], [36, 57], [56], [59], [58, 60], [59]]}