{"weights": [[0.5], [0.5], [1.2], [1.2], [0.8, 1.25], [0.8, 0.6], [1.4, 0.5], [1.4, 0.6, 0.5], [0.75], [0.75], [0.5], [0.5], [1.45], [1.45], [1.5], [1.5, 0.5], [0.5, 1.0], [0.5], [1.65], [1.65, 1.65], [0.75], [0.75], [1.000000000000008, 0.8999999999999911], [1.000000000000008, 1.1499999999999972], [0.7], [0.7], [1.1], [1.1, 1.25, 1.3], [1.25], [0.6, 0.7, 0.9], [0.6], [0.6], [0.6], [0.75], [0.75], [0.7], [0.7], [1.1499999999999972], [1.65], [0.9], [0.9], [0.8], [0.8], [1.0], [0.9], [0.9], [0.5], [0.5], [1.0], [1.0], [0.8999999999999911], [0.5], [0.7, 2.5], [2.5], [0.75], [0.75, 1.0], [1.0], [1.25], [1.3], [1.3], [1.3, 0.9]], "edges": [[1], [0], [3], [2], [5, 28], [4, 7], [7, 47], [6, 5, 46], [9], [8], [11], [10], [13], [12], [15], [14, 51], [17, 43], [16], [19], [18, 38], [21], [20], [23, 50], [22, 37], [25], [24], [27], [26, 57, 58], [4], [30, 52, 60], [29], [32], [31], [34], [33], [36], [35], [23], [19], [40], [39], [42], [41], [16], [45], [44], [7], [6], [49], [48], [22], [15], [29, 53], [52], [55], [54, 56], [55], [27], [27], [60], [59, 29]], "vertices": [[671.0, 342.0], [671.0, 9.0], [628.0, 384.0601092896175], [488.0, 384.0601092896175], [156.0, 116.0], [156.0, 9.0], [258.0, 61.0], [258.0, 9.0], [380.49305555555554, 110.0], [380.49305555555554, 37.0], [315.0, 340.0], [156.0, 340.0], [256.0, 181.92926045016077], [156.0, 181.92926045016077], [257.0, 238.0], [156.0, 238.0], [320.0, 200.0], [320.0, 138.0], [448.0, 343.0], [448.0, 280.0], [345.0, 238.0], [345.0, 201.0], [568.0, 303.0], [528.0, 262.0], [377.0, 339.0], [354.0, 339.0], [315.0, 278.0], [284.0, 278.0], [188.0, 116.0], [378.0, 304.0], [353.0, 304.0], [256.0, 146.0], [222.0, 146.0], [179.0, 548.4888888888889], [156.0, 548.4888888888889], [179.0, 61.0], [157.0, 61.0], [509.72499999999997, 280.72499999999997], [470.0, 280.0], [349.0, 138.0], [333.0, 138.0], [353.0, 290.0], [353.0, 280.0], [345.0, 200.0], [380.0, 9.0], [353.0, 9.0], [285.0, 9.0], [236.0, 61.0], [548.6363636363636, 382.0], [548.6363636363636, 361.0], [548.9468085106383, 321.94680851063833], [156.0, 254.0], [378.0, 550.0], [352.0, 550.5204081632653], [257.0, 203.0], [257.0, 116.0], [220.0, 116.5], [284.0, 339.0], [257.0, 278.5], [403.5, 279.0], [403.0, 304.0]]}