{"vertices": [[560.0, 432.500772797527], [505.0, 432.500772797527], [380.0, 432.500772797527], [347.0, 432.500772797527], [301.0, 432.500772797527], [247.0, 432.500772797527], [459.0, 432.500772797527], [426.0, 432.500772797527], [201.0, 433.0], [178.0, 433.0], [627.4721649484536, 284.0], [627.4721649484536, 270.0], [627.4721649484536, 378.0], [627.4721649484536, 362.0], [178.0, 264.0], [178.0, 227.0], [178.0, 119.0], [342.0, 119.4992927864215], [232.0, 119.4992927864215], [425.0, 119.4992927864215], [383.0, 119.4992927864215], [201.0, 119.0], [509.0, 119.4992927864215], [471.0, 119.4992927864215], [418.0, 231.0], [258.0, 231.0], [370.00613496932516, 270.0], [370.00613496932516, 232.0], [370.00613496932516, 382.0], [370.00613496932516, 310.0], [299.0, 264.0], [251.0, 264.0], [213.0, 264.0], [257.72762645914395, 161.0], [257.72762645914395, 123.0], [257.72762645914395, 231.0], [257.72762645914395, 193.0], [418.0, 304.0], [301.3056768558952, 153.0], [301.3056768558952, 123.0], [301.3056768558952, 229.0], [301.3056768558952, 193.0], [287.0, 262.0], [287.0, 233.0], [605.0, 432.500772797527], [627.0, 432.0], [627.4721649484536, 409.0], [627.0, 238.0], [627.0, 119.0], [595.0, 119.4992927864215]], "weights": [[3.1], [3.1], [3.3], [3.3], [3.1], [3.1], [3.0], [3.0], [3.0], [3.0, 2.75], [2.65], [2.65], [2.75], [2.75], [2.75, 1.5], [3.65], [3.65, 3.0], [3.1], [3.1], [2.8], [2.8], [3.0], [3.0], [3.0], [1.05, 1.5], [1.05], [1.25], [1.25], [1.35], [1.35], [1.6], [1.6], [1.5], [1.75], [1.75], [1.25], [1.25], [1.5], [1.25], [1.25], [1.75], [1.75], [1.5], [1.5], [3.2], [3.2, 2.75], [2.75], [2.75], [2.75, 3.0], [3.0]], "edges": [[1], [0], [3], [2], [5], [4], [7], [6], [9], [8, 14], [11], [10], [13], [12], [9, 32], [16], [15, 21], [18], [17], [20], [19], [16], [23], [22], [25, 37], [24], [27], [26], [29], [28], [31], [30], [14], [34], [33], [36], [35], [24], [39], [38], [41], [40], [43], [42], [45], [44, 46], [45], [48], [47, 49], [48]]}