{"weights": [[2.75], [2.75], [3.0, 2.75], [3.0, 1.5], [2.7], [2.7], [3.0], [3.0], [1.15, 1.5], [1.15, 1.5], [3.0], [3.0], [2.75], [2.75], [3.05], [3.05], [3.45], [3.45, 2.75], [1.5], [1.5], [4.7], [4.7], [1.3], [1.3], [2.8], [2.8], [1.75], [1.75], [2.75], [2.85], [2.85], [2.75], [2.75], [1.5], [2.75], [1.7], [1.7], [1.75], [1.75], [1.5], [1.5], [1.5], [1.5], [6.75], [6.75, 2.85], [2.85], [2.95], [2.95, 2.85], [2.85]], "edges": [[1], [0], [3, 34], [2, 42], [5], [4], [7], [6], [9, 33], [8, 39], [11], [10], [13], [12], [15], [14], [17], [16, 28], [19], [18], [21], [20], [23], [22], [25], [24], [27], [26], [17], [30], [29], [32], [31], [8], [2], [36], [35], [38], [37], [9], [41], [40], [3], [44], [43, 45], [44], [47], [46, 48], [47]], "vertices": [[560.0, 432.50759878419456], [505.0, 432.50759878419456], [178.0, 433.0], [178.0, 264.0], [380.0, 432.5], [347.0, 432.5], [342.0, 119.5], [232.0, 119.5], [418.0, 231.0], [258.0, 231.0], [425.0, 119.5], [383.0, 119.5], [301.0, 432.5077399380805], [247.0, 432.5077399380805], [627.4691358024692, 284.0], [627.4691358024692, 270.0], [178.0, 227.0], [178.0, 120.0], [370.0, 270.0], [370.0, 232.0], [299.0, 264.0], [251.0, 264.0], [370.0093457943925, 382.0], [370.0093457943925, 310.0], [627.5, 378.0], [627.5, 362.0], [257.5302013422819, 161.0], [257.5302013422819, 123.0], [201.0, 120.0], [459.0, 432.51269035532994], [426.0, 432.51269035532994], [509.0, 119.49545454545455], [471.0, 119.49545454545455], [418.0, 304.0], [201.0, 433.0], [301.0, 153.0], [301.0, 123.0], [301.49645390070924, 229.0], [301.49645390070924, 193.0], [258.0, 193.0], [287.0, 262.0], [287.0, 233.0], [213.0, 264.0], [605.0, 432.4375], [627.0, 432.0], [627.5043478260869, 409.0], [627.0, 238.0], [627.0, 119.0], [595.0, 119.48554913294798]]}