{"weights": [[4.65], [4.65], [4.65], [4.65], [4.95], [4.95, 4.85], [4.65], [4.65], [1.5], [1.5, 1.5], [1.5], [1.5], [3.85], [3.85], [5.45], [5.45], [4.85], [1.5], [1.5], [4.75], [4.75], [6.65], [6.65], [5.8], [5.8], [5.05], [5.05, 1.5], [4.75], [4.75], [5.55], [5.55], [5.5], [5.5], [1.5], [1.5], [6.85], [6.85], [5.8], [5.8], [8.05], [8.05], [1.5], [1.5], [1.5], [7.05], [7.05], [0.9], [0.9], [1.5], [1.5], [4.85], [4.85, 4.85, 1.5], [4.85], [1.5], [1.5, 4.75], [4.75], [1.5, 1.5, 1.5], [1.5], [1.5], [1.5, 1.5, 1.5], [4.75], [4.75, 4.75, 1.5], [4.75], [1.5], [1.5, 1.5, 1.5], [1.5], [7.25], [7.25], [5.25], [5.25, 5.75], [5.75]], "edges": [[1], [0], [3], [2], [5], [4, 16], [7], [6], [9], [8, 56], [11], [10], [13], [12], [15], [14], [5], [18], [17], [20], [19], [22], [21], [24], [23], [26], [25, 41], [28], [27], [30], [29], [32], [31], [34], [33], [36], [35], [38], [37], [40], [39], [26], [43], [42], [45], [44], [47], [46], [49], [48], [51], [50, 52, 61], [51], [54], [53, 55], [54], [9, 57, 59], [56], [59], [58, 56, 64], [61], [60, 62, 51], [61], [64], [63, 65, 59], [64], [67], [66], [69], [68, 70], [69]], "vertices": [[457.0, 45.716064257028115], [205.0, 45.716064257028115], [97.73846960167715, 485.0], [97.73846960167715, 284.0], [99.0, 245.0], [99.0, 46.0], [454.0, 485.5505124450952], [384.0, 485.5505124450952], [634.0, 47.0], [553.0, 47.0], [159.0, 409.53602811950793], [101.0, 409.53602811950793], [552.9831932773109, 273.0], [552.9831932773109, 259.0], [301.0, 120.5487959442332], [220.0, 120.5487959442332], [163.0, 46.0], [679.0, 410.27659574468083], [657.0, 410.27659574468083], [162.0, 485.0], [98.0, 485.0], [632.0, 486.34], [574.0, 486.34], [734.2450331125827, 275.0], [734.2450331125827, 259.0], [629.0, 126.0], [629.0, 78.0], [553.0, 46.47849462365591], [510.0, 46.47849462365591], [154.0, 119.58390410958904], [104.0, 119.58390410958904], [238.0, 115.0], [227.0, 115.0], [680.0, 116.20754716981132], [658.0, 116.20754716981132], [733.6375838926175, 423.0], [733.6375838926175, 406.0], [741.4901960784314, 274.0], [741.4901960784314, 260.0], [678.0, 419.95652173913044], [658.0, 419.95652173913044], [584.0, 78.0], [679.0, 126.32203389830508], [659.0, 126.32203389830508], [740.4727272727273, 423.0], [740.4727272727273, 409.0], [115.0, 294.0], [105.0, 294.0], [633.0, 426.0], [623.0, 426.0], [297.0, 485.0258620689655], [247.0, 485.0], [204.0, 485.0258620689655], [552.3828382838284, 381.0], [552.0, 413.0], [635.0, 413.0], [553.0, 56.0], [634.0, 56.0], [634.0, 67.7959714100065], [553.0, 67.0], [292.0, 410.32241153342073], [248.0, 410.0], [209.0, 410.32241153342073], [564.0, 117.0], [553.0, 117.0], [553.0, 151.0], [730.0, 124.48], [740.0, 124.0], [250.3763440860215, 51.0], [250.0, 115.0], [288.0, 115.0]]}