{"vertices": [[163.0, 47.21891348088531], [104.0, 47.21891348088531], [98.13396274559837, 245.0], [98.13396274559837, 41.0], [454.0, 485.31644612476373], [384.0, 485.31644612476373], [632.0, 485.31644612476373], [574.0, 485.31644612476373], [552.9159802306425, 411.0], [552.9159802306425, 381.0], [552.9159802306425, 273.0], [552.9159802306425, 259.0], [159.0, 410.65129682997116], [101.0, 410.65129682997116], [635.0, 411.0], [553.0, 411.0], [679.0, 410.65129682997116], [657.0, 410.65129682997116], [301.0, 121.03573629081947], [220.0, 121.03573629081947], [741.0, 121.0], [734.0, 121.0], [154.0, 121.03573629081947], [104.0, 121.03573629081947], [680.0, 121.03573629081947], [658.0, 121.03573629081947], [734.2547169811321, 275.0], [734.2547169811321, 259.0], [713.0, 875.0], [734.2547169811321, 112.0], [734.2547169811321, 423.0], [734.2547169811321, 406.0], [629.0, 126.0], [629.0, 78.0], [238.0, 114.0125], [227.0, 114.0125], [679.0, 114.0125], [660.0, 114.0125], [288.0, 114.0], [255.0, 114.0], [149.0, 114.0125], [104.0, 114.0125], [741.3382352941177, 112.0], [741.3382352941177, 274.0], [741.3382352941177, 260.0], [741.3382352941177, 423.0], [741.3382352941177, 409.0], [633.0, 421.55263157894734], [623.0, 421.55263157894734], [677.0, 421.55263157894734], [659.0, 421.55263157894734], [584.0, 78.0], [255.0, 67.0], [115.0, 294.0], [105.0, 294.0], [457.0, 47.21891348088531], [249.0, 47.0], [634.0, 47.21891348088531], [553.0, 47.0], [510.0, 47.21891348088531], [98.13396274559837, 284.0], [98.0, 485.0], [162.0, 485.0], [297.0, 485.31644612476373], [248.0, 485.0], [204.0, 485.31644612476373], [634.0, 68.29739010989012], [553.0, 68.0], [292.0, 410.65129682997116], [249.0, 410.0], [209.0, 410.65129682997116], [564.0, 121.03573629081947], [553.0, 121.0], [553.0, 151.0], [255.0, -848.0], [255.0, -806.0], [205.0, 47.21891348088531], [249.0, 48.0], [248.0, 114.0], [255.0, -764.0], [255.0, -722.0], [255.0, -680.0], [255.0, -638.0], [255.0, -596.0], [255.0, -554.0], [255.0, -512.0], [255.0, -470.0], [255.0, -428.0], [255.0, -386.0], [255.0, -344.0], [255.0, -302.0], [255.0, -260.0], [255.0, -218.0], [255.0, -176.0], [255.0, -134.0], [255.0, -92.0], [255.0, -50.0], [255.0, -8.0], [255.0, 65.0], [255.0, 34.0]], "weights": [[5.15], [5.15], [4.75], [4.75], [4.65], [4.65], [4.75], [4.75], [4.15], [4.15], [4.85], [4.85], [4.75], [4.75], [5.95], [5.95], [1.5], [1.5], [1.5], [1.5], [7.25], [7.25], [5.75], [5.75], [1.5], [1.5], [6.45], [6.45], [7.15, 7.15], [7.15], [6.85], [6.85], [1.5], [1.5, 1.5], [0.25], [0.25], [1.5], [1.5], [3.6], [3.6, 5.4], [5.95], [5.95], [7.15], [4.55], [4.55], [6.85], [6.85], [1.5], [1.5], [1.5], [1.5], [1.5], [5.4], [0.9], [0.9], [4.65], [4.65, 5.0500000000000025], [1.5], [1.5, 4.75, 1.5], [4.75], [4.55], [4.55, 4.75], [4.75], [1.5], [1.5, 1.5, 1.5], [1.5], [1.5], [1.5, 1.5, 1.5], [1.5], [1.5, 1.5, 1.5], [1.5], [1.5], [1.5, 1.5, 1.5], [1.5], [5.0], [5.0, 5.0], [4.65], [4.65, 5.0500000000000025], [5.0500000000000025], [5.0, 5.0], [5.0, 5.0], [5.0, 5.0], [5.0, 5.0], [5.0, 5.0], [5.0, 5.0], [5.0, 5.0], [5.0, 5.0], [5.0, 5.0], [5.0, 5.0], [5.0, 5.0], [5.0, 5.0], [5.0, 5.0], [5.0, 5.0], [5.0, 5.0], [5.0, 5.0], [5.0, 5.0], [5.0, 5.0], [5.0, 5.0], [5.0], [5.0, 5.0, 5.0500000000000025]], "edges": [[1], [0], [3], [2], [5], [4], [7], [6], [9], [8], [11], [10], [13], [12], [15], [14], [17], [16], [19], [18], [21], [20], [23], [22], [25], [24], [27], [26], [29, 42], [28], [31], [30], [33], [32, 51], [35], [34], [37], [36], [39], [38, 52], [41], [40], [28], [44], [43], [46], [45], [48], [47], [50], [49], [33], [39], [54], [53], [56], [55, 99], [58], [57, 59, 67], [58], [61], [60, 62], [61], [64], [63, 65, 69], [64], [67], [66, 58, 72], [69], [68, 70, 64], [69], [72], [71, 73, 67], [72], [75], [74, 79], [77], [76, 78], [77], [75, 80], [79, 81], [80, 82], [81, 83], [82, 84], [83, 85], [84, 86], [85, 87], [86, 88], [87, 89], [88, 90], [89, 91], [90, 92], [91, 93], [92, 94], [93, 95], [94, 96], [95, 97], [96, 99], [99], [98, 97, 56]]}