{"weights": [[0.75], [0.75, 1.1], [0.75], [0.75], [0.85], [0.85], [1.55], [1.55], [1.25], [1.25], [0.6], [0.6], [0.75], [0.75, 0.95], [1.1], [1.5, 1.5], [1.5], [0.7], [0.7], [1.45], [1.45, 1.5], [0.9], [0.9, 0.85], [0.85], [1.35], [1.35, 1.45], [1.45], [1.0], [1.0, 1.0], [1.0], [1.4], [1.4, 1.6], [1.6], [1.05], [1.05, 1.35], [1.35], [1.95], [1.95, 0.95]], "edges": [[1], [0, 14], [3], [2], [5], [4], [7], [6], [9], [8], [11], [10], [13], [12, 37], [1], [16, 20], [15], [18], [17], [20], [19, 15], [22], [21, 23], [22], [25], [24, 26], [25], [28], [27, 29], [28], [31], [30, 32], [31], [34], [33, 35], [34], [37], [36, 13]], "vertices": [[198.0, 183.0], [198.0, 80.0], [633.5135135135135, 239.0], [633.5135135135135, 201.0], [634.4758620689655, 397.0], [634.4758620689655, 321.0], [465.0, 313.725], [441.0, 313.725], [503.0144927536232, 369.0], [503.0144927536232, 345.0], [634.3727272727273, 489.0], [634.3727272727273, 420.0], [634.0, 179.0], [634.0, 127.0], [243.0, 80.0], [272.0, 332.0], [244.0, 332.0], [634.0, 298.0], [634.0, 257.0], [295.0, 314.0], [272.0, 314.0], [633.5, 512.0], [633.0, 538.0], [502.0, 538.7], [413.0, 314.0], [387.0, 314.0], [387.0238095238095, 297.0], [198.5, 240.0], [198.0, 332.0], [224.0, 332.0], [503.0, 324.0], [503.0, 288.0], [491.0, 288.5], [324.0, 314.0285714285714], [348.0, 314.0], [348.9024390243902, 297.0], [565.2370820668693, 52.0], [566.0, 127.0]]}