{"vertices": [[198.0, 183.0], [198.0, 80.0], [633.9942857142858, 239.0], [633.9942857142858, 201.0], [633.9942857142858, 397.0], [633.9942857142858, 321.0], [633.9942857142858, 489.0], [633.9942857142858, 420.0], [634.0, 179.0], [634.0, 127.0], [633.9942857142858, 298.0], [633.9942857142858, 257.0], [465.0, 313.96491228070175], [441.0, 313.96491228070175], [295.0, 314.0], [272.0, 314.0], [503.0057142857143, 369.0], [503.0057142857143, 345.0], [243.0, 80.0], [633.9942857142858, 512.0], [633.0, 538.0], [502.0, 538.7], [413.0, 314.0], [387.0, 314.0], [387.0238095238095, 297.0], [324.0, 313.96491228070175], [348.0, 313.0], [348.9024390243902, 297.0], [503.0, 324.0], [503.0, 288.0], [491.0, 288.5], [565.2370820668693, 52.0], [565.0, 126.0], [634.0, 126.0], [244.0, 332.18045112781954], [272.0, 332.0], [198.49872122762147, 240.0], [199.0, 332.0], [224.0, 332.0]], "weights": [[0.75], [0.75, 1.0], [0.85], [0.85], [0.5], [0.5], [0.5], [0.5], [0.8], [0.8], [0.5], [0.5], [1.45], [1.45], [1.25], [1.25, 1.7], [1.25], [1.25], [1.0], [1.5], [1.5, 0.95], [0.95], [1.25], [1.25, 1.15], [1.15], [1.55], [1.55, 1.45], [1.45], [1.25], [1.25, 1.5], [1.5], [3.3], [3.3, 1.1], [1.1], [2.95], [2.95, 1.7], [0.75], [0.75, 0.75], [0.75]], "edges": [[1], [0, 18], [3], [2], [5], [4], [7], [6], [9], [8], [11], [10], [13], [12], [15], [14, 35], [17], [16], [1], [20], [19, 21], [20], [23], [22, 24], [23], [26], [25, 27], [26], [29], [28, 30], [29], [32], [31, 33], [32], [35], [34, 15], [37], [36, 38], [37]]}