{"weights": [[1.35], [1.35], [1.75], [1.75, 0.5], [0.6], [0.6], [1.75], [1.75], [0.95], [0.95, 2.000000000000002], [4.15], [4.15], [7.05], [7.05], [0.8], [0.8], [0.500000000000004], [0.500000000000004, 3.3000000000000065], [2.25], [2.25, 2.25], [0.65], [0.65], [0.750000000000006], [0.750000000000006], [1.5], [1.5, 1.100000000000009], [0.75], [0.75], [0.750000000000006, 0.8000000000000045], [0.750000000000006], [0.65], [0.65], [0.6], [0.6], [0.6], [0.6], [0.9], [0.9], [0.500000000000004], [0.500000000000004], [1.5], [1.5], [2.0500000000000065], [2.0500000000000065, 1.899999999999998], [2.2000000000000073, 2.000000000000002, 1.8499999999999974], [2.2000000000000073, 1.7000000000000142], [0.6], [0.6], [1.7000000000000142], [1.5], [1.5], [1.5], [1.5], [0.500000000000004], [0.500000000000004], [1.7, 2.25], [1.7, 1.2], [3.3000000000000065], [0.75], [0.75], [1.2], [0.7], [0.7], [0.7000000000000056], [0.7000000000000056, 0.8500000000000068], [1.899999999999998], [7.1], [7.1], [0.8500000000000068], [0.8000000000000045], [1.100000000000009], [0.5], [0.5], [0.7], [0.7], [0.7], [0.7], [0.7], [0.7], [2.25], [2.7, 0.5], [2.7], [0.7000000000000056], [0.7000000000000056], [1.9], [1.9], [7.05], [7.05], [0.7], [0.7], [0.5500000000000044], [0.5500000000000044], [0.5], [0.5], [1.8499999999999974], [1.0], [1.0], [0.5], [0.5], [0.5], [0.5, 2.55], [1.1], [1.1], [2.25, 2.35], [2.35], [1.5], [1.5, 1.5, 1.5], [1.5], [1.5], [2.55, 0.65], [0.65], [4.05000000000001], [4.05000000000001, 4.05000000000001, 7.95], [4.05000000000001], [7.95], [0.7], [0.7, 1.0], [1.0]], "edges": [[1], [0], [3], [2, 98], [5], [4], [7], [6], [9], [8, 44], [11], [10], [13], [12], [15], [14], [17], [16, 57], [19], [18, 79], [21], [20], [23], [22], [25], [24, 70], [27], [26], [29, 69], [28], [31], [30], [33], [32], [35], [34], [37], [36], [39], [38], [41], [40], [43], [42, 65], [45, 9, 94], [44, 48], [47], [46], [45], [50], [49], [52], [51], [54], [53], [56, 103], [55, 60], [17], [59], [58], [56], [62], [61], [64], [63, 68], [43], [67], [66], [64], [28], [25], [72], [71], [74], [73], [76], [75], [78], [77], [19], [81, 97], [80], [83], [82], [85], [84], [87], [86], [89], [88], [91], [90], [93], [92], [44], [96], [95], [80], [3], [100], [99, 109], [102], [101], [55, 104], [103], [106], [105, 107, 108], [106], [106], [100, 110], [109], [112], [111, 113, 114], [112], [112], [116], [115, 117], [116]], "vertices": [[246.6, 484.0], [246.6, 367.0], [792.0, 244.0], [792.0, 202.0], [680.0, 503.3970588235294], [639.0, 503.3970588235294], [792.4903225806452, 315.0], [792.4903225806452, 276.0], [688.0, 220.0], [688.0, 153.0], [769.0, 204.7608069164265], [691.0, 204.7608069164265], [793.3414634146342, 398.0], [793.3414634146342, 347.0], [521.0, 503.0], [481.0, 503.0], [264.49717514124296, 101.4971751412429], [337.0, 29.0], [24.0, 399.0], [24.0, 325.0], [246.84615384615384, 341.0], [246.84615384615384, 165.0], [307.5576923076923, 128.55769230769238], [347.0576923076923, 89.05769230769238], [407.0, 457.0], [407.0, 416.0], [286.5125, 348.0], [286.5125, 308.0], [362.0, 190.0], [384.1617647058824, 168.16176470588238], [392.0, 489.6507936507937], [351.0, 489.6507936507937], [572.0, 503.2456140350877], [529.0, 503.2456140350877], [198.0, 402.0], [198.0, 367.0], [289.0, 396.33870967741933], [248.0, 396.33870967741933], [367.24324324324334, 410.24324324324334], [386.74324324324334, 390.74324324324334], [820.0, 377.7396449704142], [795.0, 377.7396449704142], [425.6390134529148, 105.63901345291481], [460.0, 71.0], [195.0, -24.0], [568.0, 109.0], [342.0, 445.0], [300.0, 445.0], [613.0, 123.00000000000001], [808.0, 459.0], [808.0, 447.0], [817.0, 459.0], [817.0, 443.0], [427.75000000000006, 349.25000000000006], [415.25, 336.75], [200.0, 501.0], [200.0, 474.0], [371.89903846153857, 64.10096153846158], [300.575, 477.0], [300.575, 454.0], [219.0, 474.0], [417.0, 503.0], [407.0, 503.0], [374.2173913043478, 294.7826086956522], [362.0, 283.0], [538.6061352376424, 97.1631476107891], [678.0, 220.0], [678.0, 202.0], [336.45833333333337, 308.45833333333337], [335.94166666666666, 164.05833333333334], [377.4876543209877, 445.4876543209877], [236.0, 369.0], [225.0, 369.0], [307.0, 489.0], [297.0, 489.0], [539.0, 406.0], [539.0, 393.0], [406.6111111111111, 503.0], [406.6111111111111, 479.0], [39.0, 325.0], [198.0, 326.0], [187.0, 326.0], [310.95081967213116, 372.04918032786884], [287.0, 348.0], [367.0, 458.0], [367.0, 445.0], [733.0, 215.8684210526316], [718.0, 215.8684210526316], [412.0, 179.0], [393.0, 179.0], [299.75, 407.25], [289.0, 396.0], [438.0, 503.0], [424.0, 503.0], [620.0, 128.0], [438.0, 151.0], [438.0, 140.0], [198.0, 341.0], [779.0, 202.0], [796.0, 459.0], [773.0, 459.0], [672.0, 418.0], [662.0, 418.0], [24.0, 501.0], [24.014245014245013, 426.0], [795.9024390243902, 459.0], [795.0, 443.0], [795.9024390243902, 435.0], [817.0, 443.2773109243698], [773.0, 503.0], [685.0, 503.23214285714283], [399.0, 78.00000000000006], [377.0, 57.0], [365.0, 44.00000000000006], [362.99999999999994, 72.0], [309.0, 137.0], [264.0, 137.0], [264.5, 114.0]]}