{"vertices": [[403.77560975609754, 263.0], [403.77560975609754, 251.0], [650.0, 399.85496183206106], [626.0, 399.85496183206106], [603.0, 400.0], [592.0, 400.0], [688.0, 399.85496183206106], [674.0, 399.85496183206106], [348.0, 547.5], [318.0, 547.5], [620.0, 251.64583333333334], [606.0, 251.64583333333334], [357.0886075949367, 134.0], [357.0886075949367, 108.0], [424.0, 448.0], [404.0, 448.0], [463.0, 208.5], [451.0, 208.5], [591.6551724137931, 165.0], [591.6551724137931, 155.0], [520.0, 416.0], [504.0, 416.0], [333.0, 224.0], [322.0, 213.0], [404.0, 547.0], [375.0, 547.5], [504.0, 447.0], [483.0, 447.5], [602.0, 165.0], [602.0, 128.0], [590.0, 128.5], [592.0, 415.0], [573.0, 415.975]], "weights": [[4.35], [4.35], [1.15], [1.15], [2.95], [2.95, 1.25], [1.25], [1.25], [1.7], [1.7], [4.65], [4.65], [5.35], [5.35], [1.1], [1.1, 0.5], [2.2], [2.2], [7.5], [7.5], [1.05], [1.05, 1.6], [0.500000000000004], [0.500000000000004], [0.5, 1.0], [1.0], [1.6, 1.1], [1.1], [5.6], [5.6, 8.5], [8.5], [1.25, 1.05], [1.05]], "edges": [[1], [0], [3], [2], [5], [4, 31], [7], [6], [9], [8], [11], [10], [13], [12], [15], [14, 24], [17], [16], [19], [18], [21], [20, 26], [23], [22], [15, 25], [24], [21, 27], [26], [29], [28, 30], [29], [5, 32], [31]]}