{"weights": [[1.25], [1.25], [1.6], [1.6], [1.35], [1.35], [2.65], [2.65, 1.4], [3.1], [3.1], [2.2], [2.2], [1.45], [1.45], [4.25], [4.25], [1.0], [1.0, 1.35], [0.95], [0.95, 1.7], [0.500000000000004], [0.500000000000004], [7.4], [7.4], [1.35, 1.1], [1.1], [1.7, 1.1], [1.1], [3.1], [3.1, 1.5], [1.5], [1.4, 1.25], [1.25]], "edges": [[1], [0], [3], [2], [5], [4], [7], [6, 31], [9], [8], [11], [10], [13], [12], [15], [14], [17], [16, 24], [19], [18, 26], [21], [20], [23], [22], [17, 25], [24], [19, 27], [26], [29], [28, 30], [29], [7, 32], [31]], "vertices": [[650.0, 399.94117647058823], [626.0, 399.94117647058823], [348.0, 547.5], [318.0, 547.5], [620.0, 251.64583333333334], [606.0, 251.64583333333334], [603.0, 399.0], [591.0, 399.0], [357.0886075949367, 134.0], [357.0886075949367, 108.0], [463.0, 208.5], [451.0, 208.5], [688.0, 399.95], [674.0, 399.95], [400.0882352941176, 263.0], [400.0882352941176, 251.0], [424.0, 448.0], [405.0, 448.0], [520.0, 416.0], [504.0, 416.0], [333.0, 224.0], [322.0, 213.0], [595.0, 165.0], [595.0, 155.0], [405.0, 547.0], [375.0, 547.5], [504.0, 447.0], [483.0, 447.5], [602.0, 165.0], [602.0, 128.0], [590.0, 128.5], [591.0, 415.0], [573.0, 415.9756097560976]]}