{"vertices": [[461.27941176470586, 538.0], [461.27941176470586, 334.0], [461.0, 190.0], [461.0, 36.0], [663.8901734104046, 538.0], [663.8901734104046, 294.0], [522.0, 110.0], [522.0, 36.0], [521.8772845953002, 329.0], [521.8772845953002, 283.0], [521.8772845953002, 149.0], [521.8772845953002, 136.0], [406.0, 279.928632115548], [374.0, 279.928632115548], [185.0, 279.928632115548], [171.0, 279.928632115548], [168.61940298507463, 290.0], [168.61940298507463, 227.0], [168.61940298507463, 415.0], [168.61940298507463, 312.0], [662.0, 332.1380952380952], [492.0, 332.1380952380952], [417.9101527403414, 275.0], [417.9101527403414, 176.0], [461.0, 35.5748502994012], [447.0, 35.5748502994012], [331.0, 36.0], [320.0, 36.0], [609.0, 61.49704142011834], [524.0, 61.49704142011834], [458.0, 443.5], [433.0, 443.5], [193.0, 443.5], [171.0, 443.5], [381.0, 444.0], [354.0, 444.0], [398.0, 204.545], [382.0, 204.545], [353.5056818181818, 444.0], [353.5056818181818, 355.0], [551.0, 280.0], [551.0, 241.0], [308.6676217765043, 250.0], [308.6676217765043, 222.0], [308.6676217765043, 63.0], [308.6676217765043, 35.0], [308.6676217765043, 275.0], [308.6676217765043, 256.0], [425.0, 241.0], [425.0, 176.0], [292.0, 173.43697478991598], [225.0, 173.43697478991598], [497.0, 190.0], [503.0, 226.0], [487.0, 226.0], [414.804054054054, 342.1959459459459], [391.0, 319.0], [524.0, 163.0], [470.4186046511628, 62.0], [470.4186046511628, 37.0], [322.6714285714285, 310.6714285714285], [342.6714285714285, 290.6714285714285], [320.0, 63.0], [565.0, 205.0], [546.7410714285714, 186.25892857142856], [254.5, 74.0], [254.5, 63.0], [536.2407407407406, 225.75925925925918], [492.0, 144.52380952380952], [481.0, 144.52380952380952], [461.27941176470586, 225.0], [461.0, 280.0], [461.27941176470586, 303.0], [461.0, 319.0], [294.0983606557377, 323.0], [294.0, 279.0], [294.0983606557377, 200.0], [343.0, 279.928632115548], [294.0983606557377, 370.0], [294.0, 443.0], [266.0, 443.5], [663.8901734104046, 241.0], [663.0, 205.0], [663.8901734104046, 108.0]], "weights": [[1.0], [1.0], [2.15, 0.75], [2.15, 1.15], [1.15], [1.15], [0.65], [0.65, 1.15], [6.15], [6.15], [0.5], [0.5], [4.65], [4.65], [0.25], [0.25], [0.5], [0.5], [0.85], [0.85], [0.9], [0.9], [6.85], [6.85], [0.75], [0.75], [1.25], [1.25, 1.6], [0.75], [0.75], [1.1], [1.1], [1.0], [1.0], [1.2], [1.2], [0.25], [0.25], [1.15], [1.15], [0.65, 0.35], [0.65, 0.5499999999999683], [4.65], [4.65], [0.25], [0.25], [0.25], [0.25], [6.1], [6.1], [0.7], [0.7], [0.75, 0.4999999999999799], [0.6], [0.6], [1.8500000000000072], [1.8500000000000072, 2.95], [0.4999999999999799], [3.75], [3.75], [1.0500000000000085], [1.0500000000000085], [1.6], [0.6499999999999772, 0.75], [0.6499999999999772], [1.4], [1.4], [0.5499999999999683], [0.75], [0.75], [1.5], [1.5, 0.35], [0.95], [0.95, 2.95], [1.75], [1.75, 1.75, 6.75], [1.75], [6.75], [0.3], [0.3, 1.0], [1.0], [0.85], [0.85, 0.85, 0.75], [0.85]], "edges": [[1], [0], [3, 52], [2, 7], [5], [4], [7], [6, 3], [9], [8], [11], [10], [13], [12], [15], [14], [17], [16], [19], [18], [21], [20], [23], [22], [25], [24], [27], [26, 62], [29], [28], [31], [30], [33], [32], [35], [34], [37], [36], [39], [38], [41, 71], [40, 67], [43], [42], [45], [44], [47], [46], [49], [48], [51], [50], [2, 57], [54], [53], [56], [55, 73], [52], [59], [58], [61], [60], [27], [64, 82], [63], [66], [65], [41], [69], [68], [71], [70, 40], [73], [72, 56], [75], [74, 76, 77], [75], [75], [79], [78, 80], [79], [82], [81, 83, 63], [82]]}