{"weights": [[0.95], [0.95], [0.85], [0.85], [0.7], [0.7, 6.05], [1.05], [1.05], [1.3, 0.75], [1.3, 6.05], [0.6, 0.7], [0.6], [5.45], [5.45], [6.3], [6.3], [5.75], [5.75], [1.5], [1.5], [0.75], [0.75], [0.7], [0.7, 1.9499999999999897], [0.75], [0.75], [0.85], [0.85], [1.0], [1.0], [0.7, 4.95], [0.7, 0.5999999999999728], [5.75], [5.75], [6.2], [6.2], [0.85], [0.85], [6.65], [6.65], [0.75, 0.9499999999999897], [1.35], [1.35, 1.3], [1.1], [1.1], [0.7], [0.7], [1.3], [1.3], [2.2500000000000098], [2.2500000000000098, 1.35], [0.9499999999999897], [1.4000000000000115], [1.4000000000000115], [6.4], [6.4], [3.1], [3.1], [1.3], [0.6], [0.6], [7.8], [7.8], [1.9499999999999897], [1.2], [1.2], [0.7], [0.9], [0.9], [0.5999999999999728], [0.75], [0.75], [2.45], [2.45, 2.45, 5.15], [2.45], [5.15], [1.5], [1.5, 4.95], [1.0], [1.0, 0.5], [0.5], [1.35, 1.9], [1.9]], "edges": [[1], [0], [3], [2], [5], [4, 9], [7], [6], [9, 40], [8, 5], [11, 66], [10], [13], [12], [15], [14], [17], [16], [19], [18], [21], [20], [23], [22, 63], [25], [24], [27], [26], [29], [28], [31, 77], [30, 69], [33], [32], [35], [34], [37], [36], [39], [38], [8, 51], [42], [41, 58], [44], [43], [46], [45], [48], [47], [50], [49, 81], [40], [53], [52], [55], [54], [57], [56], [42], [60], [59], [62], [61], [23], [65], [64], [10], [68], [67], [31], [71], [70], [73], [72, 74, 75], [73], [73], [77], [76, 30], [79], [78, 80], [79], [50, 82], [81]], "vertices": [[459.59722222222223, 538.0], [459.59722222222223, 334.0], [664.532, 241.0], [664.532, 108.0], [522.0, 110.0], [522.0, 36.0], [663.6292682926829, 538.0], [663.6292682926829, 294.0], [463.0, 190.0], [463.0, 36.0], [169.0, 286.0], [169.0, 227.0], [406.0, 280.41776315789474], [374.0, 280.41776315789474], [662.0, 332.1380952380952], [492.0, 332.1380952380952], [417.9101527403414, 275.0], [417.9101527403414, 176.0], [463.0, 35.46153846153846], [447.0, 35.46153846153846], [609.0, 61.49704142011834], [524.0, 61.49704142011834], [663.0, 205.0], [565.0, 205.0], [353.5056818181818, 444.0], [353.5056818181818, 355.0], [168.50243902439024, 415.0], [168.50243902439024, 312.0], [458.0, 443.5], [433.0, 443.5], [551.0, 278.0], [551.0, 241.0], [307.2290909090909, 250.0], [307.2290909090909, 222.0], [425.0, 241.0], [425.0, 176.0], [292.0, 173.43697478991598], [225.0, 173.43697478991598], [521.7373572593801, 329.0], [521.7373572593801, 283.0], [497.0, 190.0], [319.0, 63.0], [319.0, 35.0], [193.0, 443.5], [171.0, 443.5], [503.0, 226.0], [487.0, 226.0], [381.0, 444.0], [354.0, 444.0], [414.804054054054, 342.1959459459459], [391.0, 319.0], [524.0, 163.0], [322.6714285714285, 310.6714285714285], [342.6714285714285, 290.6714285714285], [301.0, 275.0], [301.0, 256.0], [294.02702702702703, 221.0], [294.02702702702703, 200.0], [331.0, 35.0], [522.4347826086956, 149.0], [522.4347826086956, 136.0], [405.0, 272.60869565217394], [392.0, 272.60869565217394], [546.7410714285714, 186.25892857142856], [254.5, 74.0], [254.5, 63.0], [185.0, 286.0], [398.0, 202.0], [382.0, 202.0], [536.2407407407406, 225.75925925925918], [492.0, 144.52380952380952], [481.0, 144.52380952380952], [294.46067415730334, 323.0], [294.0, 281.0], [294.46067415730334, 200.0], [343.0, 281.18679245283016], [461.30687830687833, 225.0], [461.0, 278.0], [266.0, 443.5], [291.0, 443.0], [291.0, 370.0], [460.0, 319.0], [460.5, 303.0]]}