{"weights": [[0.65, 0.7], [0.65, 0.75], [0.65], [0.65, 0.6], [1.8], [1.8], [0.75], [0.75, 1.0], [0.9], [0.9], [1.0], [1.0], [0.75], [0.75], [0.75], [2.35], [2.35], [0.75], [0.75], [0.6], [0.6], [0.7], [0.5], [0.5], [0.8], [0.8], [0.75], [0.75], [0.75], [0.75], [0.65], [0.65], [0.6], [1.0], [1.0], [1.0], [0.7], [0.7], [0.7], [0.7, 1.0], [1.0]], "edges": [[1, 21], [0, 12], [3], [2, 32], [5], [4], [7], [6, 35], [9], [8], [11], [10], [1], [14], [13], [16], [15], [18], [17], [20], [19], [0], [23], [22], [25], [24], [27], [26], [29], [28], [31], [30], [3], [34], [33], [7], [37], [36], [39], [38, 40], [39]], "vertices": [[200.0, 529.0], [200.0, 206.0], [632.0, 421.0], [632.0, 205.0], [471.1951219512195, 356.0], [471.1951219512195, 338.0], [328.0, 514.0], [328.0, 452.0], [382.0, 205.6153846153846], [326.0, 205.6153846153846], [328.0, 374.5], [202.0, 374.5], [254.0, 206.0], [471.8557692307692, 142.0], [471.8557692307692, 73.0], [379.97169811320754, 492.0], [379.97169811320754, 449.0], [277.0, 529.4901960784314], [251.0, 529.4901960784314], [582.0, 32.33009708737864], [513.0, 32.33009708737864], [225.0, 529.0], [379.0, 336.0], [379.0, 320.0], [572.5875, 253.0], [572.5875, 206.0], [471.64814814814815, 204.0], [471.64814814814815, 169.0], [326.0, 529.4888888888889], [303.0, 529.4888888888889], [402.0, 492.0], [380.0, 492.0], [602.0, 205.0], [297.0, 205.5], [283.0, 205.5], [344.0, 452.0], [603.0, 32.0], [587.0, 32.0], [473.4782608695652, 420.0], [473.0, 492.0], [452.0, 492.0]]}