{"vertices": [[200.0, 529.0], [200.0, 205.0], [472.406528189911, 356.0], [472.406528189911, 338.0], [472.406528189911, 142.0], [472.406528189911, 73.0], [472.406528189911, 204.0], [472.406528189911, 169.0], [328.0, 514.0], [328.0, 452.0], [382.0, 205.48616600790513], [326.0, 205.48616600790513], [254.0, 205.0], [297.0, 205.48616600790513], [283.0, 205.48616600790513], [328.0, 374.5], [202.0, 374.5], [379.9035087719298, 492.0], [379.9035087719298, 449.0], [379.9035087719298, 336.0], [379.9035087719298, 320.0], [277.0, 529.4785714285714], [251.0, 529.4785714285714], [225.0, 529.0], [326.0, 529.4785714285714], [303.0, 529.4785714285714], [582.0, 32.285714285714285], [513.0, 32.285714285714285], [603.0, 32.285714285714285], [587.0, 32.285714285714285], [572.5875, 253.0], [572.5875, 206.0], [402.0, 492.0], [380.0, 492.0], [344.0, 452.0], [632.0, 421.0], [632.0, 205.0], [602.0, 205.48616600790513], [472.406528189911, 420.0], [472.0, 492.0], [452.0, 492.2641509433962]], "weights": [[0.65, 0.75], [0.65, 0.75], [0.5], [0.5], [0.8], [0.8], [0.5], [0.5], [0.75], [0.75, 1.0], [0.95], [0.95], [0.75], [0.95], [0.95], [1.0], [1.0], [2.45], [2.45], [0.25], [0.25], [0.75], [0.75], [0.75], [0.65], [0.65], [0.8], [0.8], [0.55], [0.55], [0.7], [0.7], [0.75], [0.75], [1.0], [0.8], [0.8, 0.6], [0.6], [0.5], [0.5, 1.15], [1.15]], "edges": [[1, 23], [0, 12], [3], [2], [5], [4], [7], [6], [9], [8, 34], [11], [10], [1], [14], [13], [16], [15], [18], [17], [20], [19], [22], [21], [0], [25], [24], [27], [26], [29], [28], [31], [30], [33], [32], [9], [36], [35, 37], [36], [39], [38, 40], [39]]}