{"vertices": [[267.0, 390.0], [267.0, 24.0], [393.0, 390.4985250737463], [339.0, 390.4985250737463], [295.0, 390.0], [501.0, 390.4985250737463], [437.0, 390.4985250737463], [288.0, 24.0], [344.0, 24.003241491085898], [331.0, 24.003241491085898], [436.0, 186.89750692520775], [386.0, 186.89750692520775], [562.0, 186.89750692520775], [485.0, 186.89750692520775], [505.9741379310345, 305.0], [505.9741379310345, 245.0], [505.9741379310345, 207.0], [505.9741379310345, 187.0], [561.0, 276.21804511278197], [507.0, 276.21804511278197], [561.0, 69.0], [522.0, 69.0], [398.5057471264368, 70.0], [398.5057471264368, 26.0], [439.0, 70.0], [439.0, 26.0], [535.0, 390.4985250737463], [564.0, 390.0], [387.0, 24.003241491085898], [564.0, 24.0]], "weights": [[1.25, 0.75], [1.25, 1.25], [0.75], [0.75], [0.75], [0.75], [0.75], [1.25], [1.25], [1.25], [3.75], [3.75], [2.65], [2.65], [1.25], [1.25], [7.35], [7.35], [1.45], [1.45], [1.5], [1.5], [0.75], [0.75], [2.0], [2.0], [1.0], [1.0, 1.65], [1.25], [1.25, 1.65]], "edges": [[1, 4], [0, 7], [3], [2], [0], [6], [5], [1], [9], [8], [11], [10], [13], [12], [15], [14], [17], [16], [19], [18], [21], [20], [23], [22], [25], [24], [27], [26, 29], [29], [28, 27]]}