{"weights": [[4.25], [4.25], [4.25], [4.25], [1.5], [1.5], [4.25], [4.25], [4.25], [4.25], [1.5], [1.5], [1.5], [1.5], [1.75], [1.75], [1.75], [1.75], [1.5], [1.5], [1.75], [1.75], [1.25], [1.25], [2.75, 1.65], [2.75, 1.5], [1.25], [1.25], [1.5], [1.5], [1.75], [1.75], [1.5], [1.5], [1.4], [1.4], [1.5], [1.5], [1.45], [1.45], [1.35], [1.35], [1.25], [1.25], [1.5], [1.5, 1.35], [1.65], [1.25], [1.25], [1.75], [1.75, 1.5, 1.5], [1.8], [1.8], [1.5], [1.5], [1.5], [1.5], [1.5, 1.25], [1.5], [1.5], [1.35, 1.75], [1.75], [1.25, 1.75], [1.75]], "edges": [[1], [0], [3], [2], [5], [4], [7], [6], [9], [8], [11], [10], [13], [12], [15], [14], [17], [16], [19], [18], [21], [20], [23], [22], [25, 46], [24, 55], [27], [26], [29], [28], [31], [30], [33], [32], [35], [34], [37], [36], [39], [38], [41], [40], [43], [42], [45], [44, 60], [24], [48], [47], [50], [49, 58, 59], [52], [51], [54], [53], [25], [57], [56, 62], [50], [50], [45, 61], [60], [57, 63], [62]], "vertices": [[809.0043478260869, 540.0], [809.0043478260869, 309.0], [16.998075072184793, 260.0], [16.998075072184793, 29.0], [234.5056179775281, 192.0], [234.5056179775281, 124.0], [16.998058252427185, 540.0], [16.998058252427185, 311.0], [809.0038759689922, 259.0], [809.0038759689922, 29.0], [593.0, 171.0], [593.0, 117.0], [593.0, 530.0], [593.0, 214.0], [776.0, 32.501522842639595], [529.0, 32.501522842639595], [234.5012701100762, 530.0], [234.5012701100762, 234.0], [232.0, 158.99553571428572], [92.0, 158.99553571428572], [431.0, 32.50187265917603], [363.0, 32.50187265917603], [729.0, 160.00249376558602], [595.0, 160.00249376558602], [92.0, 537.0], [92.0, 448.0], [653.996336996337, 537.0], [653.996336996337, 447.0], [689.0, 158.0], [689.0, 35.0], [390.0, 536.5285714285715], [371.0, 536.5285714285715], [121.0, 156.0], [121.0, 34.0], [455.0, 536.5294117647059], [437.0, 536.5294117647059], [593.0, 77.0], [593.0, 35.0], [206.15686274509804, 82.0], [206.15686274509804, 35.0], [52.0, 160.01123595505618], [22.0, 160.01123595505618], [804.0, 160.0095238095238], [768.0, 160.0095238095238], [751.0, 448.0], [735.0, 448.0], [108.0, 537.0], [804.0, 447.9756097560976], [790.0, 447.9756097560976], [264.0, 32.0], [235.0, 32.0], [670.0, 537.0], [654.0, 537.0], [36.0, 448.0], [22.0, 448.0], [76.0, 448.0], [184.0, 448.0], [172.0, 448.0], [235.0, 84.0], [51.0, 32.49171270718232], [735.0, 536.0], [718.0, 536.5263157894736], [172.0, 536.0], [156.0, 536.5555555555555]]}