{"weights": [[1.25, 1.0], [1.25, 1.25], [0.75], [0.75], [1.5, 1.55], [1.5], [4.0], [4.0], [1.0], [1.25], [7.050000000000006], [7.050000000000006], [1.15], [1.15], [1.35], [1.35], [1.5], [1.5], [3.6], [3.6], [0.95], [0.95], [2.1], [2.1], [1.0], [1.0], [1.25], [1.25], [1.55, 1.2], [1.2]], "edges": [[1, 8], [0, 9], [3], [2], [5, 28], [4], [7], [6], [0], [1], [11], [10], [13], [12], [15], [14], [17], [16], [19], [18], [21], [20], [23], [22], [25], [24], [27], [26], [4, 29], [28]], "vertices": [[267.0, 390.0], [267.0, 24.0], [393.0, 390.49532710280374], [339.0, 390.49532710280374], [564.0, 24.0], [387.0, 24.0], [436.0, 187.5], [386.0, 187.5], [295.0, 390.0], [288.0, 24.0], [505.97109826589593, 305.0], [505.97109826589593, 245.0], [562.0, 186.16564417177915], [485.0, 186.16564417177915], [561.0, 276.21804511278197], [507.0, 276.21804511278197], [561.0, 69.0], [522.0, 69.0], [505.9830508474576, 207.0], [505.9830508474576, 187.0], [398.5057471264368, 70.0], [398.5057471264368, 26.0], [439.0, 70.0], [439.0, 26.0], [501.0, 390.5], [437.0, 390.5], [344.0, 24.026315789473685], [331.0, 24.026315789473685], [564.0, 390.0], [535.0, 390.5]]}