{"vertices": [[809.0041122399613, 540.0], [809.0041122399613, 309.0], [809.0041122399613, 259.0], [809.0041122399613, 29.0], [16.99806669888835, 260.0], [16.99806669888835, 29.0], [16.99806669888835, 540.0], [16.99806669888835, 311.0], [234.50544135429263, 192.0], [234.50544135429263, 124.0], [234.50544135429263, 530.0], [234.50544135429263, 234.0], [593.0, 171.0], [593.0, 117.0], [593.0, 530.0], [593.0, 214.0], [593.0, 77.0], [593.0, 35.0], [776.0, 32.491492464754494], [529.0, 32.491492464754494], [431.0, 32.491492464754494], [363.0, 32.491492464754494], [264.0, 32.0], [235.0, 32.0], [232.0, 159.4696132596685], [92.0, 159.4696132596685], [729.0, 159.4696132596685], [595.0, 159.4696132596685], [52.0, 159.4696132596685], [22.0, 159.4696132596685], [804.0, 159.4696132596685], [768.0, 159.4696132596685], [92.0, 537.0], [92.0, 448.0], [653.996336996337, 537.0], [653.996336996337, 447.0], [689.0, 158.0], [689.0, 35.0], [390.0, 536.5320334261838], [371.0, 536.5320334261838], [455.0, 536.5320334261838], [437.0, 536.5320334261838], [108.0, 537.0], [670.0, 537.0], [654.0, 537.0], [121.0, 156.0], [121.0, 34.0], [206.15686274509804, 82.0], [206.15686274509804, 35.0], [751.0, 448.0], [735.0, 448.0], [804.0, 447.9942196531792], [790.0, 447.9942196531792], [36.0, 447.9942196531792], [22.0, 447.9942196531792], [92.0, 447.9942196531792], [76.0, 447.9942196531792], [184.0, 448.0], [172.0, 448.0], [235.0, 84.0], [51.0, 32.491492464754494], [718.0, 536.5320334261838], [735.0, 536.0], [156.0, 536.5320334261838], [172.0, 536.0]], "weights": [[4.25], [4.25], [4.25], [4.25], [4.25], [4.25], [4.25], [4.25], [1.75], [1.75], [1.75], [1.75], [1.5], [1.5], [1.5], [1.5], [1.5], [1.5], [5.949999999999999], [5.949999999999999], [1.75], [1.75], [1.85], [1.85, 1.75, 1.75], [2.05], [2.05], [1.5], [1.5], [1.35], [1.35], [1.35], [1.35], [1.25, 1.75], [1.25], [1.35], [1.35], [1.5], [1.5], [1.05], [1.05], [1.95], [1.95], [1.75], [1.65], [1.65], [1.5], [1.5], [1.45], [1.45], [1.25], [1.25, 1.25], [1.65], [1.65], [1.25], [1.25], [1.25], [1.25], [1.25], [1.25, 2.75], [1.75], [1.75], [1.85], [1.85, 1.25], [1.65], [1.65, 2.75]], "edges": [[1], [0], [3], [2], [5], [4], [7], [6], [9], [8], [11], [10], [13], [12], [15], [14], [17], [16], [19], [18], [21], [20], [23], [22, 59, 60], [25], [24], [27], [26], [29], [28], [31], [30], [33, 42], [32], [35], [34], [37], [36], [39], [38], [41], [40], [32], [44], [43], [46], [45], [48], [47], [50], [49, 62], [52], [51], [54], [53], [56], [55], [58], [57, 64], [23], [23], [62], [61, 50], [64], [63, 58]]}