{"vertices": [[524.0, 470.0], [139.0, 470.0], [619.0, 410.0], [619.0, 138.0], [155.0, 236.0], [155.0, 19.0], [572.0, 409.03014416775886], [321.0, 409.03014416775886], [94.0, 326.0], [94.0, 185.0], [139.0, 326.0], [176.0, 326.0], [155.0, 326.0], [387.0, 138.0], [387.0, 42.0], [323.0, 138.0], [554.0, 138.0], [220.00645161290322, 376.0], [220.00645161290322, 325.0], [220.00645161290322, 468.0], [220.00645161290322, 415.0], [554.0, 42.0], [428.0, 42.0], [554.0, 41.995670995671], [513.0, 41.995670995671], [153.0, 185.0], [195.0, 19.0], [524.0, 412.0], [154.99876390605687, 275.0], [154.0, 326.0], [270.0, 326.03790087463557], [322.0, 326.0], [281.0, 19.00873362445415], [322.0, 19.0]], "weights": [[1.35, 1.6], [1.35, 2.85], [1.5], [1.5, 1.5], [1.25], [1.25, 1.25], [1.25], [1.25], [7.25, 1.25], [7.25, 1.5], [1.25, 2.85, 1.25], [1.35], [1.35], [1.25, 1.5], [1.25, 1.25], [1.5], [1.5, 1.25], [1.25], [1.25], [1.35], [1.35], [1.25], [1.25], [1.25], [1.25], [1.5], [1.25], [1.6], [1.5], [1.5, 1.25], [1.15], [1.15, 1.0], [1.25], [1.25, 1.0]], "edges": [[1, 27], [0, 10], [3], [2, 16], [5], [4, 26], [7], [6], [9, 10], [8, 25], [8, 1, 29], [12], [11], [14, 15], [13, 22], [13], [3, 21], [18], [17], [20], [19], [16], [14], [24], [23], [9], [5], [0], [29], [28, 10], [31], [30, 33], [33], [32, 31]]}