{"weights": [[1.25, 1.5], [1.25, 2.75], [1.5], [1.5, 1.6], [1.5], [1.5, 1.25], [1.25], [1.25], [1.25, 1.5], [1.25, 1.6], [1.8, 1.5, 1.7], [1.8], [2.75, 1.5, 1.7], [1.25, 1.5], [1.25, 1.5], [1.5], [1.6, 1.25], [2.3], [2.3], [1.25], [1.25], [1.25], [1.5], [1.6], [1.25], [1.25], [1.25], [1.5], [1.5], [1.55], [1.55, 1.1], [1.35], [1.35, 1.1]], "edges": [[1, 28], [0, 12], [3], [2, 16], [5], [4, 26], [7], [6], [9, 12], [8, 23], [11, 27, 12], [10], [1, 8, 10], [14, 15], [13, 22], [13], [3, 19], [18], [17], [16], [21], [20], [14], [9], [25], [24], [5], [10], [0], [30], [29, 32], [32], [31, 30]], "vertices": [[524.0, 470.0], [139.0, 470.0], [619.0, 410.0], [619.0, 138.0], [155.0, 236.0], [155.0, 19.0], [572.0, 409.03014416775886], [321.0, 409.03014416775886], [94.0, 326.0], [94.0, 185.0], [155.0, 326.0], [155.0, 275.0], [139.0, 326.0], [387.0, 138.0], [387.0, 42.0], [323.0, 138.0], [554.0, 138.0], [220.0065789473684, 376.0], [220.0065789473684, 325.0], [554.0, 42.0], [220.00632911392404, 468.0], [220.00632911392404, 415.0], [428.0, 42.0], [153.0, 185.0], [554.0, 41.991379310344826], [513.0, 41.991379310344826], [195.0, 19.0], [176.0, 326.0], [524.0, 412.0], [270.0, 326.0198675496689], [322.0, 326.0], [281.0, 19.00862068965517], [322.0, 19.0]]}