{"weights": [[0.75], [0.75, 0.95], [0.55], [0.55], [1.05], [1.05], [0.5], [0.5], [0.5], [0.5], [4.25], [4.25], [1.5], [1.5], [1.0], [1.0], [0.8], [0.8], [1.5], [1.5], [0.95], [1.5], [1.5], [8.1], [8.1], [0.5], [0.5], [0.5], [0.5], [1.5], [1.5], [0.5], [0.5], [1.2], [1.2], [0.6], [0.6], [0.7], [0.7], [0.75], [0.75], [4.55], [4.55], [0.7], [0.7], [0.5], [0.5], [1.0], [1.0], [0.5], [0.5], [2.3], [2.3], [0.5], [0.5]], "edges": [[1], [0, 20], [3], [2], [5], [4], [7], [6], [9], [8], [11], [10], [13], [12], [15], [14], [17], [16], [19], [18], [1], [22], [21], [24], [23], [26], [25], [28], [27], [30], [29], [32], [31], [34], [33], [36], [35], [38], [37], [40], [39], [42], [41], [44], [43], [46], [45], [48], [47], [50], [49], [52], [51], [54], [53]], "vertices": [[271.0, 432.0], [271.0, 292.0], [612.3062827225131, 430.0], [612.3062827225131, 165.0], [511.0, 290.9304347826087], [429.0, 290.9304347826087], [486.0, 115.0], [486.0, 92.0], [191.0, 473.0], [143.0, 473.0], [382.0, 435.6453201970443], [354.0, 435.6453201970443], [190.0, 74.97784810126582], [138.0, 74.97784810126582], [270.5, 254.0], [270.5, 228.0], [357.0, 291.51428571428573], [339.0, 291.51428571428573], [473.0, 445.4228855721393], [456.0, 445.4228855721393], [304.0, 292.0], [371.0, 446.5], [354.0, 446.5], [476.0, 434.73493975903614], [451.0, 434.73493975903614], [486.0, 195.0], [486.0, 176.0], [354.0, 363.0], [354.0, 321.0], [192.0, 88.40366972477064], [178.0, 88.40366972477064], [393.0, 92.0], [365.0, 92.0], [611.0, 290.5], [577.0, 290.5], [109.0, 473.0], [64.0, 473.0], [271.0, 472.0], [237.0, 472.0], [298.0, 391.468085106383], [273.0, 391.468085106383], [151.0, 88.75806451612904], [127.0, 88.75806451612904], [62.0, 279.0], [62.0, 263.0], [499.0, 132.0], [486.0, 132.0], [73.0, 93.0], [63.0, 93.0], [354.0, 410.0], [354.0, 390.0], [440.5, 336.0], [440.5, 326.0], [611.0, 132.0], [598.0, 132.0]]}