{"weights": [[1.5], [1.5], [2.0], [2.0], [1.0], [1.0], [1.0], [1.0], [2.75], [2.75, 0.8, 1.1], [0.75], [0.75], [0.75], [0.75], [0.8], [1.0], [1.0], [1.0], [1.0], [1.0], [1.0], [3.35], [3.35, 0.85], [4.85], [4.85], [0.85], [0.8], [0.8], [0.75], [0.75], [0.75], [0.75], [1.0], [1.0], [1.0], [1.0], [1.5], [1.5], [1.3], [1.3], [1.0], [1.0], [1.5], [1.5], [0.7], [0.7], [2.0], [2.0], [1.1], [0.75], [0.75, 0.85], [0.85], [0.75], [0.75, 0.75], [0.75], [0.75], [0.75, 0.75], [0.75]], "edges": [[1], [0], [3], [2], [5], [4], [7], [6], [9], [8, 14, 48], [11], [10], [13], [12], [9], [16], [15], [18], [17], [20], [19], [22], [21, 25], [24], [23], [22], [27], [26], [29], [28], [31], [30], [33], [32], [35], [34], [37], [36], [39], [38], [41], [40], [43], [42], [45], [44], [47], [46], [9], [50], [49, 51], [50], [53], [52, 54], [53], [56], [55, 57], [56]], "vertices": [[622.0, 61.48854961832061], [555.0, 61.48854961832061], [438.0, 236.5011169024572], [102.0, 236.5011169024572], [657.0, 413.5], [614.0, 413.5], [597.5, 165.0], [597.5, 62.0], [623.0, 236.0], [530.0, 236.0], [382.0, 61.49520766773163], [224.0, 61.49520766773163], [437.491935483871, 373.0], [437.491935483871, 310.0], [530.0, 356.0], [436.0, 344.5], [363.0, 344.5], [438.0, 267.5], [398.0, 267.5], [472.0, 413.5], [428.0, 413.5], [100.0, 129.0], [100.0, 61.0], [78.67964601769911, 178.0], [78.67964601769911, 121.0], [127.0, 61.0], [486.0, 301.0], [486.0, 212.0], [572.0, 413.5090909090909], [544.0, 413.5090909090909], [513.0, 61.49514563106796], [461.0, 61.49514563106796], [597.5, 234.0], [597.5, 202.0], [399.0, 413.5], [364.0, 413.5], [88.40845070422536, 178.0], [88.40845070422536, 165.0], [731.0, 61.5], [705.0, 61.5], [407.5, 266.0], [407.5, 239.0], [86.0, 133.0], [86.0, 122.0], [362.0, 272.0], [362.0, 239.0], [730.0, 236.5], [705.0, 236.5], [530.0, 212.0], [731.0, 62.0], [731.0, 413.0], [699.0, 413.5081967213115], [100.1444921316166, 167.0], [100.0, 499.0], [121.0, 499.0], [362.31654676258995, 310.0], [362.0, 499.0], [342.0, 499.4864864864865]]}