{"vertices": [[100.0, 129.0], [100.0, 61.0], [622.0, 61.49302325581395], [555.0, 61.49302325581395], [382.0, 61.49302325581395], [224.0, 61.49302325581395], [127.0, 61.0], [513.0, 61.49302325581395], [461.0, 61.49302325581395], [438.0, 236.49917264202978], [102.0, 236.49917264202978], [623.0, 236.0], [530.0, 236.0], [730.0, 236.49917264202978], [705.0, 236.49917264202978], [657.0, 413.5027777777778], [614.0, 413.5027777777778], [472.0, 413.5027777777778], [428.0, 413.5027777777778], [572.0, 413.5027777777778], [544.0, 413.5027777777778], [399.0, 413.5027777777778], [364.0, 413.5027777777778], [362.2829581993569, 272.0], [362.2829581993569, 239.0], [597.5, 165.0], [597.5, 62.0], [597.5, 234.0], [597.5, 202.0], [437.491935483871, 373.0], [437.491935483871, 310.0], [530.0, 356.0], [530.0, 212.0], [438.0, 267.5], [398.0, 267.5], [78.67964601769911, 178.0], [78.67964601769911, 121.0], [486.0, 301.0], [486.0, 212.0], [88.08536585365853, 178.0], [88.08536585365853, 165.0], [88.08536585365853, 133.0], [88.08536585365853, 122.0], [407.5, 266.0], [407.5, 239.0], [705.0, 61.49302325581395], [731.0, 61.0], [100.18601895734596, 167.0], [100.0, 499.0], [121.0, 499.0], [699.0, 413.5027777777778], [731.0, 413.0], [342.0, 499.4864864864865], [362.0, 499.0], [436.0, 344.5], [363.0, 344.0], [362.2829581993569, 310.0]], "weights": [[0.75], [0.75, 0.75], [0.75], [0.75], [0.75], [0.75], [0.75], [0.75], [0.75], [2.0], [2.0], [2.2], [2.2, 0.7, 1.1], [2.0], [2.0], [0.75], [0.75], [0.75], [0.75], [0.75], [0.75], [0.75], [0.75], [0.95], [0.95], [1.0], [1.0], [1.0], [1.0], [0.95], [0.95], [0.7], [1.1], [4.2], [4.2], [5.55], [5.55], [0.8], [0.8], [1.5], [1.5], [6.85], [6.85], [1.0], [1.0], [0.95], [0.95, 1.1], [0.75], [0.75, 0.75], [0.75], [0.75], [0.75, 1.1], [0.85], [0.85, 0.65], [1.0], [1.0, 0.65, 0.65], [0.65]], "edges": [[1], [0, 6], [3], [2], [5], [4], [1], [8], [7], [10], [9], [12], [11, 31, 32], [14], [13], [16], [15], [18], [17], [20], [19], [22], [21], [24], [23], [26], [25], [28], [27], [30], [29], [12], [12], [34], [33], [36], [35], [38], [37], [40], [39], [42], [41], [44], [43], [46], [45, 51], [48], [47, 49], [48], [51], [50, 46], [53], [52, 55], [55], [54, 56, 53], [55]]}