{"vertices": [[271.0, 432.0], [271.0, 291.0], [270.9268292682927, 254.0], [270.9268292682927, 228.0], [612.3062827225131, 430.0], [612.3062827225131, 165.0], [511.0, 291.0681265206813], [429.0, 291.0681265206813], [357.0, 291.0681265206813], [339.0, 291.0681265206813], [304.0, 291.0], [611.0, 291.0681265206813], [577.0, 291.0681265206813], [486.0, 115.0], [486.0, 92.0], [486.0, 195.0], [486.0, 176.0], [191.0, 472.73228346456693], [143.0, 472.73228346456693], [109.0, 472.73228346456693], [64.0, 472.73228346456693], [271.0, 472.73228346456693], [237.0, 472.73228346456693], [382.0, 435.6799007444169], [354.0, 435.6799007444169], [476.0, 435.6799007444169], [451.0, 435.6799007444169], [190.0, 74.97784810126582], [138.0, 74.97784810126582], [473.0, 446.46290801186944], [456.0, 446.46290801186944], [371.0, 446.46290801186944], [354.0, 446.46290801186944], [354.0, 363.0], [354.0, 321.0], [354.0, 410.0], [354.0, 390.0], [192.0, 89.1070110701107], [178.0, 89.1070110701107], [393.0, 89.1070110701107], [365.0, 89.1070110701107], [151.0, 89.1070110701107], [127.0, 89.1070110701107], [73.0, 89.1070110701107], [63.0, 89.1070110701107], [298.0, 391.468085106383], [273.0, 391.468085106383], [62.0, 279.0], [62.0, 263.0], [499.0, 132.0], [486.0, 132.0], [611.0, 132.0], [598.0, 132.0], [440.5, 336.0], [440.5, 326.0]], "weights": [[0.9], [0.9, 1.25], [0.85], [0.85], [0.6], [0.6], [1.2], [1.2], [1.0], [1.0], [1.25], [0.5], [0.5], [0.8], [0.8], [0.6], [0.6], [0.5], [0.5], [0.5], [0.5], [0.5], [0.5], [6.35], [6.35], [5.75], [5.75], [7.15], [7.15], [1.5], [1.5], [1.5], [1.5], [0.9], [0.9], [0.5], [0.5], [7.4], [7.4], [0.25], [0.25], [4.95], [4.95], [0.25], [0.25], [0.75], [0.75], [0.9], [0.9], [1.2], [1.2], [0.6], [0.6], [2.8], [2.8]], "edges": [[1], [0, 10], [3], [2], [5], [4], [7], [6], [9], [8], [1], [12], [11], [14], [13], [16], [15], [18], [17], [20], [19], [22], [21], [24], [23], [26], [25], [28], [27], [30], [29], [32], [31], [34], [33], [36], [35], [38], [37], [40], [39], [42], [41], [44], [43], [46], [45], [48], [47], [50], [49], [52], [51], [54], [53]]}