{"weights": [[2.0, 2.0], [2.0, 2.5], [0.95], [0.95, 2.3], [2.75], [2.75, 1.9], [2.55, 1.2], [2.55, 1.35], [0.65, 0.7999999999999863], [0.65], [1.45], [1.45, 1.0], [2.1], [2.1, 1.5], [1.5], [1.5], [1.35], [1.5], [1.5], [2.5], [1.0], [1.5], [1.5], [2.3], [1.1], [1.1], [0.7999999999999863, 1.0], [1.0], [1.0], [1.85], [1.85], [2.6], [2.6], [0.95], [0.95], [1.5], [1.5], [1.55], [1.55], [3.4], [3.4], [1.75], [1.75], [2.15], [2.15], [2.0], [2.0, 1.8], [1.8], [1.5, 3.05], [3.05], [1.2, 4.6], [1.5], [1.5, 2.0], [1.0, 1.1, 1.75], [1.0], [1.0, 1.1], [1.1], [1.1], [1.75], [1.9, 4.6]], "edges": [[1, 52], [0, 19], [3], [2, 23], [5], [4, 59], [7, 50], [6, 16], [9, 26], [8], [11], [10, 20], [13], [12, 48], [15], [14], [7], [18], [17], [1], [11], [22], [21], [3], [25], [24], [8, 53], [28], [27], [30], [29], [32], [31], [34], [33], [36], [35], [38], [37], [40], [39], [42], [41], [44], [43], [46], [45, 47], [46], [13, 49], [48], [6, 59], [52], [51, 0], [26, 57, 58], [55], [54, 56], [55], [53], [53], [5, 50]], "vertices": [[646.0, 102.0], [205.0, 102.0], [394.0, 278.0], [205.0, 278.0], [773.0, 287.0], [562.0, 287.0], [496.0, 278.0], [437.0, 278.0], [497.0, 228.0], [372.0, 228.0], [411.0, 172.0], [371.0, 172.0], [555.0, 452.0], [555.0, 363.0], [704.0, 143.6335740072202], [644.0, 143.6335740072202], [437.0, 321.0], [437.5, 363.0], [437.5, 358.0], [205.0, 139.0], [371.0, 228.0], [685.0, 154.7020725388601], [644.0, 154.7020725388601], [205.0, 241.0], [524.5, 140.0], [524.5, 104.0], [524.0, 201.0], [437.5, 449.0], [437.5, 405.0], [240.51973684210526, 318.0], [240.51973684210526, 279.0], [805.375, 243.0], [805.375, 226.0], [404.48936170212767, 128.0], [404.48936170212767, 104.0], [672.0, 161.0], [645.0, 161.0], [776.0, 277.0857142857143], [762.0, 277.0857142857143], [805.0, 192.0], [805.0, 177.0], [371.4909090909091, 132.0], [371.4909090909091, 104.0], [775.0, 140.3846153846154], [757.0, 140.3846153846154], [554.0, 452.0], [240.0, 452.0], [240.5, 419.0], [644.0, 363.0], [644.4186046511628, 291.0], [496.0, 310.0], [770.0, 133.0], [646.0, 133.0], [524.0, 171.0], [504.0, 449.0], [504.0, 363.0], [438.0, 363.0], [524.5, 150.0], [448.0, 171.0777027027027], [562.0, 310.0]]}