{"vertices": [[645.0, 102.0], [205.0, 102.0], [776.0, 281.75706646294884], [562.0, 281.75706646294884], [501.0, 282.0], [437.0, 282.0], [753.0, 288.96173469387753], [629.0, 288.96173469387753], [576.0, 289.0], [555.0, 289.0], [411.0, 171.0], [372.0, 171.0], [555.0, 310.0], [501.0, 310.0], [770.0, 133.0], [645.0, 133.0], [501.0, 449.0], [501.0, 363.0], [704.0, 143.35478547854785], [644.0, 143.35478547854785], [775.0, 143.35478547854785], [757.0, 143.35478547854785], [437.0, 321.0], [437.4728260869565, 449.0], [437.4728260869565, 405.0], [205.0, 139.0], [205.0, 282.0], [205.0, 241.0], [371.49693251533745, 132.0], [371.49693251533745, 104.0], [685.0, 154.7020725388601], [644.0, 154.7020725388601], [524.4905660377359, 140.0], [524.4905660377359, 104.0], [524.4905660377359, 171.0], [524.4905660377359, 150.0], [497.0, 228.0], [524.0, 201.0], [240.51111111111112, 452.0], [240.51111111111112, 419.0], [805.2068965517242, 243.0], [805.2068965517242, 226.0], [805.2068965517242, 192.0], [805.2068965517242, 177.0], [404.48936170212767, 128.0], [404.48936170212767, 104.0], [672.0, 161.0], [645.0, 161.0], [241.0, 452.0], [555.0, 452.0], [555.2826086956521, 366.0], [240.0, 282.0], [547.0, 363.1713747645951], [644.0, 363.0], [644.6091954022988, 291.0], [437.0, 363.0], [437.4728260869565, 358.0], [372.0, 228.0], [448.0, 171.3783068783069], [524.0, 171.0], [394.0, 282.0], [241.0, 282.0], [240.51111111111112, 318.0]], "weights": [[5.500000000000002, 1.85], [5.500000000000002, 2.5], [0.25], [0.25], [2.55, 0.25], [2.55, 2.75], [1.5], [1.5], [3.45], [3.45, 0.25], [0.85], [0.85, 0.85], [4.6, 0.25], [4.6, 0.25], [4.25], [4.25, 1.85], [0.25], [0.25, 0.5], [1.5], [1.5], [1.65], [1.65], [2.75], [0.75], [0.75], [2.5], [2.5, 0.25], [2.5], [0.75], [0.75], [1.5], [1.5], [1.05], [1.05], [0.85], [0.85], [0.8000000000000025, 0.6], [0.8000000000000025, 0.95], [1.6], [1.6], [2.85], [2.85], [3.15], [3.15], [1.7], [1.7], [1.5], [1.5], [2.2], [2.2, 1.75], [1.75], [0.25], [1.5], [1.5, 2.75], [2.75], [0.5, 1.35], [1.35], [0.6, 0.85], [1.75], [1.75, 0.95], [0.25], [0.25, 1.95], [1.95]], "edges": [[1, 15], [0, 25], [3], [2], [5, 13], [4, 22], [7], [6], [9], [8, 12], [11], [10, 57], [13, 9], [12, 4], [15], [14, 0], [17], [16, 55], [19], [18], [21], [20], [5], [24], [23], [1], [27, 51], [26], [29], [28], [31], [30], [33], [32], [35], [34], [37, 57], [36, 59], [39], [38], [41], [40], [43], [42], [45], [44], [47], [46], [49], [48, 50], [49], [26], [53], [52, 54], [53], [17, 56], [55], [36, 11], [59], [58, 37], [61], [60, 62], [61]]}