{"weights": [[0.3], [0.3], [0.6], [0.6], [0.5, 0.5], [0.5, 0.5], [0.8], [0.8], [1.9], [1.9], [0.5, 0.5], [0.5], [1.95], [1.95], [1.95], [1.95], [5.05], [5.05, 0.5], [0.75], [0.75], [0.75], [0.75], [2.7], [2.7], [1.55], [1.55, 0.6], [5.55], [5.55], [0.7], [0.7, 0.7], [0.5], [0.75], [0.75, 0.8], [0.85], [0.85], [1.5, 5.4], [1.5, 6.450000000000003], [0.5], [0.5], [1.0], [1.0], [1.5], [1.5, 5.15], [0.7], [0.7, 1.35], [0.6], [6.450000000000003, 5.3], [0.5], [7.35], [7.35], [0.6], [0.6], [0.6], [0.6], [0.8], [2.9], [2.9], [2.3, 0.9500000000000057], [2.3], [5.15], [1.35], [5.4], [5.3], [0.9500000000000057], [0.7], [0.7], [0.7]], "edges": [[1], [0], [3], [2], [5, 30], [4, 17], [7], [6], [9], [8], [11, 47], [10], [13], [12], [15], [14], [17], [16, 5], [19], [18], [21], [20], [23], [22], [25], [24, 45], [27], [26], [29], [28, 64], [4], [32], [31, 54], [34], [33], [36, 61], [35, 46], [38], [37], [40], [39], [42], [41, 59], [44], [43, 60], [25], [36, 62], [10], [49], [48], [51], [50], [53], [52], [32], [56], [55], [58, 63], [57], [42], [44], [35], [46], [57], [29], [66], [65]], "vertices": [[366.0, 437.9577464788732], [323.0, 437.9577464788732], [501.0, 197.0], [501.0, 113.0], [449.0, 502.0], [449.0, 406.0], [392.0, 118.0], [392.0, 48.0], [280.10526315789474, 322.0], [280.10526315789474, 264.0], [546.0, 502.0], [546.0, 404.0], [448.0, 380.0], [448.0, 341.0], [410.0183486238532, 378.0], [410.0183486238532, 341.0], [413.0, 452.0], [413.0, 406.0], [257.51785714285717, 401.0], [257.51785714285717, 372.0], [304.0, 436.4878048780488], [283.0, 436.4878048780488], [409.0, 443.0], [392.0, 443.0], [280.0, 237.0], [280.0, 173.0], [270.9714285714286, 239.0], [270.9714285714286, 227.0], [575.0, 286.0], [501.0, 286.0], [480.0, 502.0], [575.0, 342.0], [546.0, 342.0], [469.0, 10.172413793103448], [421.0, 10.172413793103448], [454.0, 173.0], [443.0, 173.0], [501.0, 94.0], [501.0, 42.0], [361.4782608695652, 265.0], [361.4782608695652, 253.0], [346.0, 452.0], [346.0, 445.0], [258.0, 349.0], [258.0, 321.0], [304.0, 173.0], [455.0, 161.0], [516.0, 502.0], [270.9714285714286, 274.0], [270.9714285714286, 262.0], [392.0, 25.0], [392.0, 12.0], [284.0, 401.0], [272.0, 401.0], [546.0, 381.0], [411.0, 214.0], [411.0, 204.0], [354.0, 173.0], [339.0, 173.0], [361.0, 445.0], [272.0, 321.0], [454.0, 184.0], [455.0, 173.0], [366.0, 161.0], [501.0, 274.0], [270.0, 401.0], [258.0, 401.0]]}