{"weights": [[1.75], [1.75, 1.45], [1.95], [1.95], [2.0], [2.0], [5.9], [5.9], [3.05], [3.05], [6.25], [6.25], [2.7], [2.7], [6.15], [6.15], [1.8], [1.8], [3.3], [3.3], [1.3], [1.3], [2.95], [2.95], [1.75], [1.75], [5.75], [5.75, 1.95], [4.6], [4.6, 1.8], [1.0], [1.0], [1.25], [1.25], [4.05], [4.05], [0.95], [0.95], [1.25], [1.25], [1.25], [1.25], [7.75], [7.75, 2.05], [3.2], [3.2], [2.65], [2.65], [1.45], [2.95], [2.95], [1.7], [1.7], [4.3], [4.3], [1.8], [3.2], [3.2], [1.25], [1.25], [4.3], [4.3], [2.95], [2.95, 1.7], [1.7], [1.95, 1.3], [1.3], [3.7], [3.7, 2.05]], "edges": [[1], [0, 48], [3], [2], [5], [4], [7], [6], [9], [8], [11], [10], [13], [12], [15], [14], [17], [16], [19], [18], [21], [20], [23], [22], [25], [24], [27], [26, 65], [29], [28, 55], [31], [30], [33], [32], [35], [34], [37], [36], [39], [38], [41], [40], [43], [42, 68], [45], [44], [47], [46], [1], [50], [49], [52], [51], [54], [53], [29], [57], [56], [59], [58], [61], [60], [63], [62, 64], [63], [27, 66], [65], [68], [67, 43]], "vertices": [[164.0, 146.0], [10.0, 146.0], [344.0, 145.49197860962568], [296.0, 145.49197860962568], [301.0, 348.54901960784315], [180.0, 348.54901960784315], [51.0, 338.0], [11.0, 338.0], [489.0, 350.2881355932203], [434.0, 350.2881355932203], [198.0, 338.19081272084804], [136.0, 338.19081272084804], [139.0, 350.6111111111111], [104.0, 350.6111111111111], [324.0, 334.32732732732734], [290.0, 334.32732732732734], [545.0, 337.5208333333333], [520.0, 337.5208333333333], [221.0, 158.49372384937237], [161.0, 158.49372384937237], [221.5, 183.0], [221.5, 171.0], [332.0, 247.7071129707113], [288.0, 247.7071129707113], [83.0, 350.5037037037037], [48.0, 350.5037037037037], [543.0, 169.0], [543.0, 145.0], [403.0, 338.0], [380.0, 338.0], [367.0, 245.5], [343.0, 245.5], [543.0441176470588, 230.0], [543.0441176470588, 206.0], [219.7514450867052, 250.0], [219.7514450867052, 206.0], [159.5084745762712, 335.0], [159.5084745762712, 275.0], [10.024691358024691, 256.0], [10.024691358024691, 227.0], [10.65625, 338.0], [10.65625, 313.0], [191.0, 250.0], [191.0, 210.0], [380.0, 316.5238095238095], [373.0, 316.5238095238095], [301.49122807017545, 208.0], [301.49122807017545, 179.0], [10.0, 170.0], [330.0, 320.5744680851064], [307.0, 320.5744680851064], [412.0, 350.5], [401.0, 350.5], [379.5833333333333, 253.0], [379.5833333333333, 239.0], [380.0, 317.0], [522.0, 350.5], [511.0, 350.5], [543.0422535211268, 296.0], [543.0422535211268, 271.0], [208.5, 191.0], [208.5, 180.0], [366.0, 145.56473829201101], [454.0, 145.0], [454.5, 131.0], [504.0, 145.0], [504.5, 131.0], [209.0, 199.0], [209.0, 210.0]]}