{"vertices": [[366.0, 439.48148148148147], [323.0, 439.48148148148147], [304.0, 439.48148148148147], [283.0, 439.48148148148147], [409.0, 439.48148148148147], [392.0, 439.48148148148147], [501.0, 197.0], [501.0, 113.0], [501.0, 94.0], [501.0, 42.0], [501.0, 286.0], [501.0, 274.0], [449.0, 502.0], [449.0, 404.0], [449.13524590163934, 380.0], [449.13524590163934, 341.0], [449.0, 184.0], [449.0, 167.0], [449.13524590163934, 167.0], [449.13524590163934, 162.0], [392.0, 118.0], [392.0, 48.0], [392.0, 25.0], [392.0, 12.0], [280.16279069767444, 322.0], [280.16279069767444, 264.0], [280.0, 237.0], [280.0, 173.0], [546.0, 502.0], [546.0, 404.0], [546.0, 381.0], [546.0, 342.0], [412.0127388535032, 378.0], [412.0127388535032, 341.0], [412.0, 452.0], [412.0, 404.0], [412.0127388535032, 214.0], [412.0127388535032, 204.0], [257.5132743362832, 404.0], [257.5132743362832, 372.0], [258.0, 349.0], [258.0, 321.0], [270.9714285714286, 239.0], [270.9714285714286, 227.0], [270.9714285714286, 274.0], [270.9714285714286, 262.0], [575.0, 286.0], [480.0, 502.0], [516.0, 502.0], [575.0, 342.0], [469.0, 10.172413793103448], [421.0, 10.172413793103448], [442.0, 173.0], [304.0, 173.0], [354.0, 173.0], [339.0, 173.0], [361.4782608695652, 265.0], [361.4782608695652, 253.0], [346.5, 452.0], [346.5, 442.0], [284.0, 404.0], [270.0, 404.0], [258.0, 404.0], [455.0, 161.0], [272.0, 321.0], [366.0, 161.0]], "weights": [[0.25], [0.25], [0.25], [0.25], [0.25], [0.25], [0.7], [0.7], [0.6], [0.6], [0.5, 0.75], [0.5], [0.5, 0.5], [0.5, 0.25], [1.05], [1.05], [2.5], [2.5, 8.2, 6.8000000000000025], [5.05], [5.05], [0.7], [0.7], [1.0], [1.0], [4.2], [4.2], [0.25], [0.25, 0.5], [0.5, 0.5], [0.5], [0.8], [0.8, 0.8], [1.95], [1.95], [4.55], [4.55, 0.25], [0.35], [0.35], [0.65], [0.65], [0.7], [0.7, 1.15], [5.35], [5.35], [7.35], [7.35], [0.75], [0.5], [0.5], [0.8], [1.35], [1.35], [8.2], [0.5], [0.6, 0.500000000000004], [0.6], [0.9], [0.9], [1.5], [1.5], [0.25], [0.25, 0.25], [0.25], [6.8000000000000025], [1.15], [0.500000000000004]], "edges": [[1], [0], [3], [2], [5], [4], [7], [6], [9], [8], [11, 46], [10], [13, 47], [12, 35], [15], [14], [17], [16, 52, 63], [19], [18], [21], [20], [23], [22], [25], [24], [27], [26, 53], [29, 48], [28], [31], [30, 49], [33], [32], [35], [34, 13], [37], [36], [39], [38], [41], [40, 64], [43], [42], [45], [44], [10], [12], [28], [31], [51], [50], [17], [27], [55, 65], [54], [57], [56], [59], [58], [61], [60, 62], [61], [17], [41], [54]]}