{"weights": [[0.7], [0.7], [0.6], [0.6], [0.7], [0.7], [0.7], [0.7], [0.5], [0.5], [0.5, 0.55], [0.5], [0.5], [0.5, 0.5], [0.5], [0.5, 0.5], [1.0, 0.8], [1.0], [0.5], [0.5], [0.5], [3.5], [3.5], [1.2], [1.2], [0.7], [0.7], [0.8], [0.8], [0.5], [0.7], [0.7], [0.5], [0.5], [0.8], [0.55, 1.0], [1.0], [1.3], [1.3, 0.7], [0.7]], "edges": [[1], [0], [3], [2], [5], [4], [7], [6], [9], [8], [11, 35], [10], [13], [12, 29], [15], [14, 18], [17, 34], [16], [15], [20], [19], [22], [21], [24], [23], [26], [25], [28], [27], [13], [31], [30], [33], [32], [16], [10, 36], [35], [38], [37, 39], [38]], "vertices": [[553.0, 292.0], [553.0, 254.0], [254.0, 264.0], [254.0, 206.0], [232.59183673469389, 405.0], [232.59183673469389, 347.0], [525.0, 534.0], [478.0, 534.0], [528.0, 330.7959183673469], [488.0, 330.7959183673469], [592.0, 534.0], [545.0, 534.0], [233.0, 330.0], [233.0, 290.0], [434.0, 406.0], [421.0, 406.0], [378.0, 388.0], [363.0, 388.0], [421.0, 377.0], [478.0, 428.0], [478.0, 407.0], [350.0, 223.0], [340.0, 223.0], [284.0, 403.0], [284.0, 382.0], [552.5217391304348, 363.0], [552.5217391304348, 351.0], [553.0, 333.0], [553.0, 311.0], [252.0, 290.0], [454.0, 222.0], [454.0, 208.0], [326.0, 388.0], [314.0, 388.0], [378.0, 376.0], [592.0, 394.0], [555.0, 394.5], [553.5, 172.0], [553.0, 209.0], [542.0, 209.0]]}