{"vertices": [[164.0, 146.0], [10.0, 146.0], [344.0, 145.51666666666668], [296.0, 145.51666666666668], [301.0, 349.41421568627453], [180.0, 349.41421568627453], [489.0, 349.41421568627453], [434.0, 349.41421568627453], [139.0, 349.41421568627453], [104.0, 349.41421568627453], [83.0, 349.41421568627453], [48.0, 349.41421568627453], [412.0, 349.41421568627453], [401.0, 349.41421568627453], [522.0, 349.41421568627453], [511.0, 349.41421568627453], [198.0, 336.79748163693597], [136.0, 336.79748163693597], [324.0, 336.79748163693597], [290.0, 336.79748163693597], [545.0, 336.79748163693597], [520.0, 336.79748163693597], [403.0, 337.0], [380.0, 337.0], [221.0, 158.49372384937237], [161.0, 158.49372384937237], [219.94871794871796, 183.0], [219.94871794871796, 171.0], [219.94871794871796, 250.0], [219.94871794871796, 206.0], [332.0, 247.33797909407664], [288.0, 247.33797909407664], [367.0, 247.33797909407664], [343.0, 247.33797909407664], [543.0, 169.0], [543.0, 146.0], [543.0631067961165, 230.0], [543.0631067961165, 206.0], [543.0631067961165, 296.0], [543.0631067961165, 271.0], [159.5084745762712, 335.0], [159.5084745762712, 275.0], [10.136363636363637, 256.0], [10.136363636363637, 227.0], [10.0, 170.0], [191.0, 250.0], [191.0, 210.0], [208.6969696969697, 191.0], [208.6969696969697, 180.0], [330.0, 320.1674641148325], [307.0, 320.1674641148325], [301.49122807017545, 208.0], [301.49122807017545, 179.0], [379.8484848484849, 253.0], [379.8484848484849, 239.0], [324.0, 327.0], [306.0, 327.0], [366.0, 145.51666666666668], [454.0, 145.0], [454.5, 131.0], [504.0, 146.0], [504.5, 131.0], [51.0, 337.0], [10.0, 337.0], [10.136363636363637, 313.0], [208.6969696969697, 199.0], [208.0, 210.0], [373.0, 320.1674641148325], [380.0, 320.0]], "weights": [[1.75], [1.75, 1.15], [1.75], [1.75], [2.95], [2.95], [2.55], [2.55], [3.05], [3.05], [1.75], [1.75], [3.85], [3.85], [5.15], [5.15], [4.2], [4.2], [4.2], [4.2], [3.35], [3.35], [1.6], [1.6, 1.95], [1.75], [1.75], [1.75], [1.75], [3.15], [3.15], [1.95], [1.95], [0.5], [0.5], [1.65], [1.65, 2.95], [1.25], [1.25], [1.25], [1.25], [0.75], [0.75], [1.25], [1.25], [1.15], [4.85], [4.85, 2.25], [4.6], [4.6], [7.2], [7.2], [1.3], [1.3], [3.7], [3.7], [1.5], [1.5], [2.45], [2.45, 1.2], [1.2], [2.95, 1.7], [1.7], [1.75], [1.75, 1.25], [1.25], [6.65], [6.65, 2.25], [3.05], [3.05, 1.95]], "edges": [[1], [0, 44], [3], [2], [5], [4], [7], [6], [9], [8], [11], [10], [13], [12], [15], [14], [17], [16], [19], [18], [21], [20], [23], [22, 68], [25], [24], [27], [26], [29], [28], [31], [30], [33], [32], [35], [34, 60], [37], [36], [39], [38], [41], [40], [43], [42], [1], [46], [45, 66], [48], [47], [50], [49], [52], [51], [54], [53], [56], [55], [58], [57, 59], [58], [35, 61], [60], [63], [62, 64], [63], [66], [65, 46], [68], [67, 23]]}