{"vertices": [[592.0, 534.0], [592.0, 393.0], [553.1779141104295, 292.0], [553.1779141104295, 254.0], [553.1779141104295, 363.0], [553.1779141104295, 351.0], [553.1779141104295, 333.0], [553.1779141104295, 311.0], [254.0, 264.0], [254.0, 206.0], [232.71014492753622, 405.0], [232.71014492753622, 347.0], [233.0, 330.0], [233.0, 290.0], [525.0, 534.0], [478.0, 534.0], [545.0, 534.0], [528.0, 330.7959183673469], [488.0, 330.7959183673469], [592.0, 392.7755102040816], [555.0, 392.7755102040816], [326.0, 392.7755102040816], [314.0, 392.7755102040816], [434.0, 406.0], [421.0, 406.0], [421.0, 377.0], [478.0, 428.0], [478.0, 407.0], [350.0, 223.0], [340.0, 223.0], [284.0, 403.0], [284.0, 382.0], [252.0, 290.0], [454.0, 222.0], [454.0, 208.0], [553.1779141104295, 172.0], [553.0, 209.0], [542.0, 209.0], [363.0, 392.7755102040816], [378.0, 392.0], [378.0, 376.0]], "weights": [[0.6, 0.5], [0.6], [0.5], [0.5], [0.5], [0.5], [0.5], [0.5], [0.5], [0.5], [0.75], [0.75], [0.5], [0.5, 0.5], [0.5], [0.5], [0.5], [0.5], [0.5], [0.25], [0.25], [0.25], [0.25], [0.5], [0.5, 0.6], [0.6], [0.7], [0.7], [3.6], [3.6], [1.1], [1.1], [0.5], [0.6], [0.6], [0.75], [0.75, 0.5], [0.5], [0.25], [0.25, 0.7], [0.7]], "edges": [[1, 16], [0], [3], [2], [5], [4], [7], [6], [9], [8], [11], [10], [13], [12, 32], [15], [14], [0], [18], [17], [20], [19], [22], [21], [24], [23, 25], [24], [27], [26], [29], [28], [31], [30], [13], [34], [33], [36], [35, 37], [36], [39], [38, 40], [39]]}