{"weights": [[0.75, 0.8], [0.75, 1.0], [0.8], [0.6000000000000043], [0.6000000000000043], [1.0], [1.0], [1.25, 0.75], [1.25, 1.15], [0.75], [0.75], [1.05], [1.05], [1.0], [1.0, 1.5], [1.2], [1.2], [0.55], [0.55], [1.05], [1.05], [1.3], [1.3], [0.8], [0.8], [1.45], [1.45], [0.7], [0.7], [0.6], [0.6], [0.75], [0.75], [0.5], [0.5], [1.0], [1.0], [1.75], [1.75], [0.6], [0.6], [0.5], [0.5], [2.05], [2.05], [0.95], [0.95], [0.6], [0.6], [1.0], [1.25], [1.25], [1.35], [1.35], [1.2], [1.2], [1.0], [1.0], [1.0], [1.0], [0.9], [0.9], [1.0, 0.95, 0.9], [1.0], [0.6], [0.6], [0.5], [0.5], [1.2], [1.2, 0.85], [0.75], [0.85], [0.85], [0.9], [0.9], [1.5, 1.35], [1.5], [0.8], [0.8], [1.1], [1.1], [1.35, 0.55, 1.65], [0.55], [1.25], [1.25, 0.75], [0.75], [0.75, 1.0], [0.9], [0.9, 0.85], [0.85], [1.45], [1.45, 1.45, 0.85], [1.45], [1.25], [1.25, 1.2], [1.2], [5.2], [5.2, 1.0], [1.0], [1.5, 0.25], [0.25], [0.95], [0.9], [1.15, 0.8, 0.8, 1.0, 1.15], [0.8], [0.8], [1.65, 1.05], [1.05], [1.5], [1.5, 1.55], [1.55], [1.15], [1.4], [1.4, 0.75], [0.75], [0.75, 1.2], [1.2]], "edges": [[1, 2], [0, 49], [0], [4], [3], [6], [5], [8, 70], [7, 103], [10], [9], [12], [11], [14], [13, 99], [16], [15], [18], [17], [20], [19], [22], [21], [24], [23], [26], [25], [28], [27], [30], [29], [32], [31], [34], [33], [36], [35], [38], [37], [40], [39], [42], [41], [44], [43], [46], [45], [48], [47], [1], [51], [50], [53], [52], [55], [54], [57], [56], [59], [58], [61], [60], [63, 101, 102], [62], [65], [64], [67], [66], [69], [68, 91], [7], [72], [71], [74], [73], [76, 81], [75], [78], [77], [80], [79], [75, 82, 106], [81], [84], [83, 113], [86], [85, 103], [88], [87, 89], [88], [91], [90, 92, 69], [91], [94], [93, 95], [94], [97], [96, 98], [97], [14, 100], [99], [62], [62], [8, 104, 105, 86, 111], [103], [103], [81, 107], [106], [109], [108, 110], [109], [103], [113], [112, 84], [115], [114, 116], [115]], "vertices": [[548.0, 341.0], [420.0, 341.0], [548.0, 458.0], [589.0, 127.87777777777778], [530.0, 127.87777777777778], [625.0, 412.5], [550.0, 412.5], [206.0, 129.0], [46.0, 129.0], [689.0, 528.0], [548.0, 528.0], [547.0, 449.83870967741933], [511.0, 449.83870967741933], [794.0, 270.0], [689.0, 270.0], [582.5, 378.0], [582.5, 270.0], [347.62393162393164, 174.0], [347.62393162393164, 100.0], [635.4791666666666, 345.0], [635.4791666666666, 294.0], [796.0, 377.5], [777.0, 377.5], [653.0, 489.0], [653.0, 455.0], [756.0, 377.49333333333334], [718.0, 377.49333333333334], [124.5505617977528, 190.0], [124.5505617977528, 141.0], [689.0, 269.7972972972973], [629.0, 269.7972972972973], [548.5057471264367, 174.0], [548.5057471264367, 130.0], [634.0, 324.2307692307692], [584.0, 324.2307692307692], [761.5, 201.0], [761.5, 168.0], [547.5180722891566, 528.0], [547.5180722891566, 484.0], [243.66666666666666, 175.0], [243.66666666666666, 101.0], [653.0, 453.0], [653.0, 431.0], [688.0, 319.0840336134454], [636.0, 319.0840336134454], [548.506329113924, 300.0], [548.506329113924, 260.0], [368.0, 368.0], [345.0, 368.0], [420.0, 371.0], [367.0, 128.4857142857143], [349.0, 128.4857142857143], [688.0, 471.03125], [654.0, 471.03125], [761.5, 146.0], [761.5, 129.0], [284.0, 341.5], [246.0, 341.5], [761.5, 268.0], [761.5, 253.0], [71.0, 205.0], [53.0, 205.0], [796.0, 412.0], [796.0, 378.0], [796.0, 364.0], [796.0, 338.0], [151.0, 161.0], [151.0, 133.0], [368.0, 424.0], [345.0, 424.0], [206.0, 154.0], [738.5263157894736, 400.0], [738.5263157894736, 380.0], [653.0, 526.0], [653.0, 511.0], [46.0, 404.0], [46.0, 389.0], [151.0, 204.0], [151.0, 184.0], [636.0, 376.0], [636.0, 366.0], [244.0, 404.0], [244.2348484848485, 201.0], [795.757281553398, 486.0], [795.0, 528.0], [206.48936170212767, 180.0], [206.0, 205.0], [348.0, 201.0], [348.0, 341.0], [375.0, 341.0], [371.0, 450.0121951219512], [345.0, 450.0], [314.0, 450.0121951219512], [474.0, 450.0], [420.0, 450.0], [420.5, 419.0], [690.0, 431.0], [690.0, 412.0], [654.0, 412.5], [689.0, 375.0], [608.0, 375.59322033898303], [718.0, 412.4935064935065], [796.0, 457.0], [46.0, 205.0], [34.0, 205.0], [99.0, 205.0], [244.0, 450.0], [277.0, 450.0], [796.0, 310.0], [796.0, 128.0], [719.0, 127.13274336283186], [46.0, 224.0], [689.4897959183673, 453.0], [690.0, 528.0], [311.0, 341.11764705882354], [344.0, 342.0], [344.0, 368.0]]}