{"weights": [[1.4], [1.4], [1.25, 1.25], [1.25], [1.25], [1.25, 1.65], [1.65], [1.25, 1.3], [1.25], [1.5, 1.55], [1.5, 1.65], [5.35], [5.35, 1.5], [1.6, 1.6], [1.6], [1.15], [1.15], [0.6], [0.6], [1.25], [1.25], [1.25], [1.15], [1.15, 1.5], [1.35], [1.35, 1.5], [1.55], [1.25], [1.25], [1.5], [1.1], [1.1], [1.5], [1.5], [1.5], [1.6, 1.0], [1.15], [1.15], [1.25], [1.25], [1.25], [1.25], [1.15], [1.15], [0.75], [0.75], [1.15], [1.15], [1.3], [2.5], [2.5], [1.25], [1.25, 1.65], [1.65], [1.65, 1.5], [5.0], [5.0, 1.0], [1.35], [1.35, 1.35], [1.35]], "edges": [[1], [0], [3, 21], [2], [5], [4, 6], [5], [8, 48], [7], [10, 26], [9, 52], [12], [11, 34], [14, 35], [13], [16], [15], [18], [17], [20], [19], [2], [23], [22, 29], [25], [24, 54], [9], [28], [27], [23], [31], [30], [33], [32], [12], [13, 56], [37], [36], [39], [38], [41], [40], [43], [42], [45], [44], [47], [46], [7], [50], [49], [52], [51, 10], [54], [53, 25], [56], [55, 35], [58], [57, 59], [58]], "vertices": [[657.0, 254.0], [657.0, 43.0], [456.0, 543.0], [456.0, 390.0], [169.0, 172.0], [169.0, 42.0], [237.0, 42.0], [290.0, 99.0], [290.0, 42.0], [203.0, 375.0], [203.0, 291.0], [290.0, 196.0], [290.0, 166.0], [579.0, 542.0], [542.0, 542.0], [614.0452488687782, 367.0], [614.0452488687782, 290.0], [511.0, 271.0], [511.0, 207.0], [413.0, 99.05405405405405], [400.0, 99.05405405405405], [493.0, 543.0], [379.0, 390.0], [357.0, 390.0], [562.0, 43.0], [537.0, 43.0], [227.0, 375.0], [657.0, 42.98529411764706], [633.0, 42.98529411764706], [357.0, 361.0], [376.0, 99.0], [363.0, 99.0], [339.0, 99.0], [327.0, 99.0], [321.0, 166.0], [579.0, 514.0], [456.0, 389.96363636363634], [435.0, 389.96363636363634], [449.0, 99.02777777777777], [436.0, 99.02777777777777], [555.44, 353.0], [555.44, 337.0], [290.0, 41.986486486486484], [263.0, 41.986486486486484], [655.0, 180.50980392156862], [629.0, 180.50980392156862], [485.0, 99.05882352941177], [473.0, 99.05882352941177], [303.0, 99.0], [537.0, 163.0], [527.0, 163.0], [168.00714285714287, 198.0], [168.0, 291.0], [509.0, 99.27835051546391], [537.0, 99.0], [615.0232558139535, 498.0], [615.0, 514.0], [300.95348837209303, 362.0], [300.0, 375.0], [276.0, 375.61538461538464]]}