{"vertices": [[168.0, 172.0], [168.0, 42.0], [456.0, 542.0], [456.0, 390.0], [237.0, 42.0], [562.0, 42.0], [537.0, 42.0], [413.0, 99.11228070175439], [400.0, 99.11228070175439], [376.0, 99.11228070175439], [363.0, 99.11228070175439], [339.0, 99.11228070175439], [327.0, 99.11228070175439], [449.0, 99.11228070175439], [436.0, 99.11228070175439], [485.0, 99.11228070175439], [473.0, 99.11228070175439], [303.0, 99.0], [290.0, 99.0], [290.0, 196.0], [290.0, 165.0], [203.0, 375.0], [203.0, 291.0], [493.0, 542.0], [614.2045454545455, 367.0], [614.2045454545455, 290.0], [511.0, 271.0], [511.0, 207.0], [379.0, 390.0], [357.0, 390.0], [456.0, 389.9586776859504], [435.0, 389.9586776859504], [227.0, 375.0], [357.0, 361.0], [321.0, 165.0], [537.0, 165.36], [527.0, 165.36], [555.44, 353.0], [555.44, 337.0], [655.0, 180.50980392156862], [629.0, 180.50980392156862], [168.35176651305684, 198.0], [168.0, 291.0], [657.0, 254.0], [657.0, 42.0], [633.0, 42.45351473922903], [263.0, 42.45351473922903], [290.0, 42.0], [509.0, 99.11228070175439], [537.0, 99.0], [542.0, 542.4768518518518], [579.0, 542.0], [579.0, 514.0], [614.2045454545455, 498.0], [614.0, 514.0], [300.95348837209303, 362.0], [300.0, 375.0], [276.0, 375.4901960784314]], "weights": [[7.65], [7.65, 1.55], [1.25, 1.25], [1.25], [1.55], [1.25], [1.25, 1.5], [1.15], [1.15], [1.25], [1.25], [1.35], [1.35], [1.25], [1.25], [1.25], [1.25], [1.25], [1.25, 1.75], [2.55], [2.55, 2.1], [1.6, 1.55], [1.6, 1.75], [1.25], [1.85], [1.85], [0.5], [0.5], [1.25], [1.25, 1.5], [1.25], [1.25], [1.55], [1.5], [2.1], [2.6], [2.6], [0.95], [0.95], [0.75], [0.75], [1.25], [1.25, 1.75], [1.45], [1.45, 1.25], [1.25], [1.25], [1.25, 1.75], [1.65], [1.65, 1.5], [1.45], [1.45, 1.5], [1.5, 8.3], [1.45], [1.45, 8.3], [1.15], [1.15, 1.85], [1.85]], "edges": [[1], [0, 4], [3, 23], [2], [1], [6], [5, 49], [8], [7], [10], [9], [12], [11], [14], [13], [16], [15], [18], [17, 47], [20], [19, 34], [22, 32], [21, 42], [2], [25], [24], [27], [26], [29], [28, 33], [31], [30], [21], [29], [20], [36], [35], [38], [37], [40], [39], [42], [41, 22], [44], [43, 45], [44], [47], [46, 18], [49], [48, 6], [51], [50, 52], [51, 54], [54], [53, 52], [56], [55, 57], [56]]}