{"vertices": [[516.0, 252.86725663716814], [499.0, 252.86725663716814], [273.0, 252.86725663716814], [199.0, 252.86725663716814], [396.0, 253.0], [298.0, 253.0], [584.0, 252.86725663716814], [557.0, 252.86725663716814], [638.0, 252.86725663716814], [612.0, 252.86725663716814], [560.0, 252.86725663716814], [543.0, 252.86725663716814], [454.0, 252.86725663716814], [437.0, 252.86725663716814], [174.5084388185654, 479.0], [174.5084388185654, 253.0], [174.5084388185654, 500.0], [174.5084388185654, 481.0], [560.0, 20.55], [554.0, 20.55], [490.0, 21.0], [396.0, 21.0], [560.0, 320.0], [560.0, 253.0], [560.0, 59.0], [560.0, 21.0], [560.1428571428571, 499.0], [560.1428571428571, 487.0], [569.0, 500.4318181818182], [547.0, 500.4318181818182], [404.0, 500.4318181818182], [367.0, 500.4318181818182], [199.0, 500.0], [175.0, 500.0], [396.0, 323.0], [395.72206303724926, 455.0], [395.72206303724926, 392.0], [396.0, 59.0], [409.0, 59.0], [535.0, 59.0], [460.0, 59.0], [449.0, 59.0], [638.0, 447.0], [638.0, 396.0], [638.0, 273.0], [638.0, 253.0], [656.0, 303.6923076923077], [611.0, 303.6923076923077], [655.0, 396.0], [439.390625, 500.0], [439.390625, 475.0], [439.390625, 418.0], [439.390625, 404.0], [298.0, 272.0], [350.0, 275.0], [350.0, 254.0], [617.0, 500.4318181818182], [638.0, 500.0], [638.1904761904761, 479.0]], "weights": [[0.5], [0.5], [0.65], [0.65], [0.85, 1.0], [0.85, 0.5], [0.55], [0.55], [0.5], [0.5], [0.5], [0.5], [0.5], [0.5], [0.75], [0.75], [0.75], [0.75], [4.65], [4.65], [0.65], [0.65, 0.25], [0.3], [0.3], [0.25, 0.5], [0.25], [0.25], [0.25], [1.0], [1.0], [0.7], [0.7], [0.85], [0.85], [1.0], [0.9], [0.9], [0.25, 0.5], [0.5], [0.5], [0.5], [0.5], [1.0], [1.0, 0.7], [0.85], [0.85], [0.8], [0.8], [0.7], [0.75], [0.75], [0.75], [0.75], [0.5], [0.7], [0.7], [0.75], [0.75, 0.6], [0.6]], "edges": [[1], [0], [3], [2], [5, 34], [4, 53], [7], [6], [9], [8], [11], [10], [13], [12], [15], [14], [17], [16], [19], [18], [21], [20, 37], [23], [22], [25, 39], [24], [27], [26], [29], [28], [31], [30], [33], [32], [4], [36], [35], [21, 38], [37], [24], [41], [40], [43], [42, 48], [45], [44], [47], [46], [43], [50], [49], [52], [51], [5], [55], [54], [57], [56, 58], [57]]}