{"weights": [[0.6], [0.6], [0.65], [0.65], [5.2, 0.9], [5.2], [0.65], [0.65, 1.1], [1.9], [1.9, 0.55, 0.6], [0.6], [0.6], [1.25], [1.25], [0.75], [0.75], [1.3], [1.3, 0.55], [0.6], [0.6, 0.9], [0.55, 0.5], [0.55], [0.5], [0.5], [0.9, 0.8], [0.6], [0.6], [0.9], [1.3], [1.3], [0.5], [0.8], [0.6], [0.7], [0.7], [0.6], [0.6], [1.2, 1.1], [1.2], [1.3], [1.3], [1.1], [0.5], [0.5], [0.6], [0.6], [1.0], [1.0, 1.1], [0.85], [0.85, 1.1], [1.1], [1.0], [1.0, 0.7], [0.7]], "edges": [[1], [0], [3], [2], [5, 24], [4], [7], [6, 47], [9], [8, 21, 32], [11], [10], [13], [12], [15], [14], [17], [16, 20], [19], [18, 27], [17, 30], [9], [23], [22], [4, 31], [26], [25], [19], [29], [28], [20], [24], [9], [34], [33], [36], [35], [38, 41], [37], [40], [39], [37], [43], [42], [45], [44], [47], [46, 7], [49], [48, 50], [49], [52], [51, 53], [52]], "vertices": [[516.0, 253.0], [499.0, 253.0], [174.50921658986175, 479.0], [174.50921658986175, 253.0], [565.0, 20.0], [554.0, 20.0], [490.0, 21.0], [392.0, 21.0], [556.0, 320.0], [556.0, 253.0], [273.0, 252.69158878504672], [199.0, 252.69158878504672], [569.0, 500.4878048780488], [547.0, 500.4878048780488], [404.0, 500.4852941176471], [367.0, 500.4852941176471], [396.0, 323.0], [396.0, 253.0], [638.0, 447.0], [638.0, 396.0], [298.0, 253.0], [584.0, 253.0], [398.0, 455.0], [398.0, 392.0], [565.0, 59.0], [656.0, 303.6923076923077], [611.0, 303.6923076923077], [655.0, 396.0], [439.5, 500.0], [439.5, 475.0], [298.0, 272.0], [535.0, 59.0], [543.0, 253.0], [439.0, 418.0], [439.0, 404.0], [454.0, 253.0], [437.0, 253.0], [638.0, 500.0], [617.0, 500.0], [350.0, 275.0], [350.0, 254.0], [638.0, 479.0], [556.0, 499.0], [556.0, 487.0], [460.0, 59.0], [449.0, 59.0], [409.0, 59.0], [392.0, 59.0], [639.0, 273.0], [639.0, 253.0], [612.0, 253.31578947368422], [174.5, 481.0], [174.0, 501.0], [199.0, 501.0]]}