{"weights": [[0.85, 1.2], [0.85, 0.75], [1.3], [1.3], [6.75], [6.75, 1.35], [0.8], [0.8], [0.85], [0.85], [2.25], [2.25], [0.65], [0.65], [0.9], [0.9], [1.25, 1.25], [1.25, 0.8], [0.9], [0.9], [1.5], [1.5, 0.7, 1.05], [0.75], [0.7], [0.7], [0.7], [0.95], [0.95], [2.15], [2.15], [8.0], [8.0], [0.75], [0.75], [1.05, 0.75, 0.85], [1.35], [1.05], [1.05], [1.5], [1.5], [0.7], [0.7], [1.2], [1.25, 1.1], [2.8, 1.5], [2.8], [1.0], [1.0], [1.7], [1.7], [0.85], [0.85], [1.5], [1.5], [0.85], [0.85], [0.7], [0.7], [1.2], [1.2], [1.45], [1.45], [1.5], [1.55], [1.55], [1.25], [1.25], [0.95], [0.95], [1.1], [1.1], [1.1], [1.6], [1.6, 1.05], [1.5], [1.5], [0.8], [1.4], [1.4, 1.5], [1.5], [0.85], [0.85, 1.55], [1.55], [0.75], [0.75, 1.05], [1.05], [0.75], [0.85], [1.05], [1.05, 1.0], [1.0], [1.05], [1.05, 0.65], [0.65], [1.75], [1.75, 1.7], [1.7], [0.8], [0.8, 1.1], [1.1], [0.95], [0.95, 0.75], [0.75], [3.55], [3.55, 0.7000000000000056], [0.7000000000000056], [1.05, 0.8], [0.8]], "edges": [[1, 42], [0, 22], [3], [2], [5], [4, 35], [7], [6], [9], [8], [11], [10], [13], [12], [15], [14], [17, 43], [16, 76], [19], [18], [21], [20, 23, 34], [1], [21], [25], [24], [27], [26], [29], [28], [31], [30], [33], [32], [21, 86, 87], [5], [37], [36], [39], [38], [41], [40], [0], [16, 69], [45, 62], [44], [47], [46], [49], [48], [51], [50], [53], [52], [55], [54], [57], [56], [59], [58], [61], [60], [44], [64], [63], [66], [65], [68], [67], [43], [71], [70], [73], [72, 106], [75], [74], [17], [78], [77, 79], [78], [81], [80, 82], [81], [84], [83, 85], [84], [34], [34], [89], [88, 90], [89], [92], [91, 93], [92], [95], [94, 96], [95], [98], [97, 99], [98], [101], [100, 102], [101], [104], [103, 105], [104], [73, 107], [106]], "vertices": [[8.0, 472.0], [8.0, 368.0], [456.0, 183.12666666666667], [407.0, 183.12666666666667], [152.0, 215.0], [152.0, 91.0], [149.34939759036143, 421.0], [149.34939759036143, 367.0], [8.668316831683168, 338.0], [8.668316831683168, 233.0], [275.0, 284.0], [170.0, 284.0], [378.0, 307.1666666666667], [328.0, 307.1666666666667], [103.0, 304.84466019417476], [9.0, 304.84466019417476], [415.0, 451.0], [386.0, 451.0], [325.0, 307.51162790697674], [296.0, 307.51162790697674], [580.0, 290.0], [580.0, 183.0], [111.0, 368.0], [601.0, 183.0], [733.0, 182.4516129032258], [631.0, 182.4516129032258], [147.0, 163.1509433962264], [79.0, 163.1509433962264], [296.47222222222223, 400.0], [296.47222222222223, 381.0], [169.5, 284.0], [169.5, 263.0], [703.0, 448.832], [653.0, 448.832], [524.0, 183.0], [202.0, 91.0], [431.90384615384613, 409.0], [431.90384615384613, 334.0], [165.954802259887, 219.0], [165.954802259887, 201.0], [754.0, 181.7076923076923], [742.0, 181.7076923076923], [43.0, 472.0], [415.0, 410.0], [307.0, 91.0], [275.0, 91.0], [185.77777777777777, 395.0], [185.77777777777777, 367.0], [176.0, 460.0], [160.0, 460.0], [393.0, 162.52380952380952], [382.0, 162.52380952380952], [162.89743589743588, 174.0], [162.89743589743588, 162.0], [64.50877192982456, 335.0], [64.50877192982456, 306.0], [187.0, 416.0], [187.0, 402.0], [8.0, 248.0], [8.0, 234.0], [306.97222222222223, 162.0], [306.97222222222223, 151.0], [307.0, 108.0], [446.0, 409.0], [432.0, 409.0], [415.64864864864865, 332.0], [415.64864864864865, 307.0], [578.0, 255.45652173913044], [553.0, 255.45652173913044], [432.0, 410.0], [488.525, 329.0], [488.525, 308.0], [324.0, 466.0], [324.0, 451.0], [319.0, 162.0], [307.0, 162.0], [386.0, 465.0], [580.5, 321.0], [580.0, 449.0], [631.0, 449.0], [524.5396825396825, 302.0], [524.0, 332.0], [416.0, 332.0], [774.0, 490.35135135135135], [821.0, 490.0], [821.1647727272727, 416.0], [524.0, 272.0], [498.0, 183.17460317460316], [750.0, 490.0], [703.0, 490.0], [703.0, 449.0], [821.0, 215.0], [821.0, 182.0], [754.0, 182.0], [222.46830985915494, 386.0], [222.0, 460.0], [197.0, 460.0], [499.0, 409.5660377358491], [524.0, 409.0], [524.5, 365.0], [148.984375, 431.0], [148.0, 471.0], [114.0, 471.22727272727275], [111.0, 328.5405405405405], [126.0, 328.0], [103.0, 305.0], [297.0, 451.0], [296.4782608695652, 403.0]]}