{"vertices": [[615.0, 206.0], [615.0, 111.0], [614.6575342465753, 373.0], [614.6575342465753, 362.0], [614.6575342465753, 336.0], [614.6575342465753, 269.0], [615.0, 70.0], [615.0, 34.0], [614.6575342465753, 245.0], [614.6575342465753, 231.0], [177.4358208955224, 246.0], [177.4358208955224, 191.0], [177.4358208955224, 341.0], [177.4358208955224, 264.0], [177.4358208955224, 173.0], [177.4358208955224, 158.0], [177.4358208955224, 373.0], [177.4358208955224, 359.0], [571.0, 33.75438596491228], [508.0, 33.75438596491228], [483.0, 33.75438596491228], [464.0, 33.75438596491228], [615.0, 33.75438596491228], [596.0, 33.75438596491228], [518.0, 532.6653846153846], [458.0, 532.6653846153846], [408.0, 371.0], [393.0, 371.0], [287.0, 371.0], [272.0, 371.0], [458.0, 370.7972027972028], [442.0, 370.7972027972028], [272.0, 411.0], [458.0, 402.0], [458.0, 371.0], [392.5064935064935, 371.0], [392.5064935064935, 333.0], [518.0, 543.0], [507.0, 543.0], [629.0, 111.0], [614.6575342465753, 399.0], [614.0, 532.0], [563.0, 532.6653846153846], [336.0, 370.7972027972028], [352.0, 370.0], [352.0, 332.0], [629.0, 110.0], [629.0, 70.0]], "weights": [[0.75], [0.75, 0.85], [0.75], [0.75], [1.05], [1.05], [2.55, 1.1], [2.55], [0.85], [0.85], [0.75], [0.75], [0.75], [0.75], [1.0], [1.0], [0.95], [0.95], [1.05], [1.05], [0.75], [0.75], [1.25], [1.25], [0.5], [0.5], [1.25], [1.25], [0.75], [0.75, 1.35], [0.85], [0.85], [1.35], [1.0], [1.0], [0.95], [0.95], [1.2], [1.2], [0.85], [1.25], [1.25, 1.35], [1.35], [1.25], [1.25, 1.9], [1.9], [0.85], [0.85, 1.1]], "edges": [[1], [0, 39], [3], [2], [5], [4], [7, 47], [6], [9], [8], [11], [10], [13], [12], [15], [14], [17], [16], [19], [18], [21], [20], [23], [22], [25], [24], [27], [26], [29], [28, 32], [31], [30], [29], [34], [33], [36], [35], [38], [37], [1], [41], [40, 42], [41], [44], [43, 45], [44], [47], [46, 6]]}