{"weights": [[0.75], [0.75, 0.75], [1.0], [1.0], [1.2], [1.2], [1.0], [1.0], [0.9], [0.9], [1.5], [1.5], [1.0], [1.0], [0.8], [0.8], [1.25], [1.25, 0.85], [1.0, 1.0], [1.0], [1.65], [1.65], [0.95], [0.95], [1.45], [1.45], [0.65], [0.65], [0.85], [1.85], [1.85], [1.1], [1.1], [1.25], [1.25], [1.2], [1.2], [0.75], [1.0], [1.05], [1.05, 1.25], [1.25], [4.85], [4.85, 1.8], [1.8], [1.3], [1.3, 0.85], [0.85]], "edges": [[1], [0, 37], [3], [2], [5], [4], [7], [6], [9], [8], [11], [10], [13], [12], [15], [14], [17], [16, 28], [19, 38], [18], [21], [20], [23], [22], [25], [24], [27], [26], [17], [30], [29], [32], [31], [34], [33], [36], [35], [1], [18], [40], [39, 41], [40], [43], [42, 44], [43], [46], [45, 47], [46]], "vertices": [[615.0, 206.0], [615.0, 111.0], [177.5, 246.0], [177.5, 191.0], [177.5, 341.0], [177.5, 264.0], [614.5, 373.0], [614.5, 362.0], [571.0, 33.73287671232877], [508.0, 33.73287671232877], [177.0, 173.0], [177.0, 158.0], [614.5, 336.0], [614.5, 269.0], [629.0, 110.0], [629.0, 70.0], [272.0, 411.0], [272.0, 371.0], [614.0, 69.0], [614.0, 34.0], [509.0, 532.5049504950495], [458.0, 532.5049504950495], [392.5064935064935, 371.0], [392.5064935064935, 333.0], [408.0, 371.0], [393.0, 371.0], [483.0, 33.542857142857144], [464.0, 33.542857142857144], [287.0, 371.0], [518.0, 542.4782608695652], [506.0, 542.4782608695652], [177.5, 373.0], [177.5, 359.0], [614.0, 33.97872340425532], [596.0, 33.97872340425532], [614.5, 245.0], [614.5, 231.0], [629.0, 111.0], [629.0, 69.0], [614.8579545454545, 399.0], [614.0, 532.0], [563.0, 532.0136054421769], [336.0, 370.9791666666667], [352.0, 370.0], [352.0, 332.0], [458.0, 402.0], [458.0, 370.0], [442.0, 370.48275862068965]]}