{"weights": [[3.75], [3.75], [2.0], [2.0, 3.75], [1.25, 1.5], [1.25, 1.5], [3.75], [2.75], [2.75], [2.35], [2.35], [1.45], [1.45, 1.9], [7.4, 2.25], [7.4], [1.25], [1.25], [1.65], [1.65], [1.25, 1.2], [1.25, 1.25], [1.45], [1.45], [3.35], [3.35, 1.6], [1.5], [1.5], [1.5], [1.5], [1.25], [1.25], [1.9], [1.5], [3.75], [3.75], [1.55], [1.55], [1.25, 1.4], [1.6], [3.55], [3.55], [1.5], [2.25], [1.45], [1.45, 1.25], [1.95], [1.95], [1.3], [1.3], [4.0], [4.0], [1.9], [1.9], [1.4], [1.4], [2.7499999999999885], [2.7499999999999885], [1.45], [1.45], [1.5], [1.5], [3.5], [3.5], [1.5], [1.5], [1.2], [1.7], [1.7, 1.65], [1.25], [3.25], [3.25], [1.5], [1.5], [1.25], [1.25], [1.9], [1.9], [4.4], [4.4, 3.25], [3.25], [3.75], [3.75, 3.75, 1.3], [3.75], [1.3], [4.05], [4.05, 3.8], [3.8], [1.5], [1.5, 1.5, 1.15], [1.5], [0.75], [0.75, 1.9], [1.9], [1.25], [1.25, 3.25], [3.25], [1.65, 1.35], [1.35], [1.25], [1.25, 1.15], [1.4, 0.75], [0.75], [3.95], [3.95, 3.95, 7.25], [3.95], [7.25]], "edges": [[1], [0], [3], [2, 6], [5, 41], [4, 32], [3], [8], [7], [10], [9], [12], [11, 31], [14, 42], [13], [16], [15], [18], [17], [20, 65], [19, 37], [22], [21], [24], [23, 38], [26], [25], [28], [27], [30], [29], [12], [5], [34], [33], [36], [35], [20, 100], [24], [40], [39], [4], [13], [44], [43, 68], [46], [45], [48], [47], [50], [49], [52], [51], [54], [53], [56], [55], [58], [57], [60], [59], [62], [61], [64], [63], [19], [67], [66, 96], [44], [70], [69], [72], [71], [74], [73], [76], [75], [78], [77, 79], [78], [81], [80, 82, 83], [81], [81], [85], [84, 86], [85], [88], [87, 89, 99], [88], [91], [90, 92], [91], [94], [93, 95], [94], [67, 97], [96], [99], [98, 88], [37, 101], [100], [103], [102, 104, 105], [103], [103]], "vertices": [[811.4353099730458, 243.0], [811.4353099730458, 148.0], [217.0, 112.0], [36.0, 112.0], [489.0, 235.0], [489.0, 113.0], [36.0, 209.0], [318.4584681769148, 482.0], [318.4584681769148, 299.0], [441.13432835820896, 483.0], [441.13432835820896, 399.0], [592.0, 276.0], [489.0, 276.0], [261.0, 262.0], [261.0, 256.0], [514.9949494949495, 344.0], [514.9949494949495, 277.0], [488.99003322259136, 413.0], [488.99003322259136, 311.0], [720.0, 276.0], [666.0, 276.0], [625.0, 113.00714285714285], [577.0, 113.00714285714285], [266.0, 231.0], [266.0, 113.0], [574.0, 413.0], [489.0, 413.0], [807.0, 337.0], [761.0, 337.0], [598.9959677419355, 236.0], [598.9959677419355, 153.0], [489.0, 287.0], [510.0, 113.0], [315.0, 377.4453125], [298.0, 377.4453125], [440.99014778325125, 359.0], [440.99014778325125, 290.0], [666.0, 336.0], [326.0, 113.0], [284.70666666666665, 261.0], [284.70666666666665, 213.0], [562.0, 235.0], [321.0, 262.0], [807.0, 277.0], [761.0, 277.0], [815.0, 113.51851851851852], [780.0, 113.51851851851852], [379.0, 112.97826086956522], [362.0, 112.97826086956522], [720.0, 416.5], [707.0, 416.5], [665.0, 299.0], [630.0, 299.0], [625.0, 236.0], [625.0, 203.0], [358.0, 508.4109589041096], [345.0, 508.4109589041096], [760.9787234042553, 337.0], [760.9787234042553, 319.0], [279.4109589041096, 184.0], [279.4109589041096, 171.0], [454.0, 475.5], [444.0, 475.5], [513.0, 322.0], [491.0, 322.0], [720.0, 295.0], [638.0, 114.0], [625.0, 114.0], [761.0, 293.0], [416.0, 508.53521126760563], [403.0, 508.53521126760563], [623.0, 213.0], [602.0, 213.0], [515.0344827586207, 411.0], [515.0344827586207, 391.0], [599.5, 131.0], [599.5, 115.0], [36.5, 278.0], [36.0, 377.0], [62.0, 377.0], [748.0, 415.5069124423963], [720.0, 415.0], [707.0, 415.5069124423963], [720.5, 367.0], [811.3275713050994, 267.0], [811.0, 416.0], [779.0, 416.0], [713.0, 113.46621621621621], [684.0, 113.0], [672.0, 113.46621621621621], [628.5017667844523, 275.0], [628.0, 413.0], [616.0, 413.0], [262.0790513833992, 299.0], [262.0, 376.0], [239.0, 376.97945205479454], [625.0, 174.0], [601.0, 174.1578947368421], [655.0, 235.01123595505618], [684.0, 235.0], [720.0, 336.0], [720.5135135135135, 316.0], [675.0, 414.0], [661.0, 414.0], [629.0, 414.0], [661.2871287128713, 383.0]]}