{"vertices": [[36.0, 209.0], [36.0, 113.0], [811.3696682464455, 243.0], [811.3696682464455, 148.0], [748.0, 414.98003629764065], [707.0, 414.98003629764065], [574.0, 415.0], [489.0, 415.0], [217.0, 113.0], [713.0, 112.85624563852059], [672.0, 112.85624563852059], [624.0, 112.85624563852059], [577.0, 112.85624563852059], [510.0, 113.0], [489.0, 113.0], [326.0, 113.0], [264.0, 113.0], [815.0, 112.85624563852059], [780.0, 112.85624563852059], [379.0, 112.85624563852059], [362.0, 112.85624563852059], [638.0, 113.0], [627.0, 113.0], [489.0, 235.0], [488.9971181556196, 415.0], [488.9971181556196, 311.0], [489.0, 287.0], [489.0, 276.0], [626.7167530224525, 236.0], [626.7167530224525, 203.0], [318.4584681769148, 482.0], [318.4584681769148, 299.0], [441.07218683651803, 483.0], [441.07218683651803, 399.0], [441.07218683651803, 359.0], [441.07218683651803, 290.0], [264.0, 231.0], [592.0, 276.0], [721.0, 276.0], [664.0, 276.0], [807.0, 276.0], [761.0, 276.0], [515.00390625, 344.0], [515.00390625, 277.0], [515.00390625, 411.0], [515.00390625, 391.0], [562.0, 235.0], [807.0, 337.0], [761.0, 337.0], [599.0503597122303, 236.0], [599.0503597122303, 153.0], [599.0503597122303, 131.0], [599.0503597122303, 115.0], [720.503144654088, 411.0], [720.503144654088, 367.0], [721.0, 295.0], [315.0, 377.12142857142857], [298.0, 377.12142857142857], [281.6773333333333, 261.0], [281.6773333333333, 212.0], [281.6773333333333, 185.0], [281.6773333333333, 171.0], [358.0, 508.47222222222223], [345.0, 508.47222222222223], [416.0, 508.47222222222223], [403.0, 508.47222222222223], [273.0, 225.0], [273.0, 212.0], [273.0, 185.0], [273.0, 171.0], [760.9767441860465, 337.0], [760.9767441860465, 319.0], [761.0, 293.0], [454.0, 475.5], [444.0, 475.5], [513.0, 322.0], [491.0, 322.0], [623.0, 213.0], [602.0, 213.0], [36.495558375634516, 278.0], [36.0, 377.0], [62.0, 377.0], [811.3696682464455, 267.0], [811.0, 414.0], [779.0, 414.98003629764065], [675.0, 414.98003629764065], [664.0, 414.0], [630.0, 414.98003629764065], [664.2388059701492, 383.0], [616.0, 414.98003629764065], [626.0, 414.0], [626.7167530224525, 275.0], [627.0, 174.0], [601.0, 174.1578947368421], [264.17743490838956, 299.0], [264.0, 377.0], [239.0, 377.12142857142857], [264.17743490838956, 256.0], [264.0, 262.0], [321.0, 262.0], [655.0, 235.00331125827816], [684.0, 235.0], [684.0315186246419, 113.0], [664.0, 337.0], [720.0, 337.0], [720.503144654088, 316.0], [664.0, 299.0], [630.0, 299.0]], "weights": [[1.5], [1.5, 1.75], [3.75], [3.75], [8.05], [8.05], [0.5], [0.5], [1.75], [1.75], [1.75], [1.5], [1.5], [1.25], [1.25, 1.25], [1.35], [1.35, 6.45], [1.95], [1.95], [1.55], [1.55], [1.75], [1.75, 0.3], [1.25, 1.25], [1.35], [1.35], [1.35], [1.35, 1.25], [1.25], [1.25], [1.55], [1.55], [1.95], [1.95], [1.35], [1.35], [6.45], [1.25], [1.15, 1.05], [1.15, 0.75], [1.25], [1.25, 1.3], [1.25], [1.25], [1.25], [1.25], [1.25], [1.55], [1.55], [1.65], [1.65], [0.85], [0.85], [0.75], [0.75], [1.05], [4.05], [4.05], [2.65], [2.65], [1.5], [1.5], [2.95], [2.95], [2.749999999999983], [2.749999999999983], [1.5], [1.5], [1.5], [1.5], [1.35], [1.35], [1.3], [3.6], [3.6], [1.5], [1.5], [1.5], [1.5], [3.85], [3.85, 3.35], [3.35], [3.65], [3.65, 3.25], [3.25], [4.05], [4.05, 4.05, 0.25], [4.05], [0.25], [1.75], [1.75, 0.5], [0.5], [0.3, 1.15], [1.15], [3.05], [3.05, 3.35], [3.35], [0.45], [0.45, 1.05], [1.05], [1.25], [1.25, 1.25], [1.25], [0.75, 0.75], [0.75, 1.05], [1.05], [0.75, 0.75, 2.2], [2.2]], "edges": [[1], [0, 8], [3], [2], [5], [4], [7], [6], [1], [10], [9], [12], [11], [14], [13, 23], [16], [15, 36], [18], [17], [20], [19], [22], [21, 92], [14, 46], [25], [24], [27], [26, 37], [29], [28], [31], [30], [33], [32], [35], [34], [16], [27], [39, 55], [38, 106], [41], [40, 72], [43], [42], [45], [44], [23], [48], [47], [50], [49], [52], [51], [54], [53], [38], [57], [56], [59], [58], [61], [60], [63], [62], [65], [64], [67], [66], [69], [68], [71], [70], [41], [74], [73], [76], [75], [78], [77], [80], [79, 81], [80], [83], [82, 84], [83], [86], [85, 87, 88], [86], [86], [90], [89, 91], [90], [22, 93], [92], [95], [94, 96], [95], [98], [97, 99], [98], [101], [100, 102], [101], [104, 106], [103, 105], [104], [103, 39, 107], [106]]}