{"weights": [[1.25], [1.25, 1.5], [1.55], [1.55, 1.45], [1.25], [1.25], [0.5], [0.5], [1.7], [1.7], [1.55], [1.55], [3.15], [3.15, 1.5], [1.15], [1.15], [0.85], [0.85, 0.9], [2.45], [2.45], [0.3], [0.3], [7.1], [7.1, 1.5], [4.8], [4.8], [8.15], [8.15], [1.5], [1.5], [7.05], [7.05], [3.35], [3.35], [1.5], [1.5], [1.5], [1.5], [6.05], [6.05], [5.0], [5.0], [1.5], [1.5], [1.5], [1.5], [2.6], [2.6], [1.7], [1.7, 1.6], [6.8], [6.8], [8.0], [8.0], [5.15], [5.15], [1.6], [1.6], [0.45], [0.45], [8.0], [8.0], [6.25], [6.25], [2.35], [2.35], [5.15], [5.15], [5.25], [5.25], [8.15], [8.15], [1.05], [1.05], [1.5], [2.2], [2.2], [4.55], [4.55], [1.5], [6.5], [6.5], [1.85], [1.85], [0.9], [0.9], [2.2], [2.2], [0.3], [0.3], [0.8], [0.8], [3.4], [3.4], [4.6, 2.5, 1.1], [4.6], [5.15], [5.15], [1.5], [1.5], [2.5], [0.9], [0.9], [0.5], [0.5], [1.5], [1.5], [2.5], [2.5], [5.7], [5.7], [0.5], [0.5], [0.7000000000000056], [0.7000000000000056], [5.55], [5.55], [2.350000000000011], [2.350000000000011], [2.4], [2.4], [1.7], [1.7], [0.9], [1.6], [1.45], [4.9], [4.9, 2.6], [0.5], [0.5], [2.6], [1.5], [1.5], [1.1], [0.5], [0.5], [1.5], [1.8], [1.8], [3.2], [3.2], [0.6], [0.6], [8.5], [8.5], [3.2], [3.2, 3.35], [3.35], [3.6], [3.6, 1.45], [1.45]], "edges": [[1], [0, 79], [3], [2, 125], [5], [4], [7], [6], [9], [8], [11], [10], [13], [12, 136], [15], [14], [17], [16, 123], [19], [18], [21], [20], [23], [22, 74], [25], [24], [27], [26], [29], [28], [31], [30], [33], [32], [35], [34], [37], [36], [39], [38], [41], [40], [43], [42], [45], [44], [47], [46], [49], [48, 124], [51], [50], [53], [52], [55], [54], [57], [56], [59], [58], [61], [60], [63], [62], [65], [64], [67], [66], [69], [68], [71], [70], [73], [72], [23], [76], [75], [78], [77], [1], [81], [80], [83], [82], [85], [84], [87], [86], [89], [88], [91], [90], [93], [92], [95, 100, 133], [94], [97], [96], [99], [98], [94], [102], [101], [104], [103], [106], [105], [108], [107], [110], [109], [112], [111], [114], [113], [116], [115], [118], [117], [120], [119], [122], [121], [17], [49], [3], [127], [126, 130], [129], [128], [127], [132], [131], [94], [135], [134], [13], [138], [137], [140], [139], [142], [141], [144], [143], [146], [145, 147], [146], [149], [148, 150], [149]], "vertices": [[607.0, 237.0], [607.0, 156.0], [210.0, 208.0], [210.0, 65.0], [607.9926199261993, 348.0], [607.9926199261993, 257.0], [209.49734042553192, 446.0], [209.49734042553192, 320.0], [211.0, 302.0], [211.0, 235.0], [543.9563758389262, 157.0], [543.9563758389262, 52.0], [309.0, 413.0], [309.0, 380.0], [609.1477987421383, 474.0], [609.1477987421383, 368.0], [419.0, 463.0], [419.0, 379.0], [511.0, 42.83225806451613], [476.0, 42.83225806451613], [314.1152263374486, 171.0], [314.1152263374486, 112.0], [308.0, 421.0], [290.0, 421.0], [412.0, 422.0], [400.0, 422.0], [620.8950437317784, 500.0], [620.8950437317784, 478.0], [299.31304347826085, 438.0], [299.31304347826085, 422.0], [292.0, 49.170731707317074], [277.0, 49.170731707317074], [355.73732718894007, 413.0], [355.73732718894007, 379.0], [625.9237668161435, 462.0], [625.9237668161435, 444.0], [405.2085561497326, 457.0], [405.2085561497326, 437.0], [325.3895870736086, 148.0], [325.3895870736086, 85.0], [407.8534482758621, 39.0], [407.8534482758621, 22.0], [198.8581081081081, 56.0], [198.8581081081081, 36.0], [635.0, 147.3015873015873], [610.0, 147.3015873015873], [392.58620689655174, 281.0], [392.58620689655174, 264.0], [285.0, 93.0], [285.0, 64.0], [572.0, 38.95939086294416], [543.0, 38.95939086294416], [195.85294117647058, 446.0], [195.85294117647058, 413.0], [300.2107142857143, 98.0], [300.2107142857143, 63.0], [294.0, 477.0], [294.0, 467.0], [403.24778761061947, 536.0], [403.24778761061947, 517.0], [619.0, 165.0], [619.0, 148.0], [191.40506329113924, 71.0], [191.40506329113924, 37.0], [482.0, 52.54545454545455], [470.0, 52.54545454545455], [390.5365853658537, 197.0], [390.5365853658537, 176.0], [415.4753086419753, 533.0], [415.4753086419753, 515.0], [206.94736842105263, 443.0], [206.94736842105263, 429.0], [443.03636363636366, 130.0], [443.03636363636366, 111.0], [290.0, 437.0], [363.9428571428571, 436.0], [363.9428571428571, 419.0], [313.38709677419354, 106.0], [313.38709677419354, 85.0], [567.0, 156.0], [345.0, 55.5], [332.0, 55.5], [443.1707317073171, 73.0], [443.1707317073171, 54.0], [410.0, 281.0], [393.0, 281.0], [306.0, 402.5], [296.0, 402.5], [279.09090909090907, 485.0], [279.09090909090907, 465.0], [392.0, 248.0], [392.0, 233.0], [517.0, 53.5], [504.0, 53.5], [385.0, 103.0], [385.0, 91.0], [356.1, 436.0], [356.1, 421.0], [610.5, 493.0], [610.5, 483.0], [374.0, 98.0], [475.52941176470586, 238.0], [475.52941176470586, 216.0], [498.0, 330.0], [486.0, 330.0], [634.0, 460.0], [634.0, 448.0], [368.0, 407.0], [368.0, 395.0], [573.0, 47.92248062015504], [553.0, 47.92248062015504], [299.0, 332.0], [299.0, 318.0], [450.00000000000006, 281.00000000000006], [464.00000000000006, 267.00000000000006], [422.3469387755102, 531.0], [422.3469387755102, 517.0], [246.59195402298855, 331.59195402298855], [261.09195402298855, 317.09195402298855], [594.0, 103.0], [584.0, 103.0], [233.0, 420.0], [213.0, 420.0], [405.0, 379.0], [267.0, 64.0], [226.0, 65.0], [496.0, 474.0], [486.0, 474.0], [532.0, 266.0], [518.0, 266.0], [486.0, 460.0], [186.0, 441.0], [186.0, 429.0], [363.0, 108.46428571428571], [496.0, 228.0], [496.0, 217.0], [296.0, 380.0], [500.0, 78.0], [488.0, 78.0], [410.0, 404.0], [410.0, 394.0], [576.0, 329.0], [566.0, 329.0], [399.0, 452.0], [399.0, 441.0], [347.0, 47.0], [323.0, 47.0], [323.4, 29.0], [281.0, 397.0], [281.0, 419.0], [260.0, 419.98214285714283]]}