{"vertices": [[270.0, 495.0], [270.0, 324.0], [384.0, 495.0], [384.0, 324.0], [384.007561436673, 324.0], [384.007561436673, 302.0], [209.0, 263.0], [429.0185614849188, 146.0], [429.0185614849188, 87.0], [209.0, 232.0], [296.0, 145.0], [340.0, 538.0], [340.0, 495.0], [341.24858757062145, 191.75141242937852], [296.50759878419456, 145.0], [296.50759878419456, 87.0], [293.0, 495.0], [311.0, 495.0], [367.0, 265.0], [367.0, 212.0], [467.0, 189.0], [447.0, 189.0], [429.0, 189.0], [395.0, 265.0], [467.0, 495.0], [467.0, 455.0], [530.0, 386.0], [509.0, 386.0], [595.0, 386.0], [576.0, 386.0], [345.0, 55.859375], [328.0, 55.859375], [398.0, 55.859375], [380.0, 55.859375], [311.0, 538.0], [385.7295081967213, 190.72950819672133], [393.0, 212.0], [508.7810218978102, 409.0], [508.0, 455.0], [429.0, 494.0], [429.0, 455.0], [386.0, 455.0810810810811], [429.0185614849188, 168.0], [429.0, 188.0], [417.0, 188.57692307692307], [447.0, 265.0], [416.0, 265.3181818181818], [595.0, 436.0], [510.0, 436.7345679012346], [467.0, 125.0], [430.0, 125.48571428571428], [555.0, 385.76377952755905], [575.0, 385.0], [511.0, 341.48837209302326], [575.0, 341.0], [415.0, 323.2769230769231], [509.0, 324.0]], "weights": [[0.75, 0.85], [0.75, 0.9000000000000072], [1.15, 0.5], [1.15], [1.25], [1.25], [0.9000000000000072, 0.8], [2.5], [2.5], [0.9500000000000076, 0.8], [0.9500000000000076, 1.150000000000009], [1.2], [1.2, 0.5], [1.150000000000009], [2.3], [2.3], [0.85, 0.95], [0.95, 1.65], [2.5, 0.85], [2.5, 1.4000000000000075, 2.4], [7.15, 0.4], [7.15, 0.85, 0.7], [0.85], [0.85], [0.25], [0.25, 1.15], [1.45], [1.45, 3.15], [0.5, 1.25], [0.5], [3.05], [3.05], [3.0], [3.0], [1.65], [1.4000000000000075], [2.4], [7.1], [7.1, 1.15], [0.25], [0.25, 1.25], [1.25], [0.25], [0.25, 2.15], [2.15], [0.7, 0.75], [0.75], [1.25, 0.6], [0.6], [0.4, 0.95], [0.95], [1.65], [1.65, 1.6], [0.75], [0.75, 1.6], [0.7], [0.7, 3.15]], "edges": [[1, 16], [0, 6], [3, 12], [2], [5], [4], [1, 9], [8], [7], [10, 6], [9, 13], [12], [11, 2], [10], [15], [14], [0, 17], [16, 34], [19, 23], [18, 35, 36], [21, 49], [20, 22, 45], [21], [18], [25], [24, 38], [27], [26, 56], [29, 47], [28], [31], [30], [33], [32], [17], [19], [19], [38], [37, 25], [40], [39, 41], [40], [43], [42, 44], [43], [21, 46], [45], [28, 48], [47], [20, 50], [49], [52], [51, 54], [54], [53, 52], [56], [55, 27]]}