{"weights": [[0.85, 1.0], [0.85, 1.000000000000008], [1.000000000000008, 0.7], [1.65], [1.65], [1.7000000000000057, 0.7], [1.7000000000000057, 1.1500000000000092], [1.2], [1.2], [1.1], [1.1, 0.65], [1.1500000000000092], [2.75], [2.75], [1.0, 1.1], [2.35, 0.8], [2.35, 1.1500000000000072, 1.9], [0.95, 1.25], [0.95, 1.0, 5.55], [1.75, 1.15, 1.0], [1.75], [0.8], [0.8, 1.2], [1.65], [1.65], [0.65, 1.5], [3.65], [3.65], [1.05], [1.05], [0.8], [1.0], [1.0], [0.95], [0.95], [3.6], [3.6], [1.95], [1.95], [1.5], [1.5, 1.05], [1.15], [1.1500000000000072], [1.9], [1.1], [1.5], [1.3], [1.3, 1.2], [5.55, 1.7], [1.7], [1.05], [1.05, 0.7], [0.7], [0.75], [0.75, 1.25], [0.8], [0.8, 1.05]], "edges": [[1, 14], [0, 2], [1, 5], [4], [3], [6, 2], [5, 11], [8], [7], [10], [9, 25], [6], [13], [12], [0, 44], [16, 30], [15, 42, 43], [18, 54], [17, 19, 48], [20, 41, 18], [19], [22], [21, 47], [24], [23], [10, 45], [27], [26], [29], [28], [15], [32], [31], [34], [33], [36], [35], [38], [37], [40], [39, 56], [19], [16], [16], [14], [25], [47], [46, 22], [18, 49], [48], [51], [50, 52], [51], [54], [53, 17], [56], [55, 40]], "vertices": [[270.0, 494.0], [270.0, 324.0], [209.0, 263.0], [428.3855799373041, 146.0], [428.3855799373041, 87.0], [209.0, 232.0], [296.0, 145.0], [432.0, 494.0], [432.0, 455.0], [340.0, 538.0], [340.0, 495.0], [341.24858757062145, 191.75141242937852], [296.50759878419456, 145.0], [296.50759878419456, 87.0], [293.0, 494.0], [367.0, 265.0], [367.0, 212.0], [466.0, 189.0], [447.0, 189.0], [437.0, 189.0], [417.0, 189.0], [470.0, 495.0], [470.0, 455.0], [593.0, 385.62295081967216], [555.0, 385.62295081967216], [384.0, 495.0], [345.0, 55.73255813953488], [328.0, 55.73255813953488], [432.0, 454.82608695652175], [386.0, 454.82608695652175], [395.0, 265.0], [311.0, 538.0], [311.0, 495.0], [575.0, 341.48837209302326], [511.0, 341.48837209302326], [593.0, 386.0], [575.0, 341.0], [398.0, 55.9622641509434], [380.0, 55.9622641509434], [530.0, 386.0], [509.0, 386.0], [426.625, 168.0], [385.7295081967213, 190.72950819672133], [393.0, 212.0], [311.0, 494.0], [384.0, 302.0], [508.5, 409.0], [508.0, 455.0], [447.0, 265.0], [416.0, 265.5], [595.0, 386.0], [595.0, 436.0], [510.0, 436.7345679012346], [430.0, 125.48571428571428], [466.0, 125.0], [415.0, 323.2769230769231], [509.0, 324.0]]}