{"weights": [[0.6], [0.6, 0.65], [1.25], [1.25], [0.75], [0.75], [0.85], [0.85, 0.8], [0.5], [0.5], [0.65], [0.65, 0.5], [1.1], [1.1], [0.6], [0.6, 0.75], [0.7], [0.7], [2.45], [2.45, 0.6], [0.6], [0.6], [0.75], [0.75], [0.5], [0.85], [0.85, 1.05], [2.5], [2.5], [0.7, 1.0], [0.7], [0.6], [0.6], [1.0], [1.0], [0.8], [0.8], [0.9], [0.9], [0.49999999999996386, 0.6999999999999655], [0.49999999999996386], [0.65], [0.65, 0.5], [1.65], [1.65], [0.7], [0.7], [0.8], [0.8, 0.75], [0.7, 0.7], [0.7], [1.8], [1.8], [0.5], [0.5], [1.05], [0.9], [0.9], [1.0], [1.0], [1.35], [1.35, 0.75], [1.0], [1.0], [0.8], [0.8], [0.7], [1.0, 0.7], [1.0], [1.35], [1.35], [0.75], [1.15], [1.15], [1.85], [1.85], [1.1], [1.1], [0.65], [2.0], [2.0], [0.5], [1.3], [1.3], [1.0], [0.6999999999999655], [1.0], [1.0], [0.7999999999999743], [0.7999999999999743], [0.9, 0.49999999999996386], [0.9], [0.49999999999996386], [1.6], [1.6], [1.95], [1.95], [0.7], [0.7], [0.6], [0.7], [0.7, 0.95, 0.5], [0.7], [0.7], [0.8], [0.5], [0.5], [0.7], [1.05], [1.05, 0.9], [0.95], [0.5], [1.0], [1.0, 0.9]], "edges": [[1], [0, 78], [3], [2], [5], [4], [7], [6, 104], [9], [8], [11], [10, 24], [13], [12], [15], [14, 71], [17], [16], [19], [18, 99], [21], [20], [23], [22], [11], [26], [25, 55], [28], [27], [30, 84], [29], [32], [31], [34], [33], [36], [35], [38], [37], [40, 85], [39], [42], [41, 81], [44], [43], [46], [45], [48], [47, 61], [50, 66], [49], [52], [51], [54], [53], [26], [57], [56], [59], [58], [61], [60, 48], [63], [62], [65], [64], [49], [68, 107], [67], [70], [69], [15], [73], [72], [75], [74], [77], [76], [1], [80], [79], [42], [83], [82], [29], [39], [87], [86], [89], [88], [91, 92], [90], [90], [94], [93], [96], [95], [98], [97], [19], [101], [100, 110, 111], [103], [102], [7], [106], [105], [67], [109], [108, 113], [101], [101], [113], [112, 109]], "vertices": [[165.0, 105.0], [165.0, 29.0], [688.985549132948, 450.0], [688.985549132948, 270.0], [165.45833333333334, 406.0], [165.45833333333334, 379.0], [687.0, 221.0], [687.0, 112.0], [165.0, 363.0], [165.0, 345.0], [283.0, 163.0], [283.0, 28.0], [573.0, 240.0], [573.0, 191.0], [316.0, 333.0], [316.0, 294.0], [256.3720930232558, 204.0], [256.3720930232558, 177.0], [605.0, 469.0], [605.0, 451.0], [373.0, 485.625], [352.0, 485.625], [408.0, 498.4888888888889], [385.0, 498.4888888888889], [236.0, 28.0], [315.0, 179.0], [315.0, 128.0], [546.5, 470.0], [546.5, 453.0], [256.0, 155.0], [256.0, 147.0], [629.0, 231.0], [605.0, 231.0], [165.0, 164.0], [165.0, 151.0], [165.0, 330.0], [165.0, 268.0], [422.0, 403.0], [422.0, 373.0], [589.0, 340.0], [567.2272727272727, 317.77272727272725], [165.0, 134.0], [165.0, 115.0], [546.0, 496.4166666666667], [530.0, 496.4166666666667], [499.0, 283.6388888888889], [470.0, 283.6388888888889], [686.0, 316.0], [653.0, 316.0], [394.0, 320.0], [373.0, 320.0], [602.0, 410.0], [602.0, 397.0], [611.0, 269.0], [611.0, 254.0], [327.0, 128.0], [256.0, 145.0], [256.0, 122.0], [320.0, 405.0], [294.0, 405.0], [671.0, 294.0], [653.0, 294.0], [497.0, 484.0], [482.0, 484.0], [317.0, 395.0], [317.0, 385.0], [394.0, 302.0], [574.0, 276.0], [574.0, 261.0], [349.0, 207.0340909090909], [318.0, 207.0340909090909], [331.0, 294.0], [315.0, 127.51785714285714], [285.0, 127.51785714285714], [546.6027397260274, 409.0], [546.6027397260274, 387.0], [433.0, 285.0], [419.0, 285.0], [210.0, 29.0], [333.0, 499.52], [318.0, 499.52], [182.0, 115.0], [437.0, 66.0], [427.0, 66.0], [244.0, 155.0], [612.0000000000001, 317.0], [208.4, 155.0], [208.4, 136.0], [637.76, 385.24], [624.7599999999999, 372.23999999999995], [585.0, 310.0], [574.0, 310.0], [595.9999999999999, 299.0], [606.0, 126.0], [606.0, 113.0], [333.0, 512.5185185185185], [318.0, 512.5185185185185], [316.0, 285.0], [316.0, 273.0], [628.0, 451.0], [291.0, 237.0], [256.0, 237.0], [394.0, 347.0], [382.0, 347.0], [676.0, 112.0], [165.0, 207.0], [165.0, 196.0], [561.0, 276.0], [438.0, 314.48837209302326], [461.0, 314.0], [256.4782608695652, 224.0], [242.0, 237.0], [426.0, 347.4237288135593], [461.0, 347.0]]}