{"vertices": [[224.0, 67.0], [224.0, 53.0], [224.0148514851485, 395.0], [224.0148514851485, 373.0], [224.0148514851485, 351.0], [224.0148514851485, 338.0], [224.0, 167.0], [224.0, 138.0], [406.0, 345.2083333333333], [393.0, 345.2083333333333], [339.0, 345.2083333333333], [305.0, 345.2083333333333], [257.0, 345.2083333333333], [247.0, 345.2083333333333], [293.1304347826087, 233.0], [293.1304347826087, 203.0], [293.1304347826087, 182.0], [293.1304347826087, 167.0], [631.0, 257.0], [631.0, 236.0], [630.9827586206897, 333.0], [630.9827586206897, 321.0], [630.9827586206897, 91.0], [630.9827586206897, 80.0], [296.0, 253.21714285714285], [279.0, 253.21714285714285], [528.0, 253.21714285714285], [514.0, 253.21714285714285], [418.0, 253.21714285714285], [387.0, 253.21714285714285], [320.0, 253.21714285714285], [305.0, 253.21714285714285], [253.0, 253.21714285714285], [240.0, 253.21714285714285], [528.8548387096774, 395.0], [528.8548387096774, 363.0], [528.8548387096774, 102.0], [528.8548387096774, 83.0], [196.74869109947645, 258.0], [196.74869109947645, 227.0], [197.0, 199.0], [197.0, 167.0], [242.0, 167.12359550561797], [232.0, 167.12359550561797], [348.0, 53.12451361867704], [297.0, 53.12451361867704], [274.0, 53.0], [631.0, 53.12451361867704], [618.0, 53.12451361867704], [410.0, 100.41935483870968], [400.0, 100.41935483870968], [455.0, 100.41935483870968], [445.0, 100.41935483870968], [554.0, 332.0], [554.0, 322.0], [434.0, 365.6842105263158], [411.0, 365.6842105263158], [482.0, 365.6842105263158], [463.0, 365.6842105263158], [220.0, 293.0], [198.0, 293.0], [480.0, 85.8840579710145], [451.0, 85.8840579710145], [320.0, 219.015873015873], [295.0, 219.015873015873], [406.48387096774195, 251.0], [406.48387096774195, 231.0], [406.48387096774195, 442.0], [406.48387096774195, 431.0], [344.7692307692308, 325.0], [344.7692307692308, 311.0], [344.7692307692308, 252.0], [344.7692307692308, 240.0], [234.0, 138.0], [261.0, 137.0], [261.0, 127.0], [606.0, 236.0], [166.5185185185185, 203.0], [166.5185185185185, 190.0], [166.5185185185185, 173.0], [166.5185185185185, 159.0], [631.0, 199.2941176470588], [607.0, 199.2941176470588], [569.0, 410.0], [558.0, 410.0], [385.0, 282.0], [368.0, 282.0], [552.0, 313.0], [542.0, 313.0], [309.0, 292.0], [309.0, 280.0], [224.0148514851485, 83.0], [224.0, 100.0], [238.0, 100.0]], "weights": [[1.2], [1.2, 0.5], [1.25], [1.25], [1.4], [1.4], [0.5, 1.4], [0.5, 0.9], [0.5], [0.5], [0.7], [0.7], [0.5], [0.5], [0.9], [0.9], [0.4], [0.4], [1.75], [1.75, 1.0], [0.9], [0.9], [0.5], [0.5], [1.05], [1.05], [1.55], [1.55], [1.35], [1.35], [0.6], [0.6], [0.5], [0.5], [0.5], [0.5], [0.25], [0.25], [1.25], [1.25], [1.4], [1.4, 1.4], [0.25], [0.25], [0.85], [0.85], [0.5], [0.25], [0.25], [0.5], [0.5], [0.5], [0.5], [1.0], [1.0], [1.0], [1.0], [1.15], [1.15], [1.6], [1.6], [1.15], [1.15], [1.75], [1.75], [0.25], [0.25], [0.25], [0.25], [0.25], [0.25], [2.65], [2.65], [0.9], [0.6], [0.6], [1.0], [1.1], [1.1], [1.7], [1.7], [0.75], [0.75], [0.5], [0.5], [0.5], [0.5], [0.6], [0.6], [0.8], [0.8], [1.55], [1.55, 0.25], [0.25]], "edges": [[1], [0, 46], [3], [2], [5], [4], [7, 41], [6, 73], [9], [8], [11], [10], [13], [12], [15], [14], [17], [16], [19], [18, 76], [21], [20], [23], [22], [25], [24], [27], [26], [29], [28], [31], [30], [33], [32], [35], [34], [37], [36], [39], [38], [41], [40, 6], [43], [42], [45], [44], [1], [48], [47], [50], [49], [52], [51], [54], [53], [56], [55], [58], [57], [60], [59], [62], [61], [64], [63], [66], [65], [68], [67], [70], [69], [72], [71], [7], [75], [74], [19], [78], [77], [80], [79], [82], [81], [84], [83], [86], [85], [88], [87], [90], [89], [92], [91, 93], [92]]}