{"weights": [[1.15], [1.15, 1.45], [1.25], [1.25], [0.5], [0.5], [0.75], [0.75], [0.85], [0.85, 0.8], [1.8], [1.8], [0.8], [0.8], [0.95], [0.95], [1.75], [1.75], [1.25, 0.75], [1.25, 1.65, 1.05], [0.85], [0.85], [1.3], [1.3], [1.65], [1.6500000000000028], [1.6500000000000028], [0.9], [0.9], [2.6], [2.6], [0.5], [0.5], [1.0], [1.0], [0.6], [0.6], [1.7], [1.7], [0.7], [0.7], [1.15], [1.15], [1.55], [1.55], [1.45], [0.5], [0.5], [1.55], [1.55], [0.7], [0.7], [1.8], [1.8], [0.9], [0.9], [1.7], [1.7, 0.75], [1.3], [1.3], [1.05], [1.6], [1.6], [0.5], [0.5], [0.8], [0.5], [0.5], [1.6], [1.6], [3.0], [3.0], [1.5], [1.5], [0.6], [0.6], [4.1], [4.1], [0.5], [0.5], [0.5], [0.5], [0.7], [0.7], [0.9], [0.9], [0.6], [0.6], [0.7], [0.7], [0.5], [0.5], [1.55], [1.55, 1.5], [1.5]], "edges": [[1], [0, 45], [3], [2], [5], [4], [7], [6], [9], [8, 65], [11], [10], [13], [12], [15], [14], [17], [16], [19, 57], [18, 24, 60], [21], [20], [23], [22], [19], [26], [25], [28], [27], [30], [29], [32], [31], [34], [33], [36], [35], [38], [37], [40], [39], [42], [41], [44], [43], [1], [47], [46], [49], [48], [51], [50], [53], [52], [55], [54], [57], [56, 18], [59], [58], [19], [62], [61], [64], [63], [9], [67], [66], [69], [68], [71], [70], [73], [72], [75], [74], [77], [76], [79], [78], [81], [80], [83], [82], [85], [84], [87], [86], [89], [88], [91], [90], [93], [92, 94], [93]], "vertices": [[224.0, 67.0], [224.0, 52.0], [224.015873015873, 395.0], [224.015873015873, 373.0], [406.0, 345.0], [393.0, 345.0], [293.44444444444446, 233.0], [293.44444444444446, 203.0], [631.0, 257.0], [631.0, 236.0], [296.0, 252.0], [279.0, 252.0], [530.0, 395.0], [530.0, 363.0], [196.7070707070707, 258.0], [196.7070707070707, 227.0], [528.0, 253.47169811320754], [514.0, 253.47169811320754], [223.0, 167.0], [197.0, 167.0], [348.0, 52.57303370786517], [297.0, 52.57303370786517], [410.0, 99.0], [400.0, 99.0], [197.0, 199.0], [418.0, 253.19480519480518], [387.0, 253.19480519480518], [320.0, 254.0], [305.0, 254.0], [554.0, 332.0], [554.0, 322.0], [631.0, 333.0], [631.0, 321.0], [434.0, 365.4888888888889], [411.0, 365.4888888888889], [339.0, 345.3061224489796], [305.0, 345.3061224489796], [220.0, 293.0], [198.0, 293.0], [527.6333333333333, 102.0], [527.6333333333333, 83.0], [482.0, 365.86], [463.0, 365.86], [480.0, 85.8840579710145], [451.0, 85.8840579710145], [274.0, 52.0], [253.0, 253.0], [240.0, 253.0], [320.0, 219.015873015873], [295.0, 219.015873015873], [404.0, 251.0], [404.0, 231.0], [631.0, 59.02857142857143], [618.0, 59.02857142857143], [342.0, 325.0], [342.0, 311.0], [234.0, 138.0], [223.0, 138.0], [225.0, 351.0], [225.0, 338.0], [197.0, 180.0], [455.0, 99.0], [445.0, 99.0], [261.0, 137.0], [261.0, 127.0], [606.0, 236.0], [411.0, 442.0], [411.0, 431.0], [166.0, 203.0], [166.0, 190.0], [348.0, 252.0], [348.0, 240.0], [632.0, 91.0], [632.0, 80.0], [631.0, 199.2941176470588], [607.0, 199.2941176470588], [167.0, 173.0], [167.0, 159.0], [257.0, 345.0], [247.0, 345.0], [569.0, 410.0], [558.0, 410.0], [385.0, 282.0], [368.0, 282.0], [292.0, 182.0], [292.0, 167.0], [552.0, 313.0], [542.0, 313.0], [309.0, 292.0], [309.0, 280.0], [242.0, 168.0], [232.0, 168.0], [224.18965517241378, 83.0], [225.0, 103.0], [238.0, 103.0]]}