{"weights": [[1.75], [1.75], [1.25], [1.25], [0.75], [0.75], [1.05], [1.05], [2.85], [2.85], [0.75], [0.75], [1.3], [1.3], [0.9], [0.9, 1.7], [1.7], [1.7, 0.7], [2.45], [2.45], [0.75], [0.75], [0.65], [0.65, 1.1], [0.6, 1.25], [0.6], [0.7], [0.7], [1.25], [1.25, 1.0], [1.25], [0.6], [0.6, 0.8], [1.5], [1.5], [1.0], [1.8, 2.0500000000000007], [1.8], [0.85], [0.85], [1.4], [1.4, 3.2], [2.0500000000000007], [0.65], [0.65], [1.05], [1.05], [1.1], [1.1], [0.6], [0.6], [1.15], [1.15], [0.9], [0.9], [1.55], [1.55], [0.7], [0.7], [1.2], [1.2], [0.7], [1.1], [0.8], [1.95], [1.95, 3.2], [1.25], [1.25, 0.9], [0.9], [0.95], [0.95, 1.0], [1.0], [3.2, 3.2, 0.95], [0.95], [1.5], [1.5, 0.75], [0.75], [0.75], [0.75, 1.0], [1.0], [0.9], [0.9, 1.05], [1.05], [2.05], [2.05, 1.7]], "edges": [[1], [0], [3], [2], [5], [4], [7], [6], [9], [8], [11], [10], [13], [12], [15], [14, 84], [17], [16, 61], [19], [18], [21], [20], [23], [22, 62], [25, 30], [24], [27], [26], [29], [28, 35], [24], [32], [31, 63], [34], [33], [29], [37, 42], [36], [39], [38], [41], [40, 72], [36], [44], [43], [46], [45], [48], [47], [50], [49], [52], [51], [54], [53], [56], [55], [58], [57], [60], [59], [17], [23], [32], [65], [64, 72], [67], [66, 68], [67], [70], [69, 71], [70], [41, 65, 73], [72], [75], [74, 76], [75], [78], [77, 79], [78], [81], [80, 82], [81], [84], [83, 15]], "vertices": [[634.0, 86.0], [634.0, 57.0], [184.83157894736843, 270.0], [184.83157894736843, 138.0], [496.3454545454546, 252.0], [496.3454545454546, 216.0], [635.8230088495575, 298.0], [635.8230088495575, 252.0], [554.7557251908397, 410.0], [554.7557251908397, 355.0], [250.46715328467153, 249.0], [250.46715328467153, 168.0], [479.0, 251.3095238095238], [443.0, 251.3095238095238], [420.0, 278.0], [420.0, 250.0], [498.0, 122.0], [498.0, 105.0], [495.320987654321, 411.0], [495.320987654321, 369.0], [323.0, 490.49152542372883], [293.0, 490.49152542372883], [249.0, 208.0], [225.0, 208.0], [341.0, 249.0], [331.0, 249.0], [366.0, 217.0], [353.0, 217.0], [403.0, 105.0], [390.0, 105.0], [341.0, 287.0], [263.0, 490.0], [232.0, 490.0], [184.0, 160.0], [184.0, 139.0], [390.0, 142.0], [493.0, 413.0], [493.0, 402.0], [509.0, 147.52173913043478], [497.0, 147.52173913043478], [441.0, 394.0], [420.0, 394.0], [508.7636363636363, 429.2363636363636], [371.30555555555554, 335.0], [371.30555555555554, 310.0], [494.0, 393.44444444444446], [469.0, 393.44444444444446], [585.0, 362.5], [560.0, 362.5], [307.0, 249.0], [288.0, 249.0], [375.0, 285.48], [360.0, 285.48], [298.0, 286.0], [298.0, 267.0], [634.0, 56.97727272727273], [617.0, 56.97727272727273], [608.0, 264.0], [597.0, 264.0], [340.0, 479.0], [326.0, 479.0], [482.0, 105.0], [225.0, 197.0], [232.0, 473.0], [433.0, 306.0], [420.0, 306.0], [635.9767441860465, 333.0], [635.0, 363.0], [617.0, 363.0], [371.28632478632477, 377.0], [371.0, 479.0], [359.0, 479.0], [420.0, 380.0], [404.0, 380.42857142857144], [219.0, 104.02395209580838], [275.0, 104.0], [275.0, 143.0], [236.0, 287.0], [184.0, 287.0], [184.5, 272.0], [616.0, 148.3793103448276], [635.0, 148.0], [635.0, 160.0], [403.39923954372625, 144.0], [404.0, 250.0]]}