{"vertices": [[635.0, 86.0], [635.0, 57.0], [635.3617647058824, 298.0], [635.3617647058824, 252.0], [635.0, 160.0], [635.0, 148.0], [184.75454545454545, 270.0], [184.75454545454545, 138.0], [184.75454545454545, 286.0], [184.75454545454545, 272.0], [495.76119402985074, 252.0], [495.76119402985074, 216.0], [495.76119402985074, 416.0], [495.76119402985074, 369.0], [371.2888888888889, 335.0], [371.2888888888889, 310.0], [420.0, 278.0], [420.0, 250.0], [554.7557251908397, 410.0], [554.7557251908397, 355.0], [403.0, 104.0], [390.0, 104.0], [250.46715328467153, 249.0], [250.46715328467153, 168.0], [236.0, 286.0], [185.0, 286.0], [375.0, 286.4201680672269], [360.0, 286.4201680672269], [479.0, 250.23333333333332], [443.0, 250.23333333333332], [307.0, 250.23333333333332], [288.0, 250.23333333333332], [323.0, 490.4339622641509], [293.0, 490.4339622641509], [366.0, 217.0], [353.0, 217.0], [616.0, 148.0], [509.0, 148.0], [497.0, 148.0], [390.0, 142.0], [441.0, 393.0], [420.0, 393.0], [494.0, 393.4698795180723], [469.0, 393.4698795180723], [340.0, 479.0], [326.0, 479.0], [508.7636363636363, 429.2363636363636], [496.0, 416.0], [585.0, 362.6268656716418], [560.0, 362.6268656716418], [298.0, 286.0], [298.0, 267.0], [635.0, 56.97727272727273], [617.0, 56.97727272727273], [608.0, 264.0], [597.0, 264.0], [433.0, 306.0], [420.0, 306.0], [635.3617647058824, 333.0], [635.0, 362.0], [617.0, 362.6268656716418], [496.0, 122.0], [496.0, 104.0], [482.0, 104.25909090909092], [371.2888888888889, 377.0], [371.0, 479.0], [359.0, 479.0], [420.0, 380.0], [404.0, 380.42857142857144], [331.0, 250.23333333333332], [341.0, 250.0], [341.0, 287.0], [249.0, 207.6590909090909], [229.0, 207.0], [220.0, 207.6590909090909], [229.30769230769232, 197.0], [403.39923954372625, 144.0], [404.0, 250.0], [219.0, 104.25909090909092], [275.0, 105.0], [275.0, 143.0], [263.0, 490.0], [230.0, 490.0], [229.30769230769232, 473.0]], "weights": [[3.25], [3.25], [1.15], [1.15], [1.05], [1.05, 1.2], [0.85], [0.85], [0.85], [0.85], [0.5], [0.5], [1.0], [1.0], [0.7], [0.7], [2.35], [2.35, 1.75], [3.05], [3.05], [1.55], [1.55, 1.3], [0.75], [0.75], [0.8], [0.8], [1.35], [1.35], [1.2500000000000029], [1.2500000000000029], [0.5], [0.5], [0.95], [0.95], [0.5], [0.5], [1.2], [1.5], [1.5], [1.3], [1.15], [1.15, 0.55], [1.05], [1.05], [0.8], [0.8], [2.1500000000000092], [2.1500000000000092], [0.85], [0.85], [0.9], [0.9], [1.65], [1.65], [1.1], [1.1], [1.75], [1.75, 0.55], [1.5], [1.5, 0.55], [0.55], [1.3], [1.3, 1.0], [1.0], [0.95], [0.95, 1.0], [1.0], [0.55, 0.55, 1.0], [1.0], [0.65], [0.65, 0.9], [0.9], [0.8], [0.8, 0.8, 0.3], [0.8], [0.3], [1.25], [1.25, 1.75], [1.45], [1.45, 1.15], [1.15], [0.7], [0.7, 0.25], [0.25]], "edges": [[1], [0], [3], [2], [5], [4, 36], [7], [6], [9], [8], [11], [10], [13], [12], [15], [14], [17], [16, 77], [19], [18], [21], [20, 39], [23], [22], [25], [24], [27], [26], [29], [28], [31], [30], [33], [32], [35], [34], [5], [38], [37], [21], [41], [40, 67], [43], [42], [45], [44], [47], [46], [49], [48], [51], [50], [53], [52], [55], [54], [57], [56, 67], [59], [58, 60], [59], [62], [61, 63], [62], [65], [64, 66], [65], [41, 57, 68], [67], [70], [69, 71], [70], [73], [72, 74, 75], [73], [73], [77], [76, 17], [79], [78, 80], [79], [82], [81, 83], [82]]}