{"weights": [[1.45], [1.45, 2.25], [1.5], [1.5], [0.25], [0.25, 2.5], [2.2500000000000013], [2.2500000000000013], [1.5], [1.5], [2.5], [2.5], [1.45], [1.45, 1.5500000000000127], [0.85], [0.85, 1.8], [2.25], [1.25], [1.25, 1.5500000000000127], [1.25], [1.25, 1.8, 1.4499999999999915], [2.5], [1.5], [1.5], [2.15], [2.15], [1.05], [1.05], [1.25], [1.25], [2.25], [2.25], [2.75], [2.75, 1.6], [1.6], [1.6, 2.0], [1.4499999999999915], [3.15], [3.15], [1.45], [1.45], [1.5], [1.5], [2.0], [1.6], [2.25], [2.25], [1.5], [1.5, 2.35], [2.35], [2.0], [2.0, 2.25], [2.0], [2.0], [1.35], [1.35, 1.35, 1.5], [1.35], [1.5], [2.25], [2.25, 1.25], [1.25], [1.750000000000006], [1.750000000000006, 2.15], [2.15], [2.25], [2.25, 2.25], [1.6], [1.6, 1.85], [1.85]], "edges": [[1], [0, 16], [3], [2], [5], [4, 21], [7], [6], [9], [8], [11], [10], [13], [12, 18], [15], [14, 20], [1], [18], [17, 13], [20], [19, 15, 36], [5], [23], [22], [25], [24], [27], [26], [29], [28], [31], [30], [33], [32, 44], [35], [34, 43], [20], [38], [37], [40], [39], [42], [41], [35], [33], [46], [45], [48], [47, 49], [48], [51], [50, 65], [53], [52], [55], [54, 56, 57], [55], [55], [59], [58, 60], [59], [62], [61, 63], [62], [65], [64, 51], [67], [66, 68], [67]], "vertices": [[309.0, 284.0], [309.0, 44.0], [568.9969604863222, 287.0], [568.9969604863222, 175.0], [511.0, 132.0], [511.0, 18.0], [125.99862068965517, 329.0], [125.99862068965517, 185.0], [702.0, 176.0], [609.0, 176.0], [305.0, 329.0], [126.0, 329.0], [361.0, 470.0], [361.0, 406.0], [702.0, 328.0], [604.0, 328.0], [375.0, 44.0], [489.0, 380.0], [387.0, 380.0], [636.0, 380.0], [604.0, 380.0], [551.0, 18.0], [359.0, 445.0], [311.0, 445.0], [158.0, 96.02380952380952], [124.0, 96.02380952380952], [702.0, 379.875], [672.0, 379.875], [340.0, 352.97435897435895], [311.0, 352.97435897435895], [305.0, 96.0220588235294], [277.0, 96.0220588235294], [253.0, 326.0], [253.0, 295.0], [701.0, 232.0], [666.0, 232.0], [569.0, 349.0], [702.0, 258.4925373134328], [668.0, 258.4925373134328], [361.01408450704224, 530.0], [361.01408450704224, 506.0], [143.0, 295.0], [129.0, 295.0], [666.0, 247.0], [236.0, 295.0], [507.0, 44.03225806451613], [494.0, 44.03225806451613], [308.0169491525424, 319.0], [308.0, 533.0], [375.0, 533.0], [655.0, 532.5], [705.0, 532.0], [575.0, 533.0], [533.0, 533.0], [702.0, 249.63443396226415], [626.0, 249.0], [570.0, 249.63443396226415], [626.027027027027, 287.0], [456.0, 532.9508196721312], [533.0, 532.0], [533.002132196162, 377.0], [340.0, 353.0], [366.0, 327.0], [349.0, 327.48148148148147], [673.0, 18.11023622047244], [705.0, 18.0], [569.0933333333334, 320.0], [570.0, 349.0], [602.0, 349.0]]}