{"vertices": [[308.0, 284.0], [308.0, 44.0], [569.0148514851485, 346.0], [569.0148514851485, 320.0], [569.0148514851485, 287.0], [569.0148514851485, 175.0], [511.0, 132.0], [511.0, 18.0], [125.99862068965517, 329.0], [125.99862068965517, 185.0], [702.0, 176.0], [609.0, 176.0], [305.0, 329.0], [126.0, 329.0], [702.0, 329.0], [604.0, 329.0], [364.0, 328.69565217391306], [349.0, 328.69565217391306], [361.0, 470.0], [361.0, 406.0], [361.01476014760146, 530.0], [361.01476014760146, 506.0], [375.0, 44.0], [507.0, 44.01049868766404], [494.0, 44.01049868766404], [489.0, 380.0], [387.0, 380.0], [636.0, 380.0], [604.0, 380.0], [702.0, 379.94105263157894], [672.0, 379.94105263157894], [551.0, 18.0], [340.0, 353.0], [364.0, 329.0], [359.0, 445.0], [311.0, 445.0], [158.0, 96.02302631578948], [124.0, 96.02302631578948], [305.0, 96.02302631578948], [277.0, 96.02302631578948], [340.0, 352.9597315436242], [311.0, 352.9597315436242], [602.0, 352.9597315436242], [576.0, 352.9597315436242], [253.0, 326.0], [253.0, 295.0], [701.0, 232.0], [666.0, 232.0], [569.0, 346.0], [702.0, 258.4925373134328], [668.0, 258.4925373134328], [143.0, 295.0], [129.0, 295.0], [236.0, 295.0], [666.0, 247.0], [308.30105263157895, 319.0], [308.0, 533.0], [375.0, 533.0], [655.0, 532.7852348993289], [705.0, 532.0], [575.0, 533.0], [533.0, 533.0], [702.0, 249.63443396226415], [626.0, 249.0], [570.0, 249.63443396226415], [626.027027027027, 287.0], [456.0, 532.7852348993289], [533.0, 532.0], [533.002132196162, 377.0], [673.0, 18.047457627118643], [705.0, 19.0]], "weights": [[1.45], [1.45, 2.25], [1.35], [1.35], [1.65], [1.65], [0.25], [0.25, 2.65], [2.2500000000000027], [2.2500000000000027], [1.5], [1.5], [2.25], [2.25], [0.65], [0.65, 1.6], [2.45], [2.45], [1.65], [1.65, 1.4500000000000117], [1.25], [1.25], [2.25], [2.25], [2.25], [1.35], [1.35, 1.4500000000000117], [1.35], [1.35, 1.6, 2.8499999999999908], [1.25], [1.25], [2.65], [1.350000000000011], [1.350000000000011], [1.7], [1.7], [2.15], [2.15], [2.25], [2.25], [1.25], [1.25], [1.45], [1.45], [1.55], [1.55, 1.3], [1.75], [1.75, 2.1], [2.8499999999999908], [1.25], [1.25], [1.3], [1.3], [1.3], [2.1], [2.25], [2.25, 2.55], [2.55], [1.75], [1.75, 2.25], [1.85], [1.85], [1.35], [1.35, 1.35, 1.25], [1.35], [1.25], [2.25], [2.25, 1.45], [1.45], [2.25], [2.25, 2.25]], "edges": [[1], [0, 22], [3], [2], [5], [4], [7], [6, 31], [9], [8], [11], [10], [13], [12], [15], [14, 28], [17], [16], [19], [18, 26], [21], [20], [1], [24], [23], [26], [25, 19], [28], [27, 15, 48], [30], [29], [7], [33], [32], [35], [34], [37], [36], [39], [38], [41], [40], [43], [42], [45], [44, 53], [47], [46, 54], [28], [50], [49], [52], [51], [45], [47], [56], [55, 57], [56], [59], [58, 70], [61], [60], [63], [62, 64, 65], [63], [63], [67], [66, 68], [67], [70], [69, 59]]}