{"vertices": [[601.9474701901386, 13.0], [601.9474701901386, 0.0], [225.0, 205.0010859102578], [225.0, 4.0], [396.0, 4.0], [549.0, 3.7443037974683544], [440.0, 3.7443037974683544], [390.0, 78.83602150537635], [229.0, 78.83602150537635], [389.73779637377964, 251.0], [389.73779637377964, 171.0], [390.0, 130.0], [390.0, 79.0], [389.73779637377964, 438.0], [389.73779637377964, 417.0], [389.73779637377964, 527.0], [389.73779637377964, 507.0], [389.73779637377964, 35.0], [389.73779637377964, 10.0], [602.0, 309.5036496350365], [495.0, 309.5036496350365], [532.0, 351.48979591836735], [495.0, 351.48979591836735], [522.0, 339.0], [522.0, 312.0], [386.0, 178.5], [339.0, 178.5], [371.5, 292.0], [371.5, 254.0], [398.0, 438.0], [398.0, 418.0], [398.0, 527.0], [398.0, 507.0], [434.3958167440354, 398.76844066335923], [602.0, 310.0], [602.0, 548.0], [562.0, 548.5133214920071], [601.9474701901386, 57.0], [601.0, 250.0], [481.0, 250.998606271777], [225.096186610695, 477.99924188676516], [225.0, 531.0], [225.01047233619218, 240.99927288645077], [225.0, 250.0], [390.0, 250.998606271777], [387.0, 339.9925465838509], [225.0, 339.0], [225.01047233619218, 392.00106145059027], [476.0, 549.0], [438.0, 549.0], [438.0, 531.0], [438.29014396456256, 338.0]], "weights": [[5.85], [5.85], [3.249999999999992], [3.249999999999992, 3.75], [3.75], [3.25], [3.25], [2.15], [2.15], [1.85], [1.85], [1.85], [1.85], [0.25], [0.25], [0.25], [0.25], [1.75], [1.75], [1.75], [1.75], [6.1], [6.1], [2.5], [2.5], [2.0], [2.0], [2.0], [2.0], [2.5], [2.5, 1.8999999999999855], [2.0], [2.0], [1.8999999999999855], [3.35], [3.35, 3.6], [3.6], [3.25], [3.25, 2.25], [2.25], [1.5], [1.5, 3.25], [3.249999999999992], [3.249999999999992, 2.25, 3.249999999999992], [2.25], [2.85], [2.85, 3.249999999999992, 3.249999999999992], [3.249999999999992], [3.6], [3.6, 2.05], [3.25, 2.05, 2.05], [2.05]], "edges": [[1], [0], [3], [2, 4], [3], [6], [5], [8], [7], [10], [9], [12], [11], [14], [13], [16], [15], [18], [17], [20], [19], [22], [21], [24], [23], [26], [25], [28], [27], [30], [29, 33], [32], [31], [30], [35], [34, 36], [35], [38], [37, 39], [38], [41], [40, 50], [43], [42, 44, 46], [43], [46], [45, 47, 43], [46], [49], [48, 50], [41, 51, 49], [50]]}