{"weights": [[2.25], [2.25], [1.5, 2.25], [1.5, 2.15], [1.05], [1.05], [3.85], [3.85, 1.55], [2.9], [2.9], [1.5], [1.5], [2.5, 0.75], [2.5], [7.75], [7.75, 3.25], [0.75], [0.75, 1.0], [2.25], [2.25], [1.0], [1.0], [3.25], [7.75], [7.75], [0.5], [0.5], [1.0, 1.0], [1.5], [1.5], [2.15], [2.15], [2.15], [2.25], [2.25], [1.4], [1.4], [1.1], [1.1], [1.0], [2.25], [1.55], [1.55], [1.55], [1.75], [1.75], [1.5], [1.5], [0.8], [0.8], [0.75, 1.0499999999999883], [5.65], [5.65, 1.75], [1.75], [2.35], [2.35, 2.3], [2.3], [0.7], [0.7, 1.5], [1.5], [1.85], [1.85, 1.75], [1.8], [1.8, 1.8, 4.05], [1.8], [4.05], [1.5], [1.5, 1.75], [1.25], [1.25, 1.0], [1.0], [1.25], [1.25, 1.0499999999999883]], "edges": [[1], [0], [3, 40], [2, 32], [5], [4], [7], [6, 43], [9], [8], [11], [10], [13, 50], [12], [15], [14, 22], [17], [16, 27], [19], [18], [21], [20], [15], [24], [23], [26], [25], [17, 39], [29], [28], [31], [30], [3], [34], [33], [36], [35], [38], [37], [27], [2], [42], [41], [7], [45], [44], [47], [46], [49], [48], [12, 72], [52], [51, 53], [52], [55], [54, 56], [55], [58], [57, 59], [58], [61], [60, 67], [63], [62, 64, 65], [63], [63], [67], [66, 61], [69], [68, 70], [69], [72], [71, 50]], "vertices": [[452.02490660024904, 374.0], [452.02490660024904, 210.0], [99.0, 368.0], [99.0, 76.0], [711.2493224932249, 385.0], [711.2493224932249, 223.0], [238.0, 166.0], [238.0, 52.0], [710.0, 249.0], [588.0, 249.0], [711.0, 170.56457564575646], [452.0, 170.56457564575646], [548.0, 249.0], [455.0, 249.0], [531.0, 16.0], [452.0, 16.0], [286.0, 318.0], [286.0, 228.0], [311.0, 368.0318302387268], [233.0, 368.0318302387268], [409.5, 291.0], [409.5, 216.0], [452.0, 78.0], [730.866391184573, 127.0], [730.866391184573, 59.0], [712.3137829912024, 171.0], [712.3137829912024, 111.0], [353.0, 228.0], [721.5223880597015, 127.0], [721.5223880597015, 110.0], [414.0, 368.01408450704224], [385.0, 368.01408450704224], [138.0, 76.0], [237.0, 75.98901098901099], [200.0, 75.98901098901099], [470.0, 218.0], [455.0, 218.0], [329.5, 318.0], [329.5, 289.0], [353.0, 216.0], [137.0, 368.0], [594.2333333333333, 209.0], [594.2333333333333, 173.0], [269.0, 52.0], [711.0, 196.0], [711.0, 171.0], [722.5, 76.0], [722.5, 59.0], [117.0, 228.48387096774192], [101.0, 228.48387096774192], [548.0, 231.0], [713.0, 75.0], [713.0, 16.0], [629.0, 16.495412844036696], [453.0546762589928, 408.0], [453.0, 549.0], [486.0, 549.0], [711.4957983193277, 429.0], [711.0, 548.0], [679.0, 548.0], [319.0, 52.46511627906977], [351.0, 52.0], [286.0, 227.95135135135135], [238.0, 227.0], [215.0, 227.95135135135135], [238.4814814814815, 199.0], [367.0, 76.0], [351.0, 76.0], [287.0, 287.3071895424837], [353.0, 287.0], [353.5, 260.0], [520.0, 218.0625], [535.0, 218.0]]}