{"vertices": [[712.1647058823529, 385.0], [712.1647058823529, 223.0], [712.1647058823529, 169.0], [712.1647058823529, 110.0], [712.0, 196.0], [712.0, 171.0], [452.4140056022409, 374.0], [452.4140056022409, 210.0], [452.0, 78.0], [452.0, 16.0], [99.0, 368.0], [99.0, 76.0], [238.0, 166.0], [238.0, 52.0], [238.22865853658536, 227.0], [238.22865853658536, 199.0], [710.0, 249.0], [588.0, 249.0], [548.0, 249.0], [455.0, 249.0], [712.0, 170.56457564575646], [452.0, 170.56457564575646], [531.0, 16.0], [269.0, 52.0], [311.0, 368.03779069767444], [233.0, 368.03779069767444], [414.0, 368.03779069767444], [385.0, 368.03779069767444], [137.0, 368.0], [409.5, 291.0], [409.5, 216.0], [730.866391184573, 127.0], [730.866391184573, 59.0], [117.0, 228.20857142857142], [101.0, 228.20857142857142], [367.0, 76.0], [352.0, 76.0], [138.0, 76.0], [237.0, 76.00451467268623], [200.0, 76.00451467268623], [722.5, 127.0], [722.5, 110.0], [722.5, 76.0], [722.5, 59.0], [470.0, 218.03296703296704], [455.0, 218.03296703296704], [329.5, 318.0], [329.5, 289.0], [594.2333333333333, 209.0], [594.2333333333333, 173.0], [548.0, 231.0], [712.0, 75.0], [712.0, 16.0], [629.0, 16.490712074303406], [712.1647058823529, 429.0], [712.0, 548.0], [679.0, 548.958174904943], [319.0, 52.47540983606557], [352.0, 52.0], [286.0, 318.0], [286.0, 228.0], [215.0, 228.20857142857142], [351.0, 228.0], [351.8156028368794, 216.0], [287.0, 287.3071895424837], [351.0, 287.0], [351.8156028368794, 260.0], [520.0, 218.03296703296704], [535.0, 218.0], [452.4140056022409, 408.0], [453.0, 549.0], [486.0, 549.0]], "weights": [[0.5], [0.5], [8.4], [8.4], [0.5], [0.5], [2.25], [2.25], [3.15], [3.15, 7.75], [1.8, 2.35], [1.8, 2.25], [0.95], [0.95, 1.85], [3.85], [3.85], [2.5], [2.5], [2.5, 1.15], [2.5], [0.75], [0.75], [7.75], [1.85], [2.25], [2.25], [2.25], [2.25], [2.35], [1.0], [1.0], [7.75], [7.75], [0.85], [0.85], [4.25], [4.25, 1.75], [2.25], [2.35], [2.35], [1.5], [1.5], [1.5], [1.5], [1.25], [1.25], [1.0], [1.0], [1.35], [1.35], [1.15, 1.0999999999999848], [8.45], [8.45, 7.35], [7.35], [0.5], [0.5, 1.35], [1.35], [1.75], [1.75, 1.75], [0.95], [0.95, 1.85, 0.85], [1.85], [0.85, 0.5], [0.5], [1.85], [1.85, 0.5], [0.5], [1.25], [1.25, 1.0999999999999848], [1.9], [1.9, 2.1], [2.1]], "edges": [[1], [0], [3], [2], [5], [4], [7], [6], [9], [8, 22], [11, 28], [10, 37], [13], [12, 23], [15], [14], [17], [16], [19, 50], [18], [21], [20], [9], [13], [25], [24], [27], [26], [10], [30], [29], [32], [31], [34], [33], [36], [35, 58], [11], [39], [38], [41], [40], [43], [42], [45], [44], [47], [46], [49], [48], [18, 68], [52], [51, 53], [52], [55], [54, 56], [55], [58], [57, 36], [60], [59, 61, 62], [60], [60, 63], [62], [65], [64, 66], [65], [68], [67, 50], [70], [69, 71], [70]]}