{"weights": [[3.25], [3.25], [3.249999999999994], [3.249999999999994, 3.75], [3.75], [1.5], [1.5], [3.5], [3.5], [6.05], [6.05], [2.25], [2.25], [2.05], [2.05], [1.75], [1.75], [2.0], [2.0], [3.5], [3.5], [1.5], [1.5], [2.5], [2.5], [2.2], [2.2], [1.5], [1.5, 2.1499999999999835], [1.75], [1.75], [2.0], [2.0], [5.1], [5.1], [2.1499999999999835], [3.35], [3.35, 3.45], [3.45], [3.25], [3.25, 2.5], [2.5], [2.45], [2.45, 2.45, 3.25], [2.45], [3.25], [1.9], [1.9, 2.0], [2.0]], "edges": [[1], [0], [3], [2, 4], [3], [6], [5], [8], [7], [10], [9], [12], [11], [14], [13], [16], [15], [18], [17], [20], [19], [22], [21], [24], [23], [26], [25], [28], [27, 35], [30], [29], [32], [31], [34], [33], [28], [37], [36, 38], [37], [40], [39, 41], [40], [43], [42, 44, 45], [43], [43], [47], [46, 48], [47]], "vertices": [[224.96083550913838, 531.0], [224.96083550913838, 478.0], [225.0, 205.0020896135865], [225.0, 4.0], [396.0, 4.0], [224.89634146341464, 392.0], [224.89634146341464, 241.0], [549.0, 3.5], [440.0, 3.5], [396.0, 250.99765258215962], [225.0, 250.99765258215962], [387.0, 339.9925465838509], [225.0, 339.9925465838509], [388.0, 78.83602150537635], [229.0, 78.83602150537635], [602.0, 309.5036496350365], [495.0, 309.5036496350365], [388.0, 130.0], [388.0, 79.0], [476.0, 548.0], [438.0, 548.0], [532.0, 351.48979591836735], [495.0, 351.48979591836735], [522.0, 339.0], [522.0, 312.0], [371.5, 292.0], [371.5, 254.0], [397.0, 438.0], [397.0, 418.0], [396.5189873417722, 527.0], [396.5189873417722, 507.0], [388.5, 35.0], [388.5, 10.0], [598.5416666666666, 13.0], [598.5416666666666, 0.0], [434.3958167440354, 398.76844066335923], [602.0, 310.0], [602.0, 548.0], [562.0, 548.5265017667845], [601.9956204379562, 57.0], [601.0, 251.0], [481.0, 251.0], [438.29014396456256, 548.0], [438.0, 531.0], [438.29014396456256, 338.0], [225.0, 531.0], [388.0, 248.0], [388.0, 178.0], [339.0, 178.5]]}