{"weights": [[1.75], [1.75], [2.0], [2.0], [0.75], [0.75], [1.4], [1.4], [0.95], [0.95], [1.85], [1.85, 1.8], [0.75, 3.15], [0.75], [2.0], [2.0], [2.0], [2.0, 2.0], [1.0, 1.4], [1.0, 0.75], [3.8, 1.35], [3.8, 1.15], [1.0], [1.0, 1.2], [1.05], [1.05], [1.2], [3.15, 1.0], [0.75], [0.75], [2.0], [2.0, 4.35], [1.35, 1.0], [1.15, 1.9], [1.0], [1.0], [1.0], [0.8], [0.8], [1.0], [1.0], [1.9, 0.500000000000004], [1.3], [1.3], [0.95], [0.95], [0.75], [1.1], [1.1], [1.0], [0.85], [0.85], [0.500000000000004], [4.35, 2.0], [1.75], [1.75, 2.0], [2.0], [2.0, 1.25], [2.0], [2.0, 1.25], [0.75], [0.75, 0.75], [0.75], [1.65], [1.65, 1.65, 1.35], [1.65], [1.35], [1.2, 1.1], [1.2, 1.4], [1.8, 1.8], [1.8], [1.25], [1.25, 1.0], [1.0], [1.95], [1.95, 0.75], [0.75], [0.75], [0.75, 2.0], [2.0], [1.1, 2.0]], "edges": [[1], [0], [3], [2], [5], [4], [7], [6], [9], [8], [11], [10, 69], [13, 27], [12], [15], [14], [17], [16, 53], [19, 68], [18, 46], [21, 32], [20, 33], [23], [22, 26], [25], [24], [23], [12, 36], [29], [28], [31], [30, 53], [20, 49], [21, 41], [35], [34], [27], [38], [37], [40], [39], [33, 52], [43], [42], [45], [44], [19], [48], [47], [32], [51], [50], [41], [31, 17], [55], [54, 80], [57], [56, 59], [59], [58, 57], [61], [60, 62], [61], [64], [63, 65, 66], [64], [64], [68, 80], [67, 18], [11, 70], [69], [72], [71, 73], [72], [75], [74, 76], [75], [78], [77, 79], [78], [67, 55]], "vertices": [[349.0, 6.48936170212766], [253.0, 6.48936170212766], [481.0, 6.5], [407.0, 6.5], [158.5032679738562, 542.0], [158.5032679738562, 388.0], [466.0, 133.4977973568282], [352.0, 133.4977973568282], [288.50359712230215, 72.0], [288.50359712230215, 7.0], [549.0, 304.0], [506.0, 304.0], [248.0, 133.0], [160.0, 133.0], [628.0, 304.5], [574.0, 304.5], [138.0, 190.0], [138.0, 132.0], [391.0, 250.0], [320.0, 250.0], [465.0, 245.0], [465.0, 184.0], [390.0, 172.0], [348.0, 172.0], [442.9009584664537, 132.0], [442.9009584664537, 9.0], [348.0, 248.0], [248.0, 172.0], [200.0, 542.0], [159.0, 542.0], [195.0, 6.0], [160.0, 6.0], [426.0, 245.0], [426.0, 184.0], [315.0, 72.0], [289.0, 72.0], [284.0, 172.0], [164.0, 160.51063829787233], [140.0, 160.51063829787233], [158.5, 354.0], [158.5, 307.0], [426.0, 170.0], [319.51162790697674, 188.0], [319.51162790697674, 172.0], [247.0, 160.51063829787233], [223.0, 160.51063829787233], [320.0, 274.0], [347.0, 188.0], [320.0, 188.0], [426.0, 266.0], [466.0, 144.46428571428572], [451.0, 144.46428571428572], [438.0, 182.00000000000003], [160.0, 132.0], [137.48598130841123, 275.0], [137.0, 304.0], [667.0, 6.5], [694.0, 6.0], [653.0, 304.5], [694.0, 304.0], [424.5016501650165, 390.0], [424.0, 541.0], [384.0, 541.5064935064935], [597.0, 6.49402390438247], [573.0, 6.0], [532.0, 6.49402390438247], [573.0394736842105, 34.0], [425.0, 266.0], [391.0, 266.0], [506.0, 394.0], [484.0, 394.5], [572.9957805907173, 65.0], [572.0, 144.0], [503.0, 144.5], [284.0, 133.52307692307693], [316.0, 133.0], [316.49640287769785, 63.0], [426.0, 353.0], [398.0, 353.0], [398.5, 308.0], [425.0, 304.0]]}