{"vertices": [[159.0, 133.0], [159.0, 6.0], [159.0655737704918, 354.0], [159.0655737704918, 307.0], [549.0, 304.0], [506.0, 304.0], [628.0, 304.49647473560515], [574.0, 304.49647473560515], [349.0, 6.4952215464813206], [253.0, 6.4952215464813206], [481.0, 6.4952215464813206], [407.0, 6.4952215464813206], [195.0, 6.0], [425.0, 304.0], [425.0, 267.0], [425.0, 185.0], [425.0, 169.0], [466.0, 133.37523105360444], [352.0, 133.37523105360444], [248.0, 133.0], [137.0, 133.0], [288.50359712230215, 72.0], [288.50359712230215, 7.0], [137.0, 190.0], [465.0, 248.0], [425.0, 248.0], [465.0, 185.0], [390.0, 172.0], [348.0, 172.0], [284.0, 172.0], [248.0, 172.0], [466.0, 144.4939024390244], [451.0, 144.4939024390244], [442.9009584664537, 132.0], [442.9009584664537, 9.0], [426.0, 353.0], [398.0, 353.0], [317.6651982378855, 194.0], [317.6651982378855, 172.0], [318.0, 274.0], [318.0, 248.0], [397.94736842105266, 353.0], [397.94736842105266, 308.0], [394.0, 265.0], [394.0, 248.0], [347.0, 185.08695652173913], [321.0, 185.08695652173913], [315.0, 72.0], [289.0, 72.0], [164.0, 160.51063829787233], [140.0, 160.51063829787233], [247.0, 160.51063829787233], [223.0, 160.51063829787233], [438.0, 182.00000000000003], [159.0655737704918, 388.0], [159.0, 542.0], [200.0, 542.0], [653.0, 304.49647473560515], [694.0, 304.0], [597.0, 6.4952215464813206], [573.0, 6.0], [532.0, 6.4952215464813206], [573.0063897763579, 34.0], [667.0, 6.4952215464813206], [694.0, 6.0], [424.82983682983684, 390.0], [424.0, 541.0], [384.0, 541.5064102564103], [425.0, 266.0], [284.0, 133.37523105360444], [317.0, 133.0], [317.6651982378855, 63.0], [506.0, 394.0], [484.0, 394.5], [573.0063897763579, 65.0], [573.0, 144.0], [503.0, 144.4939024390244], [348.0, 248.0], [394.0, 266.0], [138.0, 304.0], [137.49560117302053, 275.0]], "weights": [[4.15, 0.85, 1.75], [4.15, 1.7500000000000004], [0.5], [0.5], [2.15], [2.15, 1.75], [1.75], [1.75], [1.7500000000000004], [1.7500000000000004], [1.75], [1.75], [1.7500000000000004], [0.5, 1.75], [0.5], [1.6, 0.5], [1.6, 0.500000000000004], [1.05], [1.05], [0.85, 0.75], [1.75, 1.85], [0.75], [0.75], [1.85], [0.25, 0.95], [0.25, 0.5], [0.95, 0.5], [1.5], [1.5, 1.1], [1.0], [1.0, 0.75], [1.15], [1.15], [1.15], [1.15], [0.95], [0.95], [0.5], [0.5], [0.5], [0.5, 0.65], [1.75], [1.75], [0.25], [0.25, 0.65, 1.6], [0.35], [0.35], [1.3], [1.3], [0.8], [0.8], [1.05], [1.05], [0.500000000000004], [0.5], [0.5, 0.75], [0.75], [1.75], [1.75, 1.25], [1.7500000000000004], [1.7500000000000004, 1.7500000000000004, 7.45], [1.7500000000000004], [7.45], [1.7500000000000004], [1.7500000000000004, 1.25], [0.75], [0.75, 0.7], [0.7], [0.5, 1.4], [1.65], [1.65, 0.25], [0.25], [1.75, 2.0], [2.0], [1.25], [1.25, 0.75], [0.75], [0.65, 0.65, 1.1], [1.6, 1.4], [1.75, 1.75], [1.75]], "edges": [[1, 19, 20], [0, 12], [3], [2], [5], [4, 72], [7], [6], [9], [8], [11], [10], [1], [14, 79], [13], [16, 26], [15, 53], [18], [17], [0, 30], [0, 23], [22], [21], [20], [25, 26], [24, 68], [24, 15], [28], [27, 77], [30], [29, 19], [32], [31], [34], [33], [36], [35], [38], [37], [40], [39, 77], [42], [41], [44], [43, 77, 78], [46], [45], [48], [47], [50], [49], [52], [51], [16], [55], [54, 56], [55], [58], [57, 64], [60], [59, 61, 62], [60], [60], [64], [63, 58], [66], [65, 67], [66], [25, 78], [70], [69, 71], [70], [5, 73], [72], [75], [74, 76], [75], [44, 40, 28], [44, 68], [13, 80], [79]]}