{"weights": [[1.5, 1.5], [1.5, 1.5], [1.5, 5.5], [1.5, 5.0], [1.45], [1.45], [1.5], [1.5], [1.5], [1.75], [1.75, 1.4], [0.75], [0.75], [0.75, 0.75], [0.75, 0.6], [1.5, 5.5], [1.5, 0.6], [5.5], [5.5, 5.6], [5.5, 1.5], [5.5], [1.65, 0.95], [1.65, 0.75], [0.75, 1.5], [0.75], [0.75, 0.6999999999999815], [1.5], [1.5], [0.8999999999999911], [0.8999999999999911], [1.5], [1.55], [1.55], [5.1], [5.1, 5.0], [2.75], [2.75], [1.05], [1.05], [1.65], [1.65], [1.45], [1.45], [1.05], [1.05, 0.6], [4.05], [4.05], [1.5], [1.5], [0.65], [0.65], [0.6999999999999815], [1.4], [1.75], [1.75], [0.5], [0.5], [1.0], [1.0], [0.5999999999999647, 0.75], [0.5999999999999647], [0.75], [0.95], [1.1], [1.1, 0.55, 1.0], [1.7], [1.7], [1.000000000000008], [1.000000000000008, 0.75], [1.2], [1.2], [0.6], [0.7], [0.7], [1.75], [1.75, 5.25], [5.6], [5.6, 5.6, 5.6], [5.6], [1.0], [1.0], [1.5, 1.5, 1.5], [0.55], [1.0], [0.75, 1.45], [1.45], [0.75, 2.8], [2.8], [5.25, 1.5]], "edges": [[1, 81], [0, 6], [3, 15], [2, 34], [5], [4], [1], [8], [7], [10], [9, 52], [12], [11], [14, 23], [13, 44], [16, 2], [15, 71], [18], [17, 77], [20, 81], [19], [22, 62], [21, 61], [13, 30], [25], [24, 51], [27], [26], [29], [28], [23], [32], [31], [34], [33, 3], [36], [35], [38], [37], [40], [39], [42], [41], [44], [43, 14], [46], [45], [48], [47], [50], [49], [25], [10], [54], [53], [56], [55], [58], [57], [60, 86], [59], [22], [21], [64], [63, 82, 83], [66], [65], [68], [67, 84], [70], [69], [16], [73], [72], [75], [74, 88], [77], [76, 18, 78], [77], [80], [79], [0, 19, 88], [64], [64], [68, 85], [84], [59, 87], [86], [75, 81]], "vertices": [[331.0, 517.0], [331.0, 422.0], [705.0, 406.0], [526.0, 406.0], [690.0015673981192, 252.0], [690.0015673981192, 39.0], [408.0, 422.0], [331.0, 421.0], [266.0, 421.0], [120.0, 245.0], [120.0, 151.0], [332.0, 334.50375939849624], [265.0, 334.50375939849624], [335.0, 298.0], [261.0, 298.0], [705.0, 298.0], [609.0, 298.0], [529.0, 467.0], [408.0, 467.0], [196.0, 517.0], [196.0, 429.0], [637.0, 240.0], [637.0, 140.0], [335.0, 151.0], [599.0, 194.0], [599.0, 116.0], [489.0, 259.0], [489.0, 247.0], [573.5040983606558, 300.5040983606557], [615.0040983606558, 259.0040983606557], [381.0, 151.0], [599.0, 223.6], [531.0, 223.6], [526.0, 456.0], [526.0, 428.0], [310.03374233128835, 418.0], [310.03374233128835, 336.0], [265.76258992805754, 421.0], [265.76258992805754, 362.0], [562.7088607594936, 261.0], [562.7088607594936, 225.0], [559.990990990991, 77.0], [559.990990990991, 39.0], [286.0, 260.0], [261.0, 260.0], [491.8341463414634, 168.0], [491.8341463414634, 136.0], [491.46268656716416, 218.0], [491.46268656716416, 206.0], [334.0, 260.48936170212767], [310.0, 260.48936170212767], [560.0, 77.0], [139.0, 151.0], [228.0, 422.0], [202.0, 422.0], [609.0, 400.0], [609.0, 368.0], [688.0, 190.5], [639.0, 190.5], [527.0, 297.0], [563.0, 261.0], [665.0, 140.0], [665.0, 240.0], [228.0, 373.0], [228.0, 353.0], [690.0, 296.0], [690.0, 272.0], [228.28048780487802, 260.7195121951219], [206.0, 238.0], [228.5, 421.0], [228.5, 399.0], [609.0, 267.0], [574.5238095238095, 342.0], [574.5238095238095, 331.0], [119.48262548262548, 294.0], [119.0, 424.0], [530.0, 462.0], [408.0, 462.0], [408.0, 424.0], [489.0, 297.5], [504.0, 297.0], [202.0, 517.0], [121.0, 353.440414507772], [228.5, 296.0], [206.0, 151.0], [187.0, 151.02], [505.0, 297.0], [504.5900900900901, 157.0], [202.0, 424.0]]}