{"vertices": [[332.0, 517.0], [332.0, 423.0], [119.0, 245.0], [119.0, 151.0], [691.2496909765142, 252.0], [691.2496909765142, 39.0], [691.2496909765142, 400.0], [691.2496909765142, 299.0], [691.2496909765142, 296.0], [691.2496909765142, 272.0], [413.0, 423.0], [265.0, 423.0], [332.0, 334.50375939849624], [265.0, 334.50375939849624], [199.0, 470.0], [199.0, 423.0], [332.0, 298.0], [265.0, 298.0], [705.0, 298.0], [609.0, 298.0], [526.0, 298.0], [505.0, 298.0], [529.0, 467.0], [408.0, 467.0], [200.0, 470.0], [637.0, 240.0], [637.0, 140.0], [599.0, 194.0], [599.0, 116.0], [228.0, 373.0], [228.0, 353.0], [491.18465227817745, 259.0], [491.18465227817745, 247.0], [491.18465227817745, 168.0], [491.18465227817745, 136.0], [491.18465227817745, 218.0], [491.18465227817745, 206.0], [573.5040983606558, 300.5040983606557], [615.0040983606558, 259.0040983606557], [381.0, 151.0], [332.0, 151.0], [139.0, 151.0], [599.0, 223.6], [531.0, 223.6], [526.0, 456.0], [526.0, 428.0], [526.0, 406.0], [310.03374233128835, 418.0], [310.03374233128835, 336.0], [264.8265895953757, 423.0], [264.8265895953757, 362.0], [265.0, 260.0], [561.1210526315789, 263.0], [561.1210526315789, 225.0], [286.0, 260.0], [609.0, 400.0], [609.0, 368.0], [609.0, 267.0], [688.0, 190.5], [639.0, 190.5], [561.0, 263.0], [665.0, 140.0], [665.0, 240.0], [228.28048780487802, 260.7195121951219], [202.0, 235.0], [574.5238095238095, 342.0], [574.5238095238095, 331.0], [332.0, 260.0], [310.0, 260.4901960784314], [705.0, 406.0], [119.49162011173185, 294.0], [119.0, 423.0], [530.0, 462.0], [408.0, 462.0], [408.0, 430.0], [207.0, 423.462037962038], [228.0, 423.0], [228.5, 399.0], [504.5900900900901, 157.0], [504.0, 297.0], [489.0, 297.6470588235294], [202.0, 151.0], [187.0, 151.00436681222706], [121.0, 353.440414507772], [228.5, 296.0], [561.1210526315789, 39.0], [561.0, 78.0]], "weights": [[1.5, 5.5], [1.5, 1.5, 1.5], [1.75], [1.75, 1.4], [0.5], [0.5], [0.25], [0.25], [0.5], [0.5], [1.5], [1.5], [0.75], [0.75], [5.25], [5.25, 5.25], [0.75, 0.3], [0.75, 0.25], [1.85, 5.5], [1.85, 1.2], [0.85, 0.8499999999999867], [0.85], [1.5], [1.5, 5.7], [5.5], [1.5, 0.75], [1.5, 0.75], [0.75], [0.75, 0.5999999999999728], [1.0], [1.0, 0.7, 1.0], [1.5], [1.5], [4.55], [4.55], [1.5], [1.5], [0.5999999999999728], [0.5999999999999728], [1.35], [1.35, 0.3], [1.4], [1.1], [1.1], [5.0], [5.0, 5.0], [5.0, 5.6], [2.0], [2.0], [0.5], [0.5], [0.25, 0.75], [0.5], [0.5], [0.75], [0.6], [0.6], [1.2], [1.0], [1.0], [0.8499999999999867], [0.75], [0.75], [1.000000000000008], [1.000000000000008, 0.25], [0.7], [0.7], [0.3, 0.3, 0.75], [0.75], [5.6, 5.5], [1.75], [1.75, 5.25], [1.5], [1.5, 5.7, 5.7], [5.7], [0.5], [0.5, 1.0], [1.0], [0.85], [0.85, 0.75], [0.75], [0.25, 1.3], [1.3], [0.7], [1.0], [1.9], [1.9, 0.5999999999999728]], "edges": [[1, 24], [0, 10, 11], [3], [2, 41], [5], [4], [7], [6], [9], [8], [1], [1], [13], [12], [15], [14, 71], [17, 67], [16, 51], [19, 69], [18, 57], [21, 60], [20], [23], [22, 73], [0], [26, 62], [25, 61], [28], [27, 86], [30], [29, 83, 84], [32], [31], [34], [33], [36], [35], [38], [37], [40], [39, 67], [3], [43], [42], [45], [44, 46], [45, 69], [48], [47], [50], [49], [17, 54], [53], [52], [51], [56], [55], [19], [59], [58], [20], [26], [25], [64], [63, 81], [66], [65], [16, 40, 68], [67], [46, 18], [71], [70, 15], [73], [72, 23, 74], [73], [76], [75, 77], [76], [79], [78, 80], [79], [64, 82], [81], [30], [30], [86], [85, 28]]}