{"weights": [[5.15], [5.15], [1.35], [1.35, 1.0], [1.0], [1.0], [1.3], [1.3], [1.25], [1.25], [0.9], [0.9], [1.15], [1.15], [0.7], [0.7], [0.75], [0.75], [1.5], [1.5], [1.5], [1.5], [1.0], [1.0], [1.0], [1.2], [1.2], [0.7], [0.7, 6.8], [0.5], [0.5], [1.5], [1.5], [1.5], [1.5], [8.0, 8.5], [8.0], [1.5], [1.5], [0.7], [0.7], [2.6], [2.6, 1.1], [1.5], [1.5], [1.25], [1.25, 1.95], [2.8, 0.9], [2.8], [0.8], [0.8], [1.5], [1.5], [1.5], [1.5], [0.9], [7.85], [7.85], [0.7], [0.7], [6.8], [1.2], [1.2], [1.95], [1.95, 0.85, 1.95], [0.85], [1.0, 1.0], [1.0, 1.5, 1.15], [1.5], [0.95, 0.75], [0.95, 1.0, 0.95], [0.75, 0.75, 1.15, 1.15], [0.75], [1.35], [1.35, 1.1], [1.15], [1.15, 1.1], [1.1], [8.5, 1.95, 1.95], [1.05], [1.05, 0.95, 0.95, 1.15], [0.95]], "edges": [[1], [0], [3], [2, 24], [5], [4], [7], [6], [9], [8], [11], [10], [13], [12], [15], [14], [17], [16], [19], [18], [21], [20], [23], [22], [3], [26], [25], [28], [27, 60], [30], [29], [32], [31], [34], [33], [36, 78], [35], [38], [37], [40], [39], [42], [41, 74], [44], [43], [46], [45, 78], [48, 55], [47], [50], [49], [52], [51], [54], [53], [47], [57], [56], [59], [58], [28], [62], [61], [64], [63, 65, 78], [64], [67, 70], [66, 68, 71], [67], [70, 71], [69, 66, 80], [69, 72, 67, 80], [71], [74], [73, 42], [76], [75, 77], [76], [35, 46, 64], [80], [79, 81, 70, 71], [80]], "vertices": [[134.3187250996016, 287.0], [134.3187250996016, 214.0], [131.0, 180.0], [131.0, 168.0], [708.5, 412.0], [708.5, 376.0], [307.0, 168.5], [280.0, 168.5], [131.0281690140845, 392.0], [131.0281690140845, 367.0], [574.0, 168.50420168067228], [454.0, 168.50420168067228], [130.55555555555554, 341.0], [130.55555555555554, 321.0], [348.0, 427.51807228915663], [305.0, 427.51807228915663], [256.0, 427.51190476190476], [213.0, 427.51190476190476], [146.5340909090909, 236.0], [146.5340909090909, 224.0], [135.55789473684212, 484.0], [135.55789473684212, 468.0], [243.0, 332.5], [219.0, 332.5], [175.0, 168.0], [175.0, 332.5], [132.0, 332.5], [162.0, 428.0], [131.0, 428.0], [429.0, 237.0], [429.0, 210.0], [245.0, 494.84186046511627], [228.0, 494.84186046511627], [144.41935483870967, 484.0], [144.41935483870967, 468.0], [417.0, 484.0], [417.0, 468.0], [333.0, 494.3690987124464], [316.0, 494.3690987124464], [708.5106382978723, 471.0], [708.5106382978723, 447.0], [618.0, 516.0], [605.0, 516.0], [146.55172413793105, 277.0], [146.55172413793105, 265.0], [452.0, 532.0], [428.0, 532.0], [414.0, 169.0], [414.0, 159.0], [414.43333333333334, 131.0], [414.43333333333334, 114.0], [245.0, 486.0731707317073], [228.0, 486.0731707317073], [417.5, 350.0], [417.5, 340.0], [426.0, 169.0], [333.0, 485.54545454545456], [316.0, 485.54545454545456], [306.5217391304348, 131.0], [306.5217391304348, 119.0], [131.0, 419.0], [429.0, 209.5], [414.0, 209.5], [428.0, 333.0], [428.0, 427.0], [399.0, 427.50877192982455], [708.0, 272.0], [573.0, 272.0], [573.5, 227.0], [8263.0, 340.0], [708.0, 340.0], [573.0, 332.0], [318.0, 332.8979591836735], [583.0, 531.9545454545455], [605.0, 531.0], [708.9565217391304, 500.0], [708.0, 515.0], [693.0, 515.5], [428.0, 484.0], [549.0, 340.4888888888889], [573.0, 340.0], [522.0, 340.0]]}