{"vertices": [[134.18985849056602, 287.0], [134.18985849056602, 214.0], [134.0, 180.0], [134.0, 169.0], [134.18985849056602, 392.0], [134.18985849056602, 367.0], [134.18985849056602, 484.0], [134.18985849056602, 468.0], [708.5723905723905, 412.0], [708.5723905723905, 376.0], [709.0, 340.0], [709.0, 272.0], [708.5723905723905, 471.0], [708.5723905723905, 447.0], [307.0, 168.51554404145077], [280.0, 168.51554404145077], [574.0, 168.51554404145077], [454.0, 168.51554404145077], [175.0, 169.0], [428.0, 237.0], [428.0, 210.0], [522.0, 336.0], [428.0, 336.0], [428.0, 335.8359375], [318.0, 335.8359375], [243.0, 335.8359375], [219.0, 335.8359375], [348.0, 427.51263537906135], [305.0, 427.51263537906135], [256.0, 427.51263537906135], [213.0, 427.51263537906135], [146.04761904761904, 236.0], [146.04761904761904, 224.0], [146.04761904761904, 484.0], [146.04761904761904, 468.0], [146.04761904761904, 277.0], [146.04761904761904, 265.0], [452.0, 532.0], [428.0, 532.0], [245.0, 487.7033639143731], [228.0, 487.7033639143731], [333.0, 487.7033639143731], [316.0, 487.7033639143731], [245.0, 496.864406779661], [228.0, 496.864406779661], [333.0, 496.864406779661], [316.0, 496.864406779661], [416.42, 131.0], [416.42, 114.0], [416.42, 350.0], [416.42, 340.0], [618.0, 516.0], [605.0, 516.0], [306.5217391304348, 131.0], [306.5217391304348, 119.0], [428.0, 209.5], [414.0, 209.5], [134.18985849056602, 321.0], [134.0, 336.0], [175.0, 336.0], [708.5723905723905, 500.0], [708.0, 515.0], [693.0, 515.5], [426.0, 169.0], [416.0, 169.0], [416.42, 159.0], [428.0, 427.0], [399.0, 427.51263537906135], [573.0, 272.0], [573.4977375565611, 227.0], [549.0, 335.8359375], [573.0, 335.0], [583.0, 531.96875], [605.0, 531.0], [416.42, 468.0], [416.0, 488.0], [134.18985849056602, 419.0], [135.0, 428.0], [162.0, 428.0], [428.0, 488.0]], "weights": [[2.25], [2.25], [4.65], [4.65, 0.75], [0.25], [0.25], [1.5], [1.5], [0.75], [0.75], [0.75], [0.75, 1.0], [0.75], [0.75], [2.25], [2.25], [0.95], [0.95], [0.75], [0.5], [0.5], [0.25], [0.25, 3.4], [0.25], [0.25], [0.25], [0.25], [0.75], [0.75], [0.7], [0.7], [1.5], [1.5], [1.5], [1.5], [6.35], [6.35], [1.3], [1.3, 3.4], [1.5], [1.5], [8.45], [8.45], [8.35], [8.35], [1.5], [1.5], [0.25], [0.25], [7.45], [7.45], [1.0], [1.0, 1.2], [0.75], [0.75], [1.2], [1.2], [0.3], [0.3, 0.25], [0.25], [1.65], [1.65, 1.0], [1.0], [0.75], [0.75, 0.3], [0.3], [3.4, 0.75, 3.4], [0.75], [1.0, 1.15, 0.75], [1.15], [0.25], [0.25, 0.75], [2.65], [2.65, 1.2], [7.75], [7.75, 0.25], [0.25], [0.25, 0.7], [0.7], [3.4, 3.4, 0.25]], "edges": [[1], [0], [3], [2, 18], [5], [4], [7], [6], [9], [8], [11], [10, 68], [13], [12], [15], [14], [17], [16], [3], [20], [19], [22], [21, 66], [24], [23], [26], [25], [28], [27], [30], [29], [32], [31], [34], [33], [36], [35], [38], [37, 79], [40], [39], [42], [41], [44], [43], [46], [45], [48], [47], [50], [49], [52], [51, 73], [54], [53], [56], [55], [58], [57, 59], [58], [61], [60, 62], [61], [64], [63, 65], [64], [22, 67, 79], [66], [11, 69, 71], [68], [71], [70, 68], [73], [72, 52], [75], [74, 79], [77], [76, 78], [77], [38, 66, 75]]}