{"weights": [[0.8], [0.8, 1.0], [0.75], [0.75], [0.95], [0.95, 3.85], [1.35], [1.35, 1.05, 1.1], [1.0], [1.0, 1.15], [1.05], [1.1], [1.1], [0.5], [0.5, 1.2], [1.05], [1.05], [1.2, 1.4], [1.5], [1.5], [1.1], [1.1], [1.1, 1.3], [0.75], [0.75], [1.5], [1.5], [1.0], [1.3], [0.8], [0.8], [1.1], [1.1], [1.15], [1.2], [1.2], [1.0], [1.0], [1.0], [1.0, 0.75], [3.85, 1.4], [1.25], [1.25, 0.75], [1.0], [1.0, 0.85], [0.85], [0.7], [0.7, 0.95], [0.95], [0.95], [0.95, 0.75], [0.75]], "edges": [[1], [0, 27], [3], [2], [5], [4, 40], [7], [6, 10, 22], [9], [8, 33], [7], [12], [11], [14], [13, 17], [16], [15], [14, 40], [19], [18], [21], [20], [7, 28], [24], [23], [26], [25], [1], [22], [30], [29], [32], [31], [9], [35], [34], [37], [36], [39], [38, 42], [5, 17], [42], [41, 39], [44], [43, 45], [44], [47], [46, 48], [47], [50], [49, 51], [50]], "vertices": [[246.0, 215.0], [246.0, 75.0], [246.4375, 311.0], [246.4375, 275.0], [419.0, 76.0], [388.0, 76.0], [517.0, 252.0], [430.0, 252.0], [518.0, 320.0], [465.0, 320.0], [430.0, 280.0], [280.0, 296.5], [248.0, 296.5], [390.0, 297.0], [362.0, 297.0], [388.0, 75.50485436893204], [335.0, 75.50485436893204], [362.0, 261.0], [346.0, 476.0], [330.0, 476.0], [518.0, 348.0], [507.0, 348.0], [430.0, 224.0], [327.0, 296.5079365079365], [295.0, 296.5079365079365], [387.0, 146.0], [355.0, 146.0], [268.0, 75.0], [442.0, 224.0], [246.0, 346.0], [246.0, 333.0], [386.0, 193.5], [355.0, 193.5], [465.0, 347.0], [517.0, 224.5], [506.0, 224.5], [454.5, 268.0], [454.5, 254.0], [486.0, 76.5], [519.0, 76.0], [388.0, 261.0], [481.0, 476.9909090909091], [519.0, 476.0], [430.5, 307.0], [430.0, 349.0], [477.0, 349.0], [389.4792452830189, 339.0], [390.0, 476.0], [435.0, 476.0], [290.0, 476.0], [247.0, 476.0], [246.4851485148515, 370.0]]}