{"vertices": [[246.0, 215.0], [246.0, 76.0], [246.31786542923433, 311.0], [246.31786542923433, 275.0], [246.31786542923433, 346.0], [246.31786542923433, 333.0], [388.85369532428354, 476.0], [388.85369532428354, 339.0], [389.0, 266.0], [389.0, 76.0], [435.0, 476.0], [389.0, 476.0], [346.0, 476.3195592286501], [330.0, 476.3195592286501], [419.0, 76.0], [519.0, 75.67870036101083], [486.0, 75.67870036101083], [389.0, 75.67870036101083], [335.0, 75.67870036101083], [268.0, 76.0], [387.0, 254.0], [362.0, 254.0], [518.0, 320.0], [465.0, 320.0], [430.0, 280.0], [430.0, 254.0], [430.0, 224.0], [280.0, 296.68263473053895], [248.0, 296.68263473053895], [327.0, 296.68263473053895], [295.0, 296.68263473053895], [518.0, 348.61607142857144], [507.0, 348.61607142857144], [387.0, 146.0], [355.0, 146.0], [442.0, 224.0], [517.0, 224.33333333333334], [506.0, 224.33333333333334], [386.0, 193.5], [355.0, 193.5], [465.0, 347.0], [519.0, 76.0], [519.0, 476.0], [481.0, 476.3195592286501], [246.31786542923433, 370.0], [246.0, 476.0], [290.0, 476.0], [517.0, 254.0], [454.0, 254.0], [454.5, 268.0], [430.49732620320856, 307.0], [430.0, 349.0], [477.0, 349.0], [390.0, 297.0], [362.0, 297.0]], "weights": [[0.65], [0.65, 0.8], [0.65], [0.65], [0.6], [0.6], [0.5], [0.5], [0.75], [0.75, 1.0], [1.15], [1.15], [2.15], [2.15], [1.0], [0.75], [0.75], [0.95], [0.95], [0.8], [0.25], [0.25, 4.3], [1.1], [1.1, 1.3], [1.05], [1.05, 0.95, 0.5], [0.95, 1.25], [0.75], [0.75], [1.15], [1.15], [1.15], [1.15], [1.5], [1.5], [1.25], [1.15], [1.15], [1.2], [1.2], [1.3], [0.7], [0.7, 1.45], [1.45], [0.75], [0.75, 0.95], [0.95], [0.5], [0.5, 0.5, 1.0], [1.0], [0.85], [0.85, 0.75], [0.75], [4.6], [4.6, 4.3]], "edges": [[1], [0, 19], [3], [2], [5], [4], [7], [6], [9], [8, 14], [11], [10], [13], [12], [9], [16], [15], [18], [17], [1], [21], [20, 54], [23], [22, 40], [25], [24, 26, 48], [25, 35], [28], [27], [30], [29], [32], [31], [34], [33], [26], [37], [36], [39], [38], [23], [42], [41, 43], [42], [45], [44, 46], [45], [48], [47, 25, 49], [48], [51], [50, 52], [51], [54], [53, 21]]}