{"vertices": [[182.80616382806164, 316.0], [182.80616382806164, 68.0], [311.995670995671, 161.0], [311.995670995671, 68.0], [294.0, 175.0], [294.0, 139.0], [309.0, 125.04838709677419], [296.0, 125.04838709677419], [197.0, 144.0], [197.0, 134.0], [197.0, 165.0], [197.0, 149.0], [106.29682179341657, 68.0], [106.0, 382.0], [187.0, 382.0]], "weights": [[2.25], [2.25], [2.45], [2.45], [0.5], [0.5], [2.4500000000000015], [2.4500000000000015], [0.5], [0.5], [0.5], [0.5], [2.65], [2.65, 3.35], [3.35]], "edges": [[1], [0], [3], [2], [5], [4], [7], [6], [9], [8], [11], [10], [13], [12, 14], [13]]}