{"weights": [[2.25], [2.25, 1.5], [1.0], [1.0], [4.05], [4.05], [1.55], [1.55], [5.1], [5.1, 1.55], [0.7], [0.7, 0.5], [0.95], [0.95], [0.5], [0.5], [0.8], [0.8], [0.85], [0.85], [0.5], [0.5], [0.6], [0.6], [0.8], [0.8], [0.25], [0.25], [1.3], [1.3, 0.5], [1.65], [1.65, 1.5], [1.2], [1.2], [0.75], [0.75], [1.35], [1.35], [0.9], [0.9], [0.5], [0.5], [0.9], [0.9], [0.5], [0.5], [1.55], [0.5], [0.5], [1.25], [1.25], [1.5], [1.5], [0.6], [0.6], [0.6999999999999815], [0.6999999999999815, 0.5], [1.8], [1.8, 1.5], [0.9], [0.9], [0.9], [0.9], [1.5], [1.1], [1.1], [0.7], [0.7], [1.95], [1.95], [0.500000000000004], [0.500000000000004], [0.7], [0.7], [0.5], [0.5], [0.6], [0.6], [0.5], [0.5], [0.75], [0.75, 0.5]], "edges": [[1], [0, 52], [3], [2], [5], [4], [7], [6], [9], [8, 46], [11], [10, 29], [13], [12], [15], [14], [17], [16], [19], [18], [21], [20], [23], [22], [25], [24], [27], [26], [29], [28, 11], [31], [30, 51], [33], [32], [35], [34], [37], [36], [39], [38], [41], [40], [43], [42], [45], [44], [9], [48], [47], [50], [49], [31], [1], [54], [53], [56], [55, 81], [58], [57, 63], [60], [59], [62], [61], [58], [65], [64], [67], [66], [69], [68], [71], [70], [73], [72], [75], [74], [77], [76], [79], [78], [81], [80, 56]], "vertices": [[692.0, 200.0], [692.0, 78.0], [431.11046511627904, 313.0], [431.11046511627904, 249.0], [455.0, 156.77777777777777], [350.0, 156.77777777777777], [124.47457627118644, 283.0], [124.47457627118644, 161.0], [540.0, 100.0], [540.0, 79.0], [391.0, 427.0], [249.0, 427.0], [253.0, 364.25], [211.0, 364.25], [429.0, 363.0], [394.0, 363.0], [490.0, 425.61654135338347], [405.0, 425.61654135338347], [129.72538860103626, 365.0], [129.72538860103626, 283.0], [540.0, 297.0], [540.0, 201.0], [472.0, 363.26785714285717], [431.0, 363.26785714285717], [374.0, 314.0], [374.0, 284.0], [428.32954545454544, 223.0], [428.32954545454544, 158.0], [305.0, 365.0], [249.0, 365.0], [266.0, 112.0], [266.0, 101.0], [525.0, 428.0], [525.0, 383.0], [200.0, 365.0], [130.0, 365.0], [341.48936170212767, 327.0], [341.48936170212767, 279.0], [487.0, 409.0], [487.0, 397.0], [193.0, 282.0], [145.0, 282.0], [316.0, 280.0], [265.0, 280.0], [528.0, 279.0], [488.0, 279.0], [577.0, 79.0], [374.0, 234.0], [374.0, 189.0], [156.0, 101.98648648648648], [131.0, 101.98648648648648], [233.0, 101.0], [654.0, 78.0], [462.0, 326.0], [462.0, 280.0], [559.140350877193, 361.1403508771929], [596.0, 324.0], [289.0, 157.0], [266.0, 157.0], [490.0, 465.0], [490.0, 426.0], [243.0, 363.0], [243.0, 330.0], [266.0, 141.0], [169.5, 363.0], [169.5, 336.0], [374.51162790697674, 187.0], [374.51162790697674, 164.0], [540.0, 155.98591549295776], [516.0, 155.98591549295776], [288.7948717948718, 324.2051282051282], [265.7948717948718, 301.2051282051282], [316.0, 327.0], [302.0, 327.0], [417.0, 219.0], [404.0, 219.0], [302.0, 416.0], [302.0, 397.0], [374.0, 257.0], [374.0, 244.0], [687.50622406639, 201.0], [687.0, 324.0]]}