{"vertices": [[429.42660550458714, 313.0], [429.42660550458714, 249.0], [429.42660550458714, 223.0], [429.42660550458714, 158.0], [455.0, 156.69502074688796], [350.0, 156.69502074688796], [540.0, 156.69502074688796], [516.0, 156.69502074688796], [125.9984962406015, 364.0], [125.9984962406015, 161.0], [540.0, 100.0], [540.0, 78.0], [539.8428571428572, 297.0], [539.8428571428572, 201.0], [391.0, 426.0], [247.0, 426.0], [429.0, 364.43583535108957], [394.0, 364.43583535108957], [472.0, 364.43583535108957], [431.0, 364.43583535108957], [305.0, 364.43583535108957], [255.0, 364.43583535108957], [200.0, 364.0], [126.0, 364.0], [316.0, 324.54676258992805], [302.0, 324.54676258992805], [374.1679389312977, 314.0], [374.1679389312977, 284.0], [374.1679389312977, 234.0], [374.1679389312977, 189.0], [374.1679389312977, 187.0], [374.1679389312977, 164.0], [374.1679389312977, 257.0], [374.1679389312977, 244.0], [525.0, 428.0], [525.0, 383.0], [341.48936170212767, 327.0], [341.48936170212767, 279.0], [489.14285714285717, 409.0], [489.14285714285717, 397.0], [193.0, 280.40287769784175], [145.0, 280.40287769784175], [316.0, 280.40287769784175], [265.0, 280.40287769784175], [528.0, 280.40287769784175], [488.0, 280.40287769784175], [577.0, 78.0], [156.0, 101.44242424242424], [131.0, 101.44242424242424], [462.0, 326.0], [462.0, 280.0], [559.140350877193, 361.1403508771929], [596.0, 325.0], [246.84782608695653, 364.0], [246.84782608695653, 330.0], [169.5, 363.0], [169.5, 336.0], [288.7948717948718, 324.2051282051282], [265.7948717948718, 301.2051282051282], [417.0, 219.0], [404.0, 219.0], [302.0, 416.0], [302.0, 397.0], [691.0, 200.0], [691.0, 78.0], [654.0, 78.35897435897436], [690.7265258215963, 201.0], [690.0, 325.0], [289.0, 157.0], [266.0, 157.0], [266.0131578947368, 141.0], [211.0, 364.43583535108957], [247.0, 364.0], [266.0, 112.0], [266.0, 101.0], [233.0, 101.44242424242424], [405.0, 426.3309090909091], [489.0, 427.0], [489.0, 465.0]], "weights": [[0.5], [0.5], [0.7], [0.7], [4.35], [4.35], [1.45], [1.45], [1.45], [1.45], [1.25], [1.25, 1.45], [0.5], [0.5], [0.25], [0.25, 0.25], [0.5], [0.5], [0.65], [0.65], [1.15], [1.15], [0.65], [0.65], [0.25], [0.25], [0.5], [0.5], [0.5], [0.5], [0.75], [0.75], [0.5], [0.5], [0.5], [0.5], [0.85], [0.85], [0.3], [0.3], [0.25], [0.25], [0.5], [0.5], [0.5], [0.5], [1.45], [1.25], [1.25], [0.6], [0.6], [0.8499999999999867], [0.8499999999999867, 0.6], [0.25], [0.25], [1.1], [1.1], [0.500000000000004], [0.500000000000004], [0.5], [0.5], [0.5], [0.5], [2.25], [2.25, 1.25], [1.25], [0.25], [0.25, 0.6], [2.85], [2.85, 1.25], [1.25], [0.6], [0.6, 0.25], [7.5], [7.5, 1.25], [1.25], [0.5], [0.5, 0.75], [0.75]], "edges": [[1], [0], [3], [2], [5], [4], [7], [6], [9], [8], [11], [10, 46], [13], [12], [15], [14, 72], [17], [16], [19], [18], [21], [20], [23], [22], [25], [24], [27], [26], [29], [28], [31], [30], [33], [32], [35], [34], [37], [36], [39], [38], [41], [40], [43], [42], [45], [44], [11], [48], [47], [50], [49], [52], [51, 67], [54], [53], [56], [55], [58], [57], [60], [59], [62], [61], [64], [63, 65], [64], [67], [66, 52], [69], [68, 70], [69], [72], [71, 15], [74], [73, 75], [74], [77], [76, 78], [77]]}