{"weights": [[1.85, 1.85], [1.85, 2.05], [2.45, 2.85], [2.45, 3.15], [3.15], [2.35], [2.35], [4.45], [4.45], [2.05], [1.85, 2.25], [1.5], [1.5, 2.6], [5.55, 2.05], [5.55, 1.75], [1.5], [1.5], [2.05], [2.6], [2.6], [1.75], [1.75], [2.6], [3.25], [3.25], [2.25], [2.25], [2.25], [0.75], [0.75], [2.65], [2.65, 3.0], [1.95], [1.95], [2.05], [2.05], [0.6], [0.6], [4.65], [4.65], [1.75], [3.4], [3.4], [2.5], [2.5], [1.95], [1.95], [6.35], [6.35], [4.75], [4.75], [1.25], [1.25], [6.75], [6.75], [2.2], [2.2], [2.8], [2.8], [2.85], [0.25], [0.25], [1.8999999999999873, 1.9], [1.8999999999999873], [1.8], [1.8], [3.0], [2.1], [2.1], [1.3], [1.3], [2.1], [2.1], [3.05], [3.05], [2.15], [2.15, 1.75], [1.75], [2.75], [2.75, 1.95], [2.55, 3.05, 1.95], [2.55, 2.55], [2.55], [3.9], [3.9, 2.65], [2.65], [3.05], [1.9], [2.55], [2.55, 2.15], [2.15], [2.7], [2.7, 2.7], [2.7], [3.1], [3.1, 2.25], [2.25], [2.8], [2.8, 2.5], [2.5], [1.9], [1.9, 4.65], [4.65]], "edges": [[1, 10], [0, 9], [3, 59], [2, 4], [3], [6], [5], [8], [7], [1], [0, 27], [12], [11, 22], [14, 17], [13, 40], [16], [15], [13], [19], [18], [21], [20], [12], [24], [23], [26], [25], [10], [29], [28], [31], [30, 66], [33], [32], [35], [34], [37], [36], [39], [38], [14], [42], [41], [44], [43], [46], [45], [48], [47], [50], [49], [52], [51], [54], [53], [56], [55], [58], [57], [2], [61], [60], [63, 87], [62], [65], [64], [31], [68], [67], [70], [69], [72], [71], [74], [73], [76], [75, 77], [76], [79], [78, 80], [81, 86, 79], [80, 82], [81], [84], [83, 85], [84], [80], [62], [89], [88, 90], [89], [92], [91, 93], [92], [95], [94, 96], [95], [98], [97, 99], [98], [101], [100, 102], [101]], "vertices": [[413.0, 114.0], [227.0, 114.0], [547.0, 319.0], [500.0, 319.0], [500.0, 443.0], [765.0, 169.9663157894737], [672.0, 169.9663157894737], [497.0, 431.85840707964604], [452.0, 431.85840707964604], [227.0, 252.0], [413.0, 248.0], [365.0, 445.0], [365.0, 319.0], [95.0, 320.0], [95.0, 178.0], [414.0, 445.0], [414.0, 434.0], [227.0, 320.0], [414.0, 433.5], [367.0, 433.5], [766.4938775510204, 272.0], [766.4938775510204, 210.0], [440.0, 319.0], [568.0, 101.63559322033899], [547.0, 101.63559322033899], [445.0, 173.8560606060606], [416.0, 173.8560606060606], [439.0, 248.0], [414.0, 280.51063829787233], [387.0, 280.51063829787233], [574.0, 428.0], [574.0, 399.0], [610.0, 100.21782178217822], [590.0, 100.21782178217822], [224.0, 176.5109489051095], [189.0, 176.5109489051095], [303.0, 282.0], [279.0, 282.0], [542.0, 440.94444444444446], [529.0, 440.94444444444446], [132.0, 178.0], [334.0, 443.0], [324.0, 443.0], [477.0, 429.0], [477.0, 408.0], [582.0, 263.12307692307695], [552.0, 263.12307692307695], [497.0, 228.0722891566265], [468.0, 228.0722891566265], [526.0, 359.25954198473283], [504.0, 359.25954198473283], [104.98, 209.0], [104.98, 192.0], [454.0, 441.9122807017544], [442.0, 441.9122807017544], [448.0, 411.0], [438.0, 411.0], [630.0, 396.0], [608.0, 396.0], [547.0, 340.0], [425.61538461538464, 422.0], [425.61538461538464, 405.0], [557.0, 199.0], [538.25, 180.75000000000003], [754.0, 193.0], [744.0, 193.0], [587.0, 399.0], [109.0, 298.5], [98.0, 298.5], [422.0, 421.0], [422.0, 404.0], [765.0, 183.0], [765.0, 170.0], [496.0, 227.52380952380952], [485.0, 227.52380952380952], [335.0, 435.0], [229.0, 435.0], [229.404984423676, 278.0], [530.0, 430.58766859344894], [633.0, 430.0], [633.0, 316.0], [766.0, 316.0], [766.983606557377, 299.0], [631.4432624113475, 121.0], [631.0, 171.0], [648.0, 171.0], [579.0, 316.97752808988764], [582.0, 199.0], [460.0, 173.13387978142077], [527.0, 173.0], [527.3801652892562, 121.0], [499.00451467268624, 176.0], [499.0, 264.0], [526.0, 264.0], [476.46875, 317.0], [476.0, 341.0], [497.0, 341.0], [169.0, 297.0263157894737], [180.0, 297.0], [180.0, 317.0], [605.0, 199.0], [583.0, 199.0], [582.0701754385965, 263.0]]}