{"weights": [[1.85], [1.85, 1.65], [1.85], [1.85], [1.75], [1.75], [2.1], [2.1, 1.85], [1.65], [1.65, 1.85], [1.75, 2.55, 1.85], [1.75, 1.5], [1.25], [1.25], [1.75], [1.75], [1.5], [1.5], [1.65], [2.0], [2.0], [2.25], [2.25], [1.5], [1.15], [1.15], [6.3], [6.3, 2.0], [1.85], [3.45, 2.25], [3.45, 2.15], [1.95], [1.95], [1.25], [1.25], [1.55], [1.55], [2.55], [2.55], [1.25], [1.25], [1.75], [1.75], [1.55], [1.55], [0.25], [0.25], [1.85], [3.3], [3.3], [2.25, 1.95], [0.9], [0.9], [2.0], [2.05], [2.05], [1.6], [1.6, 2.35], [1.75], [1.75], [1.35], [1.35], [1.6], [1.6], [2.7], [2.7], [2.2], [2.2], [1.95], [1.95], [2.35], [2.35], [3.7], [3.7, 1.85], [2.45], [2.45], [1.95], [1.95], [1.55], [1.55], [1.85], [1.85], [2.3], [2.3], [2.0], [2.0], [0.3], [0.3], [2.0, 1.25], [2.0], [1.85], [2.0], [2.0], [3.3], [3.3], [1.55], [1.55], [1.75], [1.75], [0.7], [0.7], [1.9], [1.9], [2.2], [2.2], [1.7], [1.7], [1.4], [1.4], [1.0000000000000082], [1.0000000000000082], [2.0], [2.0], [1.9], [1.9], [2.25], [2.25, 1.75], [1.75], [1.35], [1.35, 2.55], [2.35, 2.05, 2.65], [2.05], [1.85, 2.35], [2.35], [4.2], [4.2, 2.15], [2.75], [2.75, 1.95], [2.05], [2.05, 2.55], [2.55], [1.25], [1.25, 1.35], [1.35], [1.45], [1.45, 2.65], [1.25, 2.25], [2.25]], "edges": [[1], [0, 18], [3], [2], [5], [4], [7], [6, 47], [9], [8, 28], [11, 119, 122], [10, 23], [13], [12], [15], [14], [17], [16], [1], [20], [19], [22], [21], [11], [25], [24], [27], [26, 53], [9], [30, 50], [29, 125], [32], [31], [34], [33], [36], [35], [38], [37], [40], [39], [42], [41], [44], [43], [46], [45], [7], [49], [48], [29, 127], [52], [51], [27], [55], [54], [57], [56, 120], [59], [58], [61], [60], [63], [62], [65], [64], [67], [66], [69], [68], [71], [70], [73], [72, 90], [75], [74], [77], [76], [79], [78], [81], [80], [83], [82], [85], [84], [87], [86], [89, 136], [88], [73], [92], [91], [94], [93], [96], [95], [98], [97], [100], [99], [102], [101], [104], [103], [106], [105], [108], [107], [110], [109], [112], [111], [114], [113], [116], [115, 117], [116], [119], [118, 10], [57, 121, 135], [120], [10, 123], [122], [125], [124, 30], [127], [126, 50], [129], [128, 130], [129], [132], [131, 133], [132], [135], [134, 120], [88, 137], [136]], "vertices": [[24.0, 269.0], [24.0, 87.0], [22.634048257372655, 484.0], [22.634048257372655, 292.0], [391.0, 235.50372208436724], [189.0, 235.50372208436724], [625.0, 134.0], [556.0, 134.0], [519.0, 87.0], [480.0, 87.0], [557.0, 237.0], [431.0, 237.0], [389.0, 197.9982238010657], [201.0, 197.9982238010657], [808.0, 236.0], [808.0, 134.0], [76.0, 484.0], [23.0, 484.0], [54.0, 87.0], [808.0, 133.5], [656.0, 133.5], [594.0, 381.0], [557.0, 381.0], [431.0, 287.0], [86.0, 235.48305084745763], [25.0, 235.48305084745763], [460.0, 134.0], [447.0, 134.0], [480.0, 164.0], [191.0, 358.0], [191.0, 279.0], [203.0, 86.50561797752809], [113.0, 86.50561797752809], [326.0, 86.98429319371728], [260.0, 86.98429319371728], [295.50230414746545, 196.0], [295.50230414746545, 87.0], [429.86147186147184, 381.0], [429.86147186147184, 334.0], [139.9931506849315, 136.0], [139.9931506849315, 89.0], [456.0, 381.0], [430.0, 381.0], [403.0, 87.01086956521739], [372.0, 87.01086956521739], [189.69565217391303, 113.0], [189.69565217391303, 101.0], [556.0, 162.0], [102.0, 460.0], [91.0, 460.0], [224.0, 358.0], [668.0, 364.0], [654.0, 364.0], [447.0, 121.0], [369.25, 140.0], [369.25, 120.0], [149.0, 236.0], [86.0, 236.0], [523.6666666666666, 174.0], [523.6666666666666, 154.0], [755.0, 365.4583333333333], [741.0, 365.4583333333333], [55.82608695652174, 114.0], [55.82608695652174, 101.0], [686.0, 335.0], [686.0, 325.0], [703.0, 366.0], [703.0, 353.0], [317.4810126582278, 395.0], [317.4810126582278, 375.0], [248.0, 403.990099009901], [227.0, 403.990099009901], [547.0, 163.0], [538.0, 163.0], [214.0, 102.47826086956522], [202.0, 102.47826086956522], [39.46511627906977, 470.0], [39.46511627906977, 459.0], [555.0, 87.08163265306122], [537.0, 87.08163265306122], [508.468085106383, 364.0], [508.468085106383, 352.0], [687.0, 364.0], [687.0, 353.0], [36.5, 113.0], [36.5, 103.0], [56.666666666666664, 472.0], [56.666666666666664, 460.0], [167.0, 136.0], [140.0, 136.0], [538.0, 175.0], [183.0, 113.0], [183.0, 102.0], [793.0, 327.0], [782.0, 327.0], [49.523809523809526, 470.0], [49.523809523809526, 459.0], [502.51851851851853, 175.0], [502.51851851851853, 154.0], [440.0, 129.0], [428.0, 129.0], [82.5, 470.0], [82.5, 460.0], [351.0, 360.0], [339.0, 360.0], [658.0, 330.0], [658.0, 319.0], [512.5217391304348, 174.0], [512.5217391304348, 162.0], [350.0, 394.0], [340.0, 384.0], [331.5, 395.0], [331.5, 384.0], [47.0, 114.0], [47.0, 103.0], [807.9980544747082, 279.0], [807.0, 381.0], [778.0, 381.5047619047619], [476.0, 198.12385321100916], [557.0, 198.0], [86.0, 339.0], [59.0, 339.741935483871], [557.0, 380.0], [530.0, 380.9918032786885], [224.4943820224719, 238.0], [224.0, 279.0], [169.0, 483.0486891385768], [224.0, 483.0], [364.8615384615385, 335.0], [364.0, 403.0], [339.0, 403.990990990991], [364.0068493150685, 238.0], [364.0, 286.0], [391.0, 286.0], [147.1693989071038, 265.0], [147.0, 339.0], [167.0, 198.0], [139.0, 198.54]]}