{"vertices": [[497.0, 433.0476519337017], [442.0, 433.0476519337017], [413.0, 114.0], [228.0, 114.0], [558.0, 114.30787589498807], [547.0, 114.30787589498807], [547.0, 318.0], [500.0, 318.0], [227.0, 318.0], [95.0, 318.0], [440.0, 318.0], [365.0, 318.0], [500.0, 443.0], [499.60266159695817, 264.0], [499.60266159695817, 176.0], [767.0, 172.8851195065536], [672.0, 172.8851195065536], [445.0, 172.8851195065536], [416.0, 172.8851195065536], [224.0, 172.8851195065536], [189.0, 172.8851195065536], [132.0, 173.0], [95.0, 173.0], [228.0, 252.0], [413.0, 248.0], [365.0, 445.0], [754.0, 198.80180180180182], [744.0, 198.80180180180182], [766.5411392405064, 272.0], [766.5411392405064, 210.0], [767.0, 183.0], [767.0, 173.0], [568.0, 100.76923076923077], [547.0, 100.76923076923077], [610.0, 100.76923076923077], [590.0, 100.76923076923077], [580.0, 428.0], [580.0, 396.0], [439.0, 248.0], [414.0, 281.01408450704224], [387.0, 281.01408450704224], [303.0, 281.01408450704224], [279.0, 281.01408450704224], [476.7939393939394, 341.0], [476.7939393939394, 317.0], [476.7939393939394, 429.0], [476.7939393939394, 408.0], [334.0, 443.3225806451613], [324.0, 443.3225806451613], [454.0, 443.3225806451613], [443.0, 443.3225806451613], [497.0, 341.0], [477.0, 341.0], [580.0, 263.53413654618475], [552.0, 263.53413654618475], [526.0, 264.0], [500.0, 264.0], [497.0, 227.96153846153845], [468.0, 227.96153846153845], [526.0, 359.25954198473283], [504.0, 359.25954198473283], [104.98, 209.0], [104.98, 192.0], [448.0, 411.0], [438.0, 411.0], [630.0, 396.2542372881356], [608.0, 396.2542372881356], [587.0, 396.0], [547.0, 340.0], [425.61538461538464, 422.0], [425.61538461538464, 405.0], [556.0, 199.0], [538.25, 180.75000000000003], [180.0, 297.8170731707317], [169.0, 297.8170731707317], [109.0, 297.8170731707317], [98.0, 297.8170731707317], [180.0, 317.0], [180.0, 298.0], [422.0, 421.0], [422.0, 404.0], [335.0, 433.0], [228.0, 433.0], [228.25512715340443, 278.0], [529.0, 433.0476519337017], [632.0, 433.0], [367.0, 433.0476519337017], [413.0, 433.0], [413.0, 445.0], [632.2561768530559, 121.0], [632.0, 173.0], [648.0, 173.0], [632.0, 318.0], [766.0, 318.0], [766.5411392405064, 299.0], [460.0, 172.8851195065536], [527.0, 172.0], [527.3801652892562, 121.0], [605.0, 199.0], [579.0, 199.0], [579.7252475247525, 264.0], [579.0, 318.11670480549196], [632.0, 319.0]], "weights": [[2.25], [2.25], [2.05, 1.95], [2.05, 1.45], [0.25], [0.25], [3.6, 1.95], [3.6, 2.4], [3.95], [3.95, 2.05], [2.35], [2.35, 2.05], [2.4], [3.15], [3.15], [0.5], [0.5], [2.35], [2.35], [0.3], [0.3], [0.25], [0.25, 2.05], [1.45], [1.95, 2.25], [2.05], [2.45], [2.45], [1.75], [1.75], [2.15], [2.15], [2.0], [2.0], [2.6], [2.6], [1.0], [1.0, 1.25], [2.25], [0.8], [0.8], [0.25], [0.25], [1.95], [1.95], [2.35], [2.35], [3.35], [3.35], [2.75], [2.75], [2.35], [2.35], [2.15], [2.15], [2.25], [2.25], [6.75], [6.75], [3.95], [3.95], [1.35], [1.35], [3.9], [3.9], [2.45], [2.45], [1.25], [1.95], [0.25], [0.25], [1.8999999999999873, 1.5], [1.8999999999999873], [6.95], [6.95], [1.85], [1.85], [2.3], [2.3], [1.6], [1.6], [1.75], [1.75, 1.25], [1.25], [0.45], [0.45, 1.85], [1.75], [1.75, 5.05], [5.05], [1.35], [1.35, 0.5], [0.5], [0.85], [0.85, 2.35], [2.35], [7.05], [7.05, 2.2], [2.2], [1.5], [1.5, 1.5, 1.7], [1.7], [2.95], [2.95, 1.85]], "edges": [[1], [0], [3, 24], [2, 23], [5], [4], [7, 68], [6, 12], [9], [8, 22], [11], [10, 25], [7], [14], [13], [16], [15], [18], [17], [20], [19], [22], [21, 9], [3], [2, 38], [11], [27], [26], [29], [28], [31], [30], [33], [32], [35], [34], [37], [36, 67], [24], [40], [39], [42], [41], [44], [43], [46], [45], [48], [47], [50], [49], [52], [51], [54], [53], [56], [55], [58], [57], [60], [59], [62], [61], [64], [63], [66], [65], [37], [6], [70], [69], [72, 99], [71], [74], [73], [76], [75], [78], [77], [80], [79], [82], [81, 83], [82], [85], [84, 102], [87], [86, 88], [87], [90], [89, 91], [90], [93], [92, 94], [93], [96], [95, 97], [96], [99], [98, 71, 100], [99], [102], [101, 85]]}