{"weights": [[1.85], [1.85], [1.75, 1.2], [1.75], [0.65, 2.15], [0.65, 1.35], [1.5, 7.15, 2.3], [1.5, 2.6], [1.95, 1.75], [1.95, 1.75], [1.75, 2.45], [1.5], [1.5, 7.15], [2.15, 1.75], [2.75], [2.75], [2.15], [2.15], [3.1], [3.1], [5.65], [5.65, 1.3, 2.8], [0.65], [0.65], [2.25], [2.25, 2.25], [1.55], [1.55, 1.65], [2.15], [2.15, 2.25], [2.25], [2.25], [1.75], [1.05], [1.05, 1.9], [2.45], [1.3, 2.25], [2.8], [2.25], [2.25], [1.0], [1.0], [1.25], [1.25], [3.4], [3.4], [1.7], [1.7], [1.85], [1.85], [2.6], [1.95], [1.95, 1.75], [1.9], [1.75], [0.5], [0.5], [2.25, 2.3], [1.7], [1.7, 2.5], [2.5], [1.75], [1.75, 2.55], [2.55], [1.2, 1.85], [1.85], [2.25], [2.25, 2.5], [2.5], [0.8], [0.8], [1.35, 2.0], [2.0], [2.15], [2.15, 1.75], [1.5], [1.5, 3.0], [3.0], [2.55], [2.55, 1.5], [1.5], [1.0], [1.0, 1.65]], "edges": [[1], [0], [3, 64], [2], [5, 13], [4, 71], [7, 12, 57], [6, 50], [9, 32], [8, 10], [9, 35], [12], [11, 6], [4, 74], [15], [14], [17], [16], [19], [18], [21], [20, 36, 37], [23], [22], [25], [24, 30], [27], [26, 82], [29], [28, 31], [25], [29], [8], [34], [33, 53], [10], [21, 57], [21], [39], [38], [41], [40], [43], [42], [45], [44], [47], [46], [49], [48], [7], [52], [51, 54], [34], [52], [56], [55], [36, 6], [59], [58, 60], [59], [62], [61, 63], [62], [2, 65], [64], [67], [66, 68], [67], [70], [69], [5, 72], [71], [74], [73, 13], [76], [75, 77], [76], [79], [78, 80], [79], [82], [81, 27]], "vertices": [[37.74395604395605, 383.0], [37.74395604395605, 150.0], [794.0, 142.0], [632.0, 142.0], [437.0, 185.0], [289.0, 185.0], [439.0, 379.0], [439.0, 308.0], [634.0, 446.0], [634.0, 353.0], [533.0, 353.0], [392.0, 435.0], [392.0, 379.0], [437.0, 144.0], [670.0, 203.94117647058823], [651.0, 203.94117647058823], [631.8959537572255, 142.0], [631.8959537572255, 103.0], [632.0, 208.5], [621.0, 208.5], [438.0, 241.0], [438.0, 228.0], [377.0, 228.40540540540542], [332.0, 228.40540540540542], [86.0, 438.0], [86.0, 383.0], [225.0, 99.0], [182.0, 99.0], [181.0, 382.0], [139.0, 382.0], [38.0, 383.0], [139.0, 438.0], [699.0, 446.0], [287.0, 163.0], [224.0, 163.0], [533.0, 391.0], [467.0, 228.0], [416.0, 228.0], [530.75, 144.0], [530.75, 105.0], [58.0, 216.3448275862069], [39.0, 216.3448275862069], [117.15714285714286, 216.0], [117.15714285714286, 189.0], [690.0, 208.5], [678.0, 208.5], [205.54545454545453, 336.0], [205.54545454545453, 324.0], [345.45205479452056, 333.0], [345.45205479452056, 314.0], [463.0, 308.0], [374.0, 322.0], [356.0, 322.0], [224.0, 186.0], [356.0, 333.0], [395.0, 228.0], [382.0, 228.0], [467.0, 379.0], [290.72237569060775, 224.0], [290.0, 434.0], [270.0, 434.0], [531.0, 144.0], [587.0, 144.0], [587.8187134502924, 103.0], [794.0, 444.0], [732.0, 444.50622406639], [185.08639053254439, 222.0], [185.0, 435.0], [203.0, 435.0], [39.0, 187.42708333333334], [182.0, 187.0], [289.0, 98.0], [248.0, 98.5], [488.54088050314465, 105.0], [488.0, 144.0], [490.0, 391.0], [490.0, 354.0], [470.0, 354.5], [339.0, 436.0], [339.0, 380.0], [295.0, 380.36559139784947], [140.0, 186.0], [182.0, 186.0]]}