{"vertices": [[467.0, 381.0], [467.0, 228.0], [290.2073778664008, 439.0], [290.2073778664008, 224.0], [290.0, 184.0], [290.0, 99.0], [794.0, 143.0], [634.0, 143.0], [37.74395604395605, 381.0], [37.74395604395605, 150.0], [439.0, 381.0], [439.0, 308.0], [634.0, 444.0], [634.0, 353.0], [633.5538971807629, 143.0], [633.5538971807629, 103.0], [532.0, 353.0], [392.0, 435.0], [392.0, 381.0], [670.0, 206.51282051282053], [651.0, 206.51282051282053], [632.0, 206.51282051282053], [621.0, 206.51282051282053], [690.0, 206.51282051282053], [678.0, 206.51282051282053], [340.42732558139534, 333.0], [340.42732558139534, 314.0], [290.0, 98.91], [248.0, 98.91], [225.0, 99.0], [184.0, 99.0], [377.0, 228.0379746835443], [332.0, 228.0379746835443], [439.0, 228.0], [395.0, 228.0379746835443], [382.0, 228.0379746835443], [86.0, 438.0], [86.0, 381.0], [699.0, 444.0], [290.0, 443.87085514834206], [270.0, 443.87085514834206], [181.0, 381.0], [139.0, 381.0], [38.0, 381.0], [139.0, 438.0], [287.0, 163.0], [224.0, 163.0], [532.0, 391.0], [531.8518518518518, 143.0], [531.8518518518518, 105.0], [58.0, 216.3448275862069], [39.0, 216.3448275862069], [117.15714285714286, 216.0], [117.15714285714286, 189.0], [205.54545454545453, 336.0], [205.54545454545453, 324.0], [203.0, 433.1860465116279], [184.0, 439.0], [290.0, 439.0], [270.0, 433.1860465116279], [463.0, 308.0], [374.0, 322.0], [356.0, 322.0], [224.0, 186.0], [356.0, 333.0], [532.0, 143.0], [587.0, 143.0], [587.8187134502924, 103.0], [439.0, 143.0], [489.0, 143.0], [489.20159151193633, 105.0], [794.0, 443.0], [732.0, 443.87085514834206], [184.3090909090909, 222.0], [203.0, 439.0], [184.0, 186.0], [39.0, 186.15827338129498], [281.0, 186.15827338129498], [439.0, 186.0], [439.0, 241.0], [416.0, 228.0379746835443], [340.0, 436.0], [340.0, 381.0], [295.0, 381.0683661645423], [489.0, 391.0], [489.0, 354.0], [470.0, 353.03966597077243]], "weights": [[1.25, 0.5], [1.25, 0.65], [1.55], [1.55], [0.75], [0.75], [1.75, 2.05], [1.75], [1.65], [1.65], [4.85, 0.5, 0.85], [4.85, 2.5], [1.95, 0.4], [1.95, 1.75], [1.05], [1.05], [1.75, 2.65], [2.35], [2.35, 0.85], [2.8], [2.8], [0.25], [0.25], [2.3], [2.3], [0.25], [0.25], [1.95], [1.95], [1.15], [1.15, 0.35], [0.75], [0.75], [0.65, 2.45, 0.5], [0.5], [0.5], [6.65], [6.65, 2.25], [0.4], [0.25], [0.25], [1.95], [1.95, 2.45], [2.25], [2.45], [0.9], [0.9, 1.5], [2.65], [2.15], [2.15], [0.8], [0.8], [0.95], [0.95], [2.1], [2.1], [2.45], [2.45, 1.75, 0.25], [1.85], [1.85], [2.5], [1.9], [1.9, 1.5], [1.5], [1.5], [1.5], [1.5, 2.15], [2.15], [0.5, 1.85], [0.5, 2.15], [2.15], [2.05, 1.75], [1.75], [1.75], [0.25], [0.35, 0.65], [0.65], [0.5], [0.5, 1.85], [2.45], [0.5], [2.45], [2.45, 1.95], [1.95], [2.65], [2.65, 2.25], [2.25]], "edges": [[1, 10], [0, 33], [3], [2], [5], [4], [7, 71], [6], [9], [8], [11, 0, 18], [10, 60], [13, 38], [12, 16], [15], [14], [13, 47], [18], [17, 10], [20], [19], [22], [21], [24], [23], [26], [25], [28], [27], [30], [29, 75], [32], [31], [1, 79, 80], [35], [34], [37], [36, 43], [12], [40], [39], [42], [41, 44], [37], [42], [46], [45, 63], [16], [49], [48], [51], [50], [53], [52], [55], [54], [57], [56, 73, 74], [59], [58], [11], [62], [61, 64], [46], [62], [66], [65, 67], [66], [69, 78], [68, 70], [69], [6, 72], [71], [57], [57], [30, 76], [75], [78], [77, 68], [33], [33], [82], [81, 83], [82], [85], [84, 86], [85]]}