{"vertices": [[675.0, 347.0], [675.0, 323.0], [329.0, 449.00515463917526], [316.0, 449.00515463917526], [587.0, 449.00515463917526], [517.0, 449.00515463917526], [465.0, 449.0], [407.0, 449.0], [285.0, 449.00515463917526], [272.0, 449.00515463917526], [205.0, 449.0], [175.0, 449.0], [241.0, 449.00515463917526], [207.0, 449.00515463917526], [371.0, 449.00515463917526], [360.0, 449.00515463917526], [317.0, 177.05537098560353], [279.0, 177.05537098560353], [477.0, 177.05537098560353], [431.0, 177.05537098560353], [632.0, 177.05537098560353], [594.0, 177.05537098560353], [143.0, 177.0], [116.0, 177.0], [204.0, 177.05537098560353], [172.0, 177.05537098560353], [563.0, 177.05537098560353], [519.0, 177.05537098560353], [229.0, 177.0], [205.0, 177.0], [430.0, 402.0], [430.0, 346.0], [307.0, 313.1098265895954], [149.0, 313.1098265895954], [497.0, 313.0], [430.0, 313.0], [553.0, 313.0], [529.0, 313.0], [139.0, 258.74782608695654], [118.0, 258.74782608695654], [523.0, 346.0], [116.0, 271.0], [116.17914438502673, 311.0], [116.17914438502673, 292.0], [175.0, 314.0], [552.0, 447.0], [552.0, 372.0], [205.0, 253.0], [204.7443820224719, 311.0], [204.7443820224719, 282.0], [407.0, 402.0], [407.0, 369.0], [407.0, 346.0], [529.0, 259.0], [528.8899082568807, 211.0], [528.8899082568807, 179.0], [428.0, 210.54054054054055], [408.0, 210.54054054054055], [552.0, 211.0], [529.0, 211.0], [406.0, 210.54054054054055], [396.0, 210.54054054054055], [552.0, 239.0], [529.0, 239.0], [428.0, 369.0], [176.51428571428568, 355.5142857142857], [189.01428571428568, 343.0142857142857], [396.0, 196.0], [396.0, 179.0], [460.0, 257.0], [460.0, 241.0], [675.0, 281.0], [675.0, 177.0], [663.0, 177.05537098560353], [675.0, 449.0], [639.0, 449.00515463917526], [674.9829302987198, 312.0], [674.0, 323.0], [606.0, 323.0], [378.0, 177.05537098560353], [430.0, 177.0], [431.0, 258.74782608695654], [529.0, 258.0], [580.0, 345.9208633093525], [606.0, 345.0]], "weights": [[1.6, 1.25], [1.6], [1.25], [1.25], [1.45], [1.45], [1.25], [1.25, 0.5], [1.25], [1.25], [1.25], [1.25, 1.7], [1.25], [1.25], [1.25], [1.25], [1.35], [1.35], [1.25], [1.25], [1.25], [1.25], [1.25], [1.25, 1.35], [1.55], [1.55], [1.45], [1.45], [1.35], [1.35, 1.85], [0.5, 0.5], [0.5, 0.5], [0.85], [0.85], [0.5], [0.5, 0.65], [0.9], [0.9, 1.15], [0.25], [0.25], [0.5], [1.35], [1.65], [1.65], [1.7], [0.8], [0.8], [1.85], [0.6], [0.6], [0.5, 0.5], [0.5, 0.7], [0.5], [1.15], [0.5], [0.5], [0.25], [0.25], [0.25], [0.25], [0.25], [0.25], [0.85], [0.85, 0.55], [0.7], [1.500000000000006], [1.500000000000006], [0.8], [0.8], [0.9], [0.9], [1.25], [1.25, 1.45], [1.45], [1.25, 1.25], [1.25], [1.25], [1.25, 0.5], [0.5, 1.3], [1.25], [1.25, 0.65], [2.05], [2.05, 0.55], [0.95], [0.95, 1.3]], "edges": [[1, 74], [0], [3], [2], [5], [4], [7], [6, 50], [9], [8], [11], [10, 44], [13], [12], [15], [14], [17], [16], [19], [18], [21], [20], [23], [22, 41], [25], [24], [27], [26], [29], [28, 47], [31, 50], [30, 40], [33], [32], [35], [34, 80], [37], [36, 53], [39], [38], [31], [23], [43], [42], [11], [46], [45], [29], [49], [48], [7, 30], [52, 64], [51], [37], [55], [54], [57], [56], [59], [58], [61], [60], [63], [62, 82], [51], [66], [65], [68], [67], [70], [69], [72], [71, 73], [72], [0, 75], [74], [77], [76, 78], [77, 84], [80], [79, 35], [82], [81, 63], [84], [83, 78]]}