{"weights": [[1.95, 2.05], [1.95, 1.95], [1.75], [1.75], [2.15], [2.15, 2.35], [2.0], [2.0, 1.75], [1.95], [1.95], [2.95], [2.95], [2.6], [2.6], [1.5], [1.5, 2.15, 2.1], [1.95], [1.95, 1.95], [2.05], [2.05], [2.05], [1.95], [1.95], [2.35], [2.35], [1.95], [1.95], [2.1], [2.1], [1.5, 2.15], [1.5, 1.95], [1.0], [1.0], [2.4], [2.4, 1.75, 2.85], [2.05], [2.05], [0.9], [0.9], [2.0], [2.0, 2.0, 1.5], [1.350000000000001], [1.350000000000001], [2.2], [2.2, 2.15, 1.5], [1.75], [1.75, 1.75], [2.35], [2.2], [2.2], [3.1], [3.1], [0.95], [0.95], [0.7], [0.7], [2.5], [2.5], [2.0], [2.0], [0.25], [0.25], [2.0], [2.0], [1.9], [1.9], [1.9], [1.9], [0.3], [0.3], [2.05], [2.05], [2.15], [2.15], [1.9], [1.9], [0.5], [0.5], [1.9], [1.9], [1.35], [1.35], [1.2], [1.2], [0.6], [0.6], [1.7], [1.7], [1.5], [1.5], [2.1], [2.1], [2.2], [2.2], [1.35], [1.35], [3.0], [3.0], [1.6], [1.6], [1.7], [1.7], [2.05], [2.05], [1.95], [2.6], [2.6], [1.5], [1.5], [0.75], [0.75], [0.5], [0.5], [1.85], [1.85, 1.65], [1.65], [2.15], [2.1], [2.1, 1.85], [1.85], [1.75], [1.75, 2.0], [2.0], [2.85], [1.5], [1.5, 2.1], [1.85], [1.85, 2.0], [2.0], [1.85], [1.85, 2.15], [2.15], [1.5], [1.5, 2.35], [2.35], [3.35], [3.35, 1.75], [1.8], [1.8, 2.95], [2.25], [2.25, 2.15], [2.15], [2.0], [2.25], [2.25, 4.4499999999999975], [4.4499999999999975], [3.05], [3.05, 2.95]], "edges": [[1, 20], [0, 104], [3], [2], [5], [4, 47], [7], [6, 34], [9], [8], [11], [10], [13], [12], [15], [14, 29, 125], [17], [16, 30], [19], [18], [0], [22], [21], [24], [23], [26], [25], [28], [27], [30, 15], [29, 17], [32], [31], [34], [33, 7, 123], [36], [35], [38], [37], [40], [39, 142, 44], [42], [41], [44], [43, 116, 40], [46], [45, 136], [5], [49], [48], [51], [50], [53], [52], [55], [54], [57], [56], [59], [58], [61], [60], [63], [62], [65], [64], [67], [66], [69], [68], [71], [70], [73], [72], [75], [74], [77], [76], [79], [78], [81], [80], [83], [82], [85], [84], [87], [86], [89], [88], [91], [90], [93], [92], [95], [94], [97], [96], [99], [98], [101], [100], [103], [102], [1], [106], [105], [108], [107], [110], [109], [112], [111], [114], [113, 115], [114], [44], [118], [117, 119], [118], [121], [120, 122], [121], [34], [125], [124, 15], [127], [126, 128], [127], [130], [129, 131], [130], [133], [132, 134], [133], [136], [135, 46], [138], [137, 147], [140], [139, 141], [140], [40], [144], [143, 145], [144], [147], [146, 138]], "vertices": [[17.0, 448.0], [17.0, 118.0], [468.0, 446.0], [420.0, 446.0], [629.0, 234.0], [629.0, 114.0], [269.0, 314.0], [179.0, 314.0], [629.0, 113.5223880597015], [610.0, 113.5223880597015], [305.0, 184.96113074204948], [204.0, 184.96113074204948], [223.0, 116.5], [186.0, 116.5], [350.0, 414.0], [339.0, 414.0], [340.0, 314.0], [309.0, 314.0], [149.0, 117.29651162790698], [69.0, 117.29651162790698], [65.0, 448.0], [665.0, 413.0], [631.0, 413.0], [574.0, 113.89010989010988], [554.0, 113.89010989010988], [419.602523659306, 446.0], [419.602523659306, 367.0], [630.5211267605633, 413.0], [630.5211267605633, 394.0], [339.0, 369.0], [309.0, 369.0], [418.5, 312.0], [418.5, 277.0], [226.0, 447.0], [179.0, 447.0], [151.0, 276.2096774193548], [114.0, 276.2096774193548], [754.0, 343.51851851851853], [740.0, 343.51851851851853], [359.0, 274.0], [306.0, 274.0], [30.97142857142857, 145.0], [30.97142857142857, 133.0], [333.0, 116.0], [306.0, 116.0], [471.0, 82.0], [431.0, 82.0], [663.0, 114.0], [38.0, 276.5], [19.0, 276.5], [552.5, 227.0], [552.5, 201.0], [785.0, 397.52], [772.0, 397.52], [269.0, 181.0], [269.0, 163.0], [459.0, 271.0], [459.0, 230.0], [587.0, 431.0], [587.0, 420.0], [47.31578947368421, 145.0], [47.31578947368421, 133.0], [719.0, 395.0], [719.0, 385.0], [795.0, 397.0], [795.0, 386.0], [499.0, 134.0], [499.0, 114.0], [571.328947368421, 177.0], [571.328947368421, 158.0], [176.0, 357.5130434782609], [147.0, 357.5130434782609], [562.9622641509434, 432.0], [562.9622641509434, 413.0], [588.0, 177.0], [588.0, 158.0], [90.0, 134.0], [79.0, 134.0], [494.0, 469.0], [483.0, 469.0], [329.97872340425533, 140.0], [329.97872340425533, 124.0], [302.0, 144.5], [285.0, 144.5], [495.0, 226.0], [495.0, 205.0], [577.0, 431.0], [577.0, 420.0], [31.0, 434.0], [31.0, 415.0], [460.0, 207.5], [438.0, 207.5], [567.0, 177.0], [567.0, 158.0], [61.38235294117647, 145.0], [61.38235294117647, 126.0], [568.0, 468.0], [557.0, 468.0], [703.0, 344.0], [703.0, 332.0], [238.0, 429.0], [238.0, 417.0], [601.44, 177.0], [601.44, 164.0], [32.0, 118.0], [508.0, 134.0], [508.0, 122.0], [40.0, 145.0], [40.0, 133.0], [702.0, 397.5238095238095], [691.0, 397.5238095238095], [235.0, 237.0], [235.0, 227.0], [399.0, 273.2246835443038], [630.0, 273.0], [630.0, 321.0], [249.0, 116.09615384615384], [19.0, 315.5], [135.0, 315.0], [135.0126582278481, 278.0], [813.6490299823633, 280.0], [813.0, 412.0], [781.0, 412.5], [104.0, 447.4365325077399], [263.0, 446.2697947214076], [339.0, 446.0], [202.56126482213438, 153.0], [202.0, 275.0], [186.0, 275.5], [812.0, 243.0], [812.0, 113.0], [702.0, 113.0440881763527], [584.0, 444.5210526315789], [631.0, 444.0], [631.5490196078431, 422.0], [409.0, 114.84905660377359], [431.0, 114.0], [585.494623655914, 203.0], [585.0, 230.0], [551.0, 170.0], [551.0, 82.0], [509.0, 82.02747252747253], [276.0, 274.5], [238.0, 276.0], [238.0, 251.0], [205.0, 251.31884057971016], [460.0, 208.0], [460.0, 230.0]]}