{"weights": [[1.25], [1.25, 1.3], [1.5], [1.5], [1.25], [1.25], [1.5, 0.6], [1.5, 3.3, 1.5], [1.7], [1.7], [1.35], [1.35, 0.5], [0.55], [0.55], [3.3], [0.5], [0.5, 0.8], [1.45], [1.45, 1.7], [1.7, 1.5], [1.7], [1.5], [0.6], [1.5], [1.5], [0.5], [0.5], [1.5], [1.5], [1.7], [1.5], [2.0], [2.0], [0.5, 0.6], [1.5], [1.5], [1.5, 1.6], [1.5], [0.7], [0.7], [1.75], [1.75], [0.75], [0.75, 0.8], [0.8, 0.6], [1.6], [1.6, 1.5, 1.55], [0.7, 1.1], [0.7], [1.2], [1.2, 1.0], [1.0], [1.0, 0.7], [1.6], [0.7], [0.7], [1.25], [1.25], [1.3], [1.4500000000000035], [1.4500000000000035], [0.6], [0.6], [1.1], [0.8, 1.55, 1.0], [0.8], [0.8], [0.7], [1.3], [1.3], [1.2], [1.2], [1.55], [1.5], [1.55], [0.5, 0.9], [0.5, 1.7], [1.7], [1.35], [1.35, 0.9]], "edges": [[1], [0, 58], [3], [2], [5], [4], [7, 22], [6, 14, 21], [9], [8], [11], [10, 33], [13], [12], [7], [16], [15, 44], [18], [17, 29], [20, 30], [19], [7], [6], [24], [23], [26], [25], [28], [27], [18], [19], [32], [31], [11, 44], [35], [34], [37, 53], [36], [39], [38], [41], [40], [43], [42, 64], [16, 33], [46], [45, 73, 74], [48, 63], [47], [50], [49, 64], [52], [51, 67], [36], [55], [54], [57], [56], [1], [60], [59], [62], [61], [47], [43, 72, 50], [66], [65], [52], [69], [68], [71], [70], [64], [46], [46], [76, 79], [75, 77], [76], [79], [78, 75]], "vertices": [[675.0, 281.0], [675.0, 177.0], [329.0, 449.0], [316.0, 449.0], [317.0, 177.018018018018], [279.0, 177.018018018018], [430.0, 313.0], [430.0, 177.0], [587.0, 449.0], [517.0, 449.0], [465.0, 449.0], [407.0, 449.0], [307.0, 313.1943319838057], [149.0, 313.1943319838057], [477.0, 177.0], [523.0, 346.0], [430.0, 346.0], [116.0, 271.0], [116.0, 177.0], [175.0, 449.0], [175.0, 314.0], [378.0, 177.0], [497.0, 313.0], [632.0, 177.0], [594.0, 177.0], [552.0, 447.0], [552.0, 372.0], [285.0, 449.0], [272.0, 449.0], [143.0, 177.0], [205.0, 449.0], [563.0, 177.0], [519.0, 177.0], [407.0, 402.0], [241.0, 449.0], [207.0, 449.0], [675.0, 449.0], [639.0, 449.0], [428.0, 215.0], [408.0, 215.0], [116.47945205479452, 311.0], [116.47945205479452, 292.0], [552.0, 239.0], [529.0, 239.0], [430.0, 402.0], [229.0, 177.0], [205.0, 177.0], [529.0, 208.0], [529.0, 179.0], [553.0, 313.0], [529.0, 313.0], [428.0, 369.0], [407.0, 369.0], [675.0, 323.0], [205.0, 311.0], [205.0, 282.0], [371.0, 448.96875], [360.0, 448.96875], [663.0, 177.0], [176.51428571428568, 355.5142857142857], [189.01428571428568, 343.0142857142857], [396.0, 196.0], [396.0, 179.0], [552.0, 208.0], [529.0, 259.0], [139.0, 252.0], [118.0, 252.0], [407.0, 346.0], [460.0, 257.0], [460.0, 241.0], [406.0, 215.0], [396.0, 215.0], [431.0, 259.18518518518516], [205.0, 253.0], [172.0, 177.40677966101694], [606.0, 323.0], [674.0, 323.0], [674.5, 312.0], [580.0, 345.75], [606.0, 345.0]]}