{"vertices": [[208.4822848879248, 307.0], [208.4822848879248, 160.0], [208.0, 107.0], [208.0, 62.0], [443.78201058201057, 483.0], [443.78201058201057, 388.0], [444.0, 292.0], [444.0, 195.0], [618.431448489543, 283.0], [618.431448489543, 244.0], [618.431448489543, 323.0], [618.431448489543, 307.0], [549.0, 62.0], [472.0, 62.0], [358.0, 62.421887390959554], [303.0, 62.421887390959554], [252.0, 62.0], [524.0, 483.0], [444.0, 483.0], [411.0, 234.74883177570092], [212.0, 234.74883177570092], [616.0, 262.75323741007196], [445.0, 262.75323741007196], [293.0, 262.75323741007196], [268.0, 262.75323741007196], [352.0, 262.75323741007196], [337.0, 262.75323741007196], [224.0, 262.75323741007196], [212.0, 262.75323741007196], [621.0, 405.0], [584.0, 405.0], [535.0, 355.38388625592415], [522.0, 355.38388625592415], [617.0, 137.0], [519.0, 137.0], [381.0, 443.52285714285716], [289.0, 443.52285714285716], [472.0, 128.0], [584.0, 439.0], [367.73015873015873, 479.0], [367.73015873015873, 446.0], [367.73015873015873, 263.0], [367.73015873015873, 237.0], [367.73015873015873, 232.0], [367.73015873015873, 211.0], [441.7572254335262, 158.75722543352617], [244.01253918495297, 232.0], [244.01253918495297, 209.0], [244.01253918495297, 428.0], [244.01253918495297, 410.0], [489.4765100671141, 232.0], [489.4765100671141, 219.0], [489.4765100671141, 259.0], [489.4765100671141, 234.0], [364.0, 232.0], [364.0, 210.0], [364.0, 262.0], [364.0, 237.0], [467.0, 195.0], [518.0, 285.0], [518.0, 266.0], [325.9846153846154, 232.0], [325.9846153846154, 210.0], [549.6666666666666, 295.0], [549.6666666666666, 266.0], [387.0, 34.0], [377.0, 34.0], [286.9375, 232.0], [286.9375, 208.0], [496.80092592592587, 158.80092592592587], [618.0, 202.0], [618.0, 62.0], [577.0, 62.421887390959554], [443.0, 325.091697645601], [618.0, 325.0], [315.0, 483.31240063593003], [381.0, 483.0], [381.0, 444.0], [552.0, 483.31240063593003], [583.0, 483.0], [583.5569230769231, 456.0], [263.0, 483.0], [244.0, 483.0], [244.01253918495297, 459.0], [384.0, 262.75323741007196], [351.0, 262.0], [351.93277310924367, 237.0], [443.0, 355.38388625592415], [472.0, 355.0], [472.2701149425287, 328.0], [579.0, 355.38388625592415], [618.0, 355.0], [381.0863309352518, 296.0], [381.0, 405.0], [208.4822848879248, 360.0], [209.0, 405.0]], "weights": [[2.3], [2.3], [2.65], [2.65, 2.85], [2.05], [2.05], [1.5], [1.5, 2.25], [2.95], [2.95], [2.95], [2.95], [2.75], [2.75, 0.5], [2.75], [2.75], [2.85], [2.75], [2.75], [2.45], [2.45], [2.75], [2.75], [1.75], [1.75], [1.75], [1.75], [1.05], [1.05], [5.75], [5.75, 2.75], [1.65], [1.65], [2.85], [2.85, 1.650000000000001], [1.75], [1.75], [0.5, 1.7000000000000117], [2.75], [0.25], [0.25], [0.3], [0.3], [0.25], [0.25], [1.7000000000000117], [0.25], [0.25], [3.05], [3.05], [1.75], [1.75], [1.75], [1.75], [1.5], [1.5], [2.4], [2.4], [2.25], [2.7], [2.7], [1.35], [1.35], [2.15], [2.15], [2.6], [2.6], [1.9], [1.9], [1.650000000000001], [2.75], [2.75, 1.5], [1.5], [2.05], [2.05, 2.95], [3.35], [3.35, 0.25], [0.25], [2.75], [2.75, 2.25], [2.25], [4.95], [4.95, 3.25], [3.25], [3.75], [3.75, 2.55], [2.55], [6.45], [6.45, 0.25], [0.25], [6.9], [6.9, 2.95], [1.75], [1.75, 2.65], [2.75], [2.75, 2.65]], "edges": [[1], [0], [3], [2, 16], [5], [4], [7], [6, 58], [9], [8], [11], [10], [13], [12, 37], [15], [14], [3], [18], [17], [20], [19], [22], [21], [24], [23], [26], [25], [28], [27], [30], [29, 38], [32], [31], [34], [33, 69], [36], [35], [13, 45], [30], [40], [39], [42], [41], [44], [43], [37], [47], [46], [49], [48], [51], [50], [53], [52], [55], [54], [57], [56], [7], [60], [59], [62], [61], [64], [63], [66], [65], [68], [67], [34], [71], [70, 72], [71], [74], [73, 91], [76], [75, 77], [76], [79], [78, 80], [79], [82], [81, 83], [82], [85], [84, 86], [85], [88], [87, 89], [88], [91], [90, 74], [93], [92, 95], [95], [94, 93]]}