{"weights": [[2.3], [2.3], [1.75], [1.75], [2.95], [2.95], [2.05], [2.05, 2.75], [2.749999999999998], [2.749999999999998, 1.85], [3.35], [3.35], [2.85], [2.85], [2.35], [2.35], [3.0], [3.0], [2.3], [2.3], [1.5], [1.5, 2.55], [3.55], [3.55], [4.15], [4.15], [2.25], [2.25, 1.6500000000000015], [1.75], [1.75], [1.85, 1.750000000000012], [4.05], [4.05, 2.75], [2.55], [2.75], [2.45], [2.45], [1.750000000000012], [1.35], [1.35], [1.85], [1.85], [1.75], [1.75], [1.35], [1.35], [1.4], [1.4], [2.85], [2.85], [2.75], [2.9], [2.9], [1.25], [1.25], [3.25], [3.25], [2.0], [2.0], [3.15], [3.15], [2.0], [2.0], [3.5], [3.5], [2.15], [2.15], [1.6500000000000015], [1.2], [1.2], [2.75], [2.75, 2.85], [2.85], [2.05], [2.05, 2.65, 2.95], [2.65], [5.25], [5.25, 2.75], [2.75], [1.75], [1.75, 4.35], [2.85], [2.85, 2.95], [2.75], [2.75, 4.35], [1.5], [1.5, 1.85], [1.85], [3.95], [3.95, 3.95, 1.45], [3.95], [1.45]], "edges": [[1], [0], [3], [2], [5], [4], [7], [6, 50], [9], [8, 30], [11], [10], [13], [12], [15], [14], [17], [16], [19], [18], [21], [20, 33], [23], [22], [25], [24], [27], [26, 67], [29], [28], [9, 37], [32], [31, 34], [21], [32], [36], [35], [30], [39], [38], [41], [40], [43], [42], [45], [44], [47], [46], [49], [48], [7], [52], [51], [54], [53], [56], [55], [58], [57], [60], [59], [62], [61], [64], [63], [66], [65], [27], [69], [68], [71], [70, 72], [71], [74], [73, 75, 82], [74], [77], [76, 78], [77], [80], [79, 84], [82], [81, 74], [84], [83, 80], [86], [85, 87], [86], [89], [88, 90, 91], [89], [89]], "vertices": [[208.48911798396335, 307.0], [208.48911798396335, 160.0], [443.78111587982835, 484.0], [443.78111587982835, 388.0], [618.2, 283.0], [618.2, 244.0], [444.0, 292.0], [444.0, 195.0], [549.0, 62.0], [474.0, 62.0], [386.0, 483.01649484536085], [315.0, 483.01649484536085], [524.0, 484.0], [444.0, 484.0], [411.0, 234.74883177570092], [212.0, 234.74883177570092], [616.0, 262.5], [445.0, 262.5], [358.0, 62.41503267973856], [303.0, 62.41503267973856], [252.0, 62.0], [208.0, 62.0], [478.0, 355.9568965517241], [443.0, 355.9568965517241], [263.0, 483.0], [243.0, 483.0], [617.0, 137.0], [519.0, 137.0], [376.0, 443.52285714285716], [289.0, 443.52285714285716], [474.0, 126.0], [621.0, 405.0], [584.0, 405.0], [208.0, 107.0], [584.0, 439.0], [376.0, 479.0], [376.0, 444.0], [441.7572254335262, 158.75722543352617], [248.03030303030303, 232.0], [248.03030303030303, 209.0], [489.42857142857144, 232.0], [489.42857142857144, 219.0], [293.0, 262.5744680851064], [268.0, 262.5744680851064], [364.984375, 232.0], [364.984375, 210.0], [224.0, 262.5777777777778], [212.0, 262.5777777777778], [242.95, 428.0], [242.95, 410.0], [467.0, 195.0], [518.0, 285.0], [518.0, 266.0], [325.9846153846154, 232.0], [325.9846153846154, 210.0], [242.97744360902254, 483.0], [242.97744360902254, 459.0], [489.5, 259.0], [489.5, 234.0], [549.6666666666666, 295.0], [549.6666666666666, 266.0], [466.5, 352.0], [466.5, 328.0], [387.0, 34.0], [377.0, 34.0], [286.9375, 232.0], [286.9375, 208.0], [496.80092592592587, 158.80092592592587], [535.0, 355.05405405405406], [522.0, 355.05405405405406], [577.0, 62.422764227642276], [619.0, 62.0], [619.0, 202.0], [443.0, 325.091697645601], [618.0, 325.0], [618.1153846153846, 307.0], [552.0, 483.5806451612903], [583.0, 483.0], [583.5986394557823, 456.0], [382.5035294117647, 296.0], [382.0, 405.0], [579.0, 354.5947712418301], [618.0, 354.0], [208.48987854251013, 360.0], [208.0, 405.0], [351.93277310924367, 237.0], [351.0, 262.0], [337.0, 262.06060606060606], [384.0, 263.0], [365.0, 263.0], [352.0, 263.0], [365.0131578947368, 237.0]]}