{"weights": [[0.95], [0.95], [1.0], [1.0], [0.85], [0.85], [1.0], [1.0], [1.0], [1.0], [0.75], [0.75], [1.0], [1.0], [1.2], [1.2], [1.75], [1.75], [0.95], [0.95, 1.45], [0.85], [0.85], [1.0], [1.0], [0.75], [0.75], [1.35], [1.35, 1.0], [1.0], [1.1], [1.1, 1.0], [0.7], [0.7], [1.2], [1.2], [0.7], [0.7, 1.2, 0.75], [0.75], [0.75], [0.75], [0.75, 1.3], [1.0], [1.2], [0.75], [1.45, 1.3], [1.5], [1.5, 0.75], [0.7], [0.7, 1.1], [1.1], [1.45], [1.45, 1.1], [5.7], [5.7, 1.0], [1.0], [1.05], [1.05, 1.0], [1.0], [0.75, 1.1]], "edges": [[1], [0], [3], [2], [5], [4], [7], [6], [9], [8], [11], [10], [13], [12], [15], [14], [17], [16], [19], [18, 44], [21], [20], [23], [22], [25], [24], [27], [26, 28], [27], [30], [29, 41], [32], [31], [34], [33], [36], [35, 42, 43], [38], [37], [40], [39, 44], [30], [36], [36], [19, 40], [46], [45, 58], [48], [47, 49], [48], [51], [50, 58], [53], [52, 54], [53], [56], [55, 57], [56], [46, 51]], "vertices": [[254.6454081632653, 450.0], [254.6454081632653, 272.0], [577.5, 243.0], [577.5, 174.0], [511.0, 449.0], [438.0, 449.0], [254.5, 243.0], [254.5, 174.0], [577.5, 307.0], [577.5, 272.0], [494.0, 128.48648648648648], [456.0, 128.48648648648648], [437.5, 449.0], [437.5, 418.0], [357.0, 288.5], [330.0, 288.5], [371.0, 449.1363636363636], [321.0, 449.1363636363636], [393.0, 289.0], [357.0, 289.0], [355.0, 361.49122807017545], [326.0, 361.49122807017545], [392.5, 361.0], [392.5, 319.0], [543.5072463768116, 380.0], [543.5072463768116, 345.0], [438.0, 375.0], [438.0, 344.0], [471.0, 344.0], [282.0, 128.0], [254.0, 128.0], [391.0, 344.36538461538464], [358.0, 344.36538461538464], [293.0, 450.0], [255.0, 450.0], [394.0, 128.0], [372.0, 128.0], [401.0, 449.4909090909091], [373.0, 449.4909090909091], [334.0, 447.0], [334.0, 415.0], [254.0, 145.0], [372.0, 255.0], [345.0, 128.49019607843138], [357.0, 415.0], [535.0, 344.4189189189189], [577.0, 344.0], [557.0, 128.4878048780488], [578.0, 128.0], [578.0, 145.0], [543.4929577464789, 413.0], [543.0, 449.0], [300.0, 313.0], [300.0, 288.0], [257.0, 288.5], [256.0, 361.494623655914], [299.0, 361.0], [299.5, 337.0], [577.0, 449.0]]}