{"vertices": [[254.6017857142857, 449.0], [254.6017857142857, 272.0], [254.6017857142857, 243.0], [254.6017857142857, 174.0], [255.0, 145.0], [255.0, 128.0], [577.4988814317674, 243.0], [577.4988814317674, 174.0], [577.4988814317674, 307.0], [577.4988814317674, 272.0], [511.0, 449.0], [438.0, 449.0], [371.0, 449.3175542406312], [321.0, 449.3175542406312], [577.0, 449.0], [544.0, 449.0], [293.0, 449.0], [255.0, 449.0], [401.0, 449.3175542406312], [373.0, 449.3175542406312], [494.0, 128.4903474903475], [456.0, 128.4903474903475], [282.0, 128.0], [394.0, 128.0], [372.0, 128.0], [471.0, 344.0], [438.0, 344.0], [391.0, 344.4315789473684], [358.0, 344.4315789473684], [437.78620689655173, 449.0], [437.78620689655173, 418.0], [438.0, 375.0], [357.0, 288.5801886792453], [330.0, 288.5801886792453], [393.0, 289.0], [357.0, 289.0], [300.0, 288.5801886792453], [257.0, 288.5801886792453], [543.5, 449.0], [543.5, 413.0], [543.5, 380.0], [543.5, 345.0], [355.0, 361.49333333333334], [326.0, 361.49333333333334], [392.5, 361.0], [392.5, 319.0], [300.0, 313.0], [300.0, 289.0], [334.0, 447.0], [334.0, 415.0], [372.0, 255.0], [345.0, 128.4903474903475], [578.0, 449.0], [578.0, 344.0], [535.0, 344.4315789473684], [577.0, 145.0], [577.0, 128.0], [557.0, 128.4903474903475], [357.0, 415.0], [256.0, 361.49333333333334], [299.0, 361.0], [299.5, 337.0]], "weights": [[0.85], [0.85], [0.75], [0.75], [0.75], [0.75, 0.7], [1.0], [1.0], [1.0], [1.0], [0.95], [0.95], [1.25], [1.25], [0.85], [0.85], [0.85], [0.85], [0.75], [0.75], [0.75], [0.75], [0.7], [0.75], [0.75, 1.0, 0.7], [0.75], [0.75, 1.25], [0.7], [0.7], [0.75], [0.75], [1.25], [0.75], [0.75], [1.15], [1.15, 0.85], [0.75], [0.75], [1.1], [1.1], [0.9], [0.9], [0.75], [0.75], [1.0], [1.0], [1.2], [1.2], [0.75], [0.75, 1.2], [1.0], [0.7], [1.0], [1.0, 0.75], [0.75], [1.0], [1.0, 0.75], [0.75], [0.85, 1.2], [3.15], [3.15, 1.2], [1.2]], "edges": [[1], [0], [3], [2], [5], [4, 22], [7], [6], [9], [8], [11], [10], [13], [12], [15], [14], [17], [16], [19], [18], [21], [20], [5], [24], [23, 50, 51], [26], [25, 31], [28], [27], [30], [29], [26], [33], [32], [35], [34, 58], [37], [36], [39], [38], [41], [40], [43], [42], [45], [44], [47], [46], [49], [48, 58], [24], [24], [53], [52, 54], [53], [56], [55, 57], [56], [35, 49], [60], [59, 61], [60]]}