{"weights": [[0.75], [0.75], [0.95], [0.95], [0.75], [0.75], [4.15], [4.15], [0.25], [0.25, 0.7], [0.6], [0.6], [0.55], [0.55], [1.5], [1.5], [0.9, 0.7], [0.9], [1.0], [1.0], [0.7], [0.7], [0.7], [0.7], [1.0], [1.0, 0.6], [1.5], [1.5], [2.0, 1.9], [2.0, 0.8], [1.6], [1.6], [0.6], [6.95], [6.95], [0.75], [0.75], [0.6], [0.6], [0.95], [0.95], [1.05], [1.05], [0.7], [0.7], [1.25], [1.25], [3.55], [3.55], [0.75], [0.75], [0.75], [0.75], [1.4], [1.4, 0.5], [1.0], [1.0], [0.65], [0.65], [1.9], [1.0], [1.0], [1.5], [1.5], [0.75], [0.75], [0.5], [0.7], [0.7], [1.5], [1.5], [0.8], [2.0], [2.0, 1.0], [1.0], [1.3], [1.3], [1.5], [1.5, 0.75], [0.75], [5.8], [5.8, 7.0], [7.0], [1.0], [1.0, 1.0], [1.0], [0.95], [0.95, 0.95], [0.95]], "edges": [[1], [0], [3], [2], [5], [4], [7], [6], [9], [8, 16], [11], [10], [13], [12], [15], [14], [17, 9], [16], [19], [18], [21], [20], [23], [22], [25], [24, 32], [27], [26], [29, 59], [28, 71], [31], [30], [25], [34], [33], [36], [35], [38], [37], [40], [39], [42], [41], [44], [43], [46], [45], [48], [47], [50], [49], [52], [51], [54], [53, 66], [56], [55], [58], [57], [28], [61], [60], [63], [62], [65], [64], [54], [68], [67], [70], [69], [29], [73], [72, 74], [73], [76], [75], [78], [77, 79], [78], [81], [80, 82], [81], [84], [83, 85], [84], [87], [86, 88], [87]], "vertices": [[625.0, 30.4875], [584.0, 30.4875], [658.2941176470588, 173.0], [658.2941176470588, 107.0], [563.0, 30.485714285714284], [527.0, 30.485714285714284], [548.0362173038229, 282.0], [548.0362173038229, 208.0], [316.0, 430.0], [316.0, 354.0], [247.0, 132.0], [247.0, 60.0], [439.0, 218.81034482758622], [392.0, 218.81034482758622], [361.0, 71.0], [361.0, 30.0], [333.0, 354.0], [333.0, 342.0], [618.0, 322.5], [592.0, 322.5], [230.0, 291.0], [198.0, 291.0], [332.6666666666667, 284.0], [332.6666666666667, 254.0], [226.0, 502.0], [226.0, 450.0], [306.16309012875536, 539.0], [306.16309012875536, 525.0], [474.0, 251.0], [474.0, 219.0], [436.0, 32.31547619047619], [396.0, 32.31547619047619], [192.0, 450.0], [307.03125, 360.0], [307.03125, 347.0], [272.0, 30.489795918367346], [247.0, 30.489795918367346], [658.3478260869565, 238.0], [658.3478260869565, 193.0], [305.86206896551727, 218.0], [305.86206896551727, 195.0], [305.48979591836735, 158.0], [305.48979591836735, 133.0], [501.0, 30.48051948051948], [461.0, 30.48051948051948], [426.013698630137, 158.0], [426.013698630137, 132.0], [619.0, 190.7972972972973], [598.0, 190.7972972972973], [658.4897959183673, 284.0], [658.4897959183673, 259.0], [658.4594594594595, 83.0], [658.4594594594595, 63.0], [349.0, 218.0], [333.0, 218.0], [345.0, 133.5], [330.0, 133.5], [318.48387096774195, 502.0], [318.48387096774195, 486.0], [494.0, 251.0], [165.0, 364.0], [165.0, 346.0], [331.0, 270.0], [318.0, 270.0], [340.5217391304348, 217.0], [340.5217391304348, 205.0], [333.0, 233.0], [165.0, 450.0], [165.0, 438.0], [295.5217391304348, 539.0], [295.5217391304348, 527.0], [459.0, 219.0], [658.0, 40.0], [658.0, 30.0], [647.0, 30.0], [426.0, 205.0], [426.0, 195.0], [349.0, 73.0], [349.0, 30.0], [319.0, 30.48936170212766], [520.0, 251.0], [540.0, 251.0], [540.5, 207.0], [640.0, 322.5], [658.0, 322.0], [658.5, 304.0], [570.0, 322.0], [551.0, 322.0], [551.4848484848485, 304.0]]}