{"vertices": [[625.0, 31.089820359281436], [584.0, 31.089820359281436], [563.0, 31.089820359281436], [527.0, 31.089820359281436], [436.0, 31.089820359281436], [396.0, 31.089820359281436], [272.0, 31.089820359281436], [247.0, 31.089820359281436], [501.0, 31.089820359281436], [461.0, 31.089820359281436], [658.3607954545455, 173.0], [658.3607954545455, 107.0], [658.3607954545455, 238.0], [658.3607954545455, 193.0], [658.3607954545455, 284.0], [658.3607954545455, 259.0], [658.3607954545455, 83.0], [658.3607954545455, 63.0], [548.2509433962264, 282.0], [548.2509433962264, 208.0], [315.8181818181818, 430.0], [315.8181818181818, 347.0], [315.8181818181818, 539.0], [315.8181818181818, 525.0], [315.8181818181818, 502.0], [315.8181818181818, 486.0], [247.0, 132.0], [247.0, 60.0], [439.0, 218.73333333333332], [392.0, 218.73333333333332], [349.0, 219.0], [335.0, 219.0], [474.0, 218.73333333333332], [459.0, 218.73333333333332], [361.0, 71.0], [361.0, 30.0], [334.7173913043478, 284.0], [334.7173913043478, 254.0], [334.7173913043478, 219.0], [334.7173913043478, 205.0], [335.0, 233.0], [618.0, 322.496], [592.0, 322.496], [230.0, 291.0], [198.0, 291.0], [494.0, 251.0], [474.0, 251.0], [226.0, 502.0], [226.0, 450.0], [304.6697247706422, 539.0], [304.6697247706422, 527.0], [304.6697247706422, 360.0], [304.6697247706422, 347.0], [304.6697247706422, 218.0], [304.6697247706422, 195.0], [304.6697247706422, 158.0], [304.6697247706422, 133.0], [474.0, 219.0], [192.0, 450.0], [426.0120481927711, 158.0], [426.0120481927711, 132.0], [426.0120481927711, 205.0], [426.0120481927711, 195.0], [619.0, 190.7972972972973], [598.0, 190.7972972972973], [345.0, 133.5], [330.0, 133.5], [165.0, 364.0], [165.0, 346.0], [165.0, 450.0], [165.0, 438.0], [331.0, 270.0], [318.0, 270.0], [295.5217391304348, 539.0], [295.5217391304348, 527.0], [647.0, 31.089820359281436], [658.0, 31.0], [658.0, 40.0], [658.3607954545455, 304.0], [658.0, 322.0], [640.0, 322.496], [548.2509433962264, 304.0], [548.0, 322.0], [570.0, 322.0], [334.7173913043478, 342.0], [334.0, 354.0], [320.0, 354.0], [520.0, 251.0], [540.0, 251.0], [540.5, 207.0], [319.0, 31.089820359281436], [349.0, 32.0], [349.0, 73.0]], "weights": [[0.5], [0.5], [0.5], [0.5], [1.5999999999999996], [1.5999999999999996], [0.5], [0.5], [0.5], [0.5], [1.05], [1.05], [0.65], [0.65], [0.75], [0.75], [0.7], [0.7], [3.05], [3.05], [0.25], [0.25], [0.25], [0.25], [0.4], [0.4], [0.5], [0.5], [0.7], [0.7], [0.75], [0.75, 0.25], [0.55], [0.55], [1.5], [1.5], [0.25], [0.25], [0.25], [0.25], [0.25], [0.75], [0.75], [0.8], [0.8], [1.6], [1.6, 1.25], [1.0], [1.0, 0.5], [1.5], [1.5], [1.65], [1.65], [0.5], [0.5], [1.6], [1.6], [1.25], [0.5], [1.25], [1.25], [0.85], [0.85], [3.65], [3.65], [1.1], [1.1], [1.1], [1.1], [1.0], [1.0], [1.5], [1.5], [1.5], [1.5], [0.5], [0.5, 0.6], [0.6], [0.7], [0.7, 0.75], [0.75], [0.25], [0.25, 0.85], [0.85], [0.25], [0.25, 0.9], [0.9], [1.5], [1.5, 6.3], [6.3], [0.5], [0.5, 1.5], [1.5]], "edges": [[1], [0], [3], [2], [5], [4], [7], [6], [9], [8], [11], [10], [13], [12], [15], [14], [17], [16], [19], [18], [21], [20], [23], [22], [25], [24], [27], [26], [29], [28], [31], [30, 40], [33], [32], [35], [34], [37], [36], [39], [38], [31], [42], [41], [44], [43], [46], [45, 57], [48], [47, 58], [50], [49], [52], [51], [54], [53], [56], [55], [46], [48], [60], [59], [62], [61], [64], [63], [66], [65], [68], [67], [70], [69], [72], [71], [74], [73], [76], [75, 77], [76], [79], [78, 80], [79], [82], [81, 83], [82], [85], [84, 86], [85], [88], [87, 89], [88], [91], [90, 92], [91]]}