{"weights": [[0.6], [0.6], [0.9], [0.9], [1.75], [1.75], [1.35], [1.35], [0.6], [0.6], [0.9], [0.9], [0.95], [0.95, 0.75], [0.6, 1.3, 0.75], [0.6], [1.0], [1.0], [0.7], [0.7], [0.55], [0.55], [0.75], [0.75], [0.8], [0.8], [0.85], [0.85], [0.6], [0.6], [0.5], [0.5], [0.8], [0.8], [0.5], [0.5], [0.8], [0.8], [1.0], [1.0], [0.7], [0.7], [0.7], [0.7], [1.3], [0.75, 0.95], [0.65], [0.65, 0.95], [0.75, 1.0], [1.0]], "edges": [[1], [0], [3], [2], [5], [4], [7], [6], [9], [8], [11], [10], [13], [12, 48], [15, 44, 45], [14], [17], [16], [19], [18], [21], [20], [23], [22], [25], [24], [27], [26], [29], [28], [31], [30], [33], [32], [35], [34], [37], [36], [39], [38], [41], [40], [43], [42], [14], [14, 47], [47], [46, 45], [13, 49], [48]], "vertices": [[453.0, 230.43445692883896], [302.0, 230.43445692883896], [393.0, 304.82805429864254], [302.0, 304.82805429864254], [258.0, 233.84948979591837], [125.0, 233.84948979591837], [318.0, 115.72135416666667], [181.0, 115.72135416666667], [454.0, 54.49645390070922], [368.0, 54.49645390070922], [392.0, 390.5], [360.0, 390.5], [552.0, 207.0], [552.0, 152.0], [124.0, 83.0], [610.0, 47.0], [170.0, 452.5], [123.0, 452.5], [298.0, 391.4875], [256.0, 391.4875], [218.0, 293.496644295302], [125.0, 293.496644295302], [257.0, 319.50485436893206], [205.0, 319.50485436893206], [221.0, 56.0], [127.0, 56.0], [600.0, 195.16831683168317], [554.0, 195.16831683168317], [331.0, 55.07751937984496], [242.0, 55.07751937984496], [317.0, 186.0], [258.0, 186.0], [351.0, 269.0], [322.0, 269.0], [257.0, 452.0], [211.0, 452.0], [453.0, 161.0], [453.0, 150.0], [154.0, 117.5], [127.0, 117.5], [319.0, 268.56666666666666], [302.0, 268.56666666666666], [315.0, 248.0], [302.0, 248.0], [623.0, 83.0], [731.0, 83.0], [687.0, 192.80232558139534], [731.0, 192.0], [610.0, 152.0], [610.1730769230769, 129.0]]}