{"vertices": [[453.0, 232.4658573596358], [302.0, 232.4658573596358], [258.0, 232.4658573596358], [125.0, 232.4658573596358], [393.0, 304.82805429864254], [302.0, 304.82805429864254], [318.0, 115.94063926940639], [181.0, 115.94063926940639], [154.0, 115.94063926940639], [127.0, 115.94063926940639], [454.0, 55.09065934065934], [368.0, 55.09065934065934], [221.0, 55.09065934065934], [127.0, 55.09065934065934], [331.0, 55.09065934065934], [242.0, 55.09065934065934], [392.0, 391.056338028169], [360.0, 391.056338028169], [298.0, 391.056338028169], [256.0, 391.056338028169], [552.0, 207.0], [552.0, 152.0], [170.0, 452.3357142857143], [123.0, 452.3357142857143], [257.0, 452.3357142857143], [211.0, 452.3357142857143], [218.0, 293.496644295302], [125.0, 293.496644295302], [257.0, 319.50485436893206], [205.0, 319.50485436893206], [600.0, 192.14227642276424], [554.0, 192.14227642276424], [317.0, 192.14227642276424], [258.0, 192.14227642276424], [351.0, 268.77966101694915], [322.0, 268.77966101694915], [319.0, 268.77966101694915], [302.0, 268.77966101694915], [453.0, 161.0], [453.0, 150.0], [315.0, 248.0], [302.0, 248.0], [731.0, 82.0], [731.0, 192.0], [687.0, 192.14227642276424], [610.1034482758621, 129.0], [610.0, 152.0], [611.0, 82.0], [610.1034482758621, 47.0]], "weights": [[0.45], [0.45], [0.65], [0.65], [1.05], [1.05], [1.25], [1.25], [0.25], [0.25], [0.5], [0.5], [0.25], [0.25], [0.75], [0.75], [0.5], [0.5], [0.7], [0.7], [5.15], [5.15, 0.6], [0.75], [0.75], [0.5], [0.5], [0.75], [0.75], [0.95], [0.95], [0.25], [0.25], [0.25], [0.25], [0.55], [0.55], [0.65], [0.65], [0.8], [0.8], [0.5], [0.5], [0.65, 1.15], [0.65, 0.45], [0.45], [1.05], [1.05, 0.6], [1.15, 0.5], [0.5]], "edges": [[1], [0], [3], [2], [5], [4], [7], [6], [9], [8], [11], [10], [13], [12], [15], [14], [17], [16], [19], [18], [21], [20, 46], [23], [22], [25], [24], [27], [26], [29], [28], [31], [30], [33], [32], [35], [34], [37], [36], [39], [38], [41], [40], [43, 47], [42, 44], [43], [46], [45, 21], [42, 48], [47]]}