{"vertices": [[724.0, 217.0], [724.0, 75.0], [724.4690508940853, 253.0], [724.4690508940853, 240.0], [96.05840071877807, 341.0], [96.05840071877807, 129.0], [96.0, 112.0], [96.0, 17.0], [570.0, 74.88181818181818], [523.0, 74.88181818181818], [724.0, 74.88181818181818], [639.0, 74.88181818181818], [476.0, 74.88181818181818], [462.0, 74.88181818181818], [213.0, 75.0], [199.0, 75.0], [403.0, 471.0], [382.0, 471.0], [323.0, 449.0], [304.0, 449.0], [521.0, 449.0], [496.0, 449.0], [198.52558139534884, 75.0], [198.52558139534884, 56.0], [381.6056338028169, 382.0], [381.6056338028169, 372.0], [588.0, 535.0], [560.0, 535.0], [640.0, 535.2272727272727], [613.0, 535.2272727272727], [668.0, 520.0], [641.0, 520.0], [726.0, 520.0280898876405], [693.0, 520.0280898876405], [147.0, 17.0], [247.0, 358.3265306122449], [229.0, 358.3265306122449], [433.0, 141.27722772277227], [404.0, 141.27722772277227], [315.0, 141.27722772277227], [286.0, 141.27722772277227], [714.0631578947368, 132.0], [714.0631578947368, 121.0], [714.0631578947368, 164.0], [714.0631578947368, 153.0], [534.0, 370.0], [534.0, 348.0], [216.0, 505.0], [199.0, 505.0], [300.0, 282.0], [287.0, 282.0], [641.0, 535.0], [96.05840071877807, 367.0], [96.0, 439.0], [137.0, 439.0], [476.0, 471.0747663551402], [496.0, 471.0], [369.0, 449.1235632183908], [382.0, 449.0], [538.0, 449.1235632183908], [560.0, 449.0], [162.0, 439.00448430493276], [199.0, 439.0], [304.0, 505.0], [286.0, 505.03225806451616], [304.0, 379.0], [304.0, 358.0], [287.0, 358.3265306122449]], "weights": [[0.4], [0.4], [0.5], [0.5], [1.25], [1.25], [1.65], [1.65, 1.6], [1.35], [1.35], [1.25], [1.25], [1.35], [1.35], [0.5], [0.5], [5.05], [5.05, 3.75], [2.55], [2.55, 1.35], [6.45], [6.45, 2.75], [0.5], [0.5], [2.0], [2.0], [1.25], [1.25, 1.35], [0.95], [0.95], [1.75], [1.75, 1.2], [1.25], [1.25], [1.6], [0.75], [0.75], [1.85], [1.85], [1.45], [1.45], [1.5], [1.5], [1.5], [1.5], [0.5], [0.5], [1.35], [1.35, 1.25], [3.8], [3.8], [1.2], [0.5], [0.5, 1.25], [1.25], [4.55], [4.55, 2.75], [8.25], [8.25, 3.75], [2.05], [2.05, 1.35], [1.25], [1.25, 1.25], [1.35, 1.25], [1.25], [0.25], [0.25, 0.5], [0.5]], "edges": [[1], [0], [3], [2], [5], [4], [7], [6, 34], [9], [8], [11], [10], [13], [12], [15], [14], [17], [16, 58], [19], [18, 63], [21], [20, 56], [23], [22], [25], [24], [27], [26, 60], [29], [28], [31], [30, 51], [33], [32], [7], [36], [35], [38], [37], [40], [39], [42], [41], [44], [43], [46], [45], [48], [47, 62], [50], [49], [31], [53], [52, 54], [53], [56], [55, 21], [58], [57, 17], [60], [59, 27], [62], [61, 48], [19, 64], [63], [66], [65, 67], [66]]}