{"weights": [[1.05], [1.05, 1.5], [1.0], [1.0], [1.5], [1.5], [1.15], [1.15], [1.5], [5.45], [5.45], [2.85], [2.85, 1.25], [1.45], [1.45, 1.5], [5.6, 5.0], [5.6], [1.5, 0.95], [1.5], [1.35], [1.35], [0.95, 1.35], [4.6], [4.6, 2.65], [5.0], [1.25], [1.25, 3.95], [1.75], [1.75, 1.2], [1.5], [0.75], [0.75], [2.55], [2.55], [0.6], [0.6, 0.8], [2.15], [2.15], [2.7], [2.7], [1.5], [1.5], [0.8], [1.25], [1.25], [4.1], [4.1], [0.7], [0.7], [3.5], [3.5], [1.25], [1.25], [2.65], [1.5], [1.5], [1.35], [2.3], [2.3], [3.95, 2.15], [2.15], [1.25, 1.25], [1.25], [1.1], [1.1, 1.2], [1.2], [1.0], [1.0, 1.2]], "edges": [[1], [0, 8], [3], [2], [5], [4], [7], [6], [1], [10], [9], [12], [11, 61], [14], [13, 29], [16, 24], [15], [18, 21], [17], [20], [19], [17, 56], [23], [22, 53], [15], [26], [25, 59], [28], [27, 67], [14], [31], [30], [33], [32], [35], [34, 42], [37], [36], [39], [38], [41], [40], [35], [44], [43], [46], [45], [48], [47], [50], [49], [52], [51], [23], [55], [54], [21], [58], [57], [26, 60], [59], [12, 62], [61], [64], [63, 65], [64], [67], [66, 28]], "vertices": [[724.0, 217.0], [724.0, 75.0], [95.5, 439.0], [95.5, 367.0], [96.0, 341.0], [96.0, 129.0], [570.0, 74.95555555555555], [523.0, 74.95555555555555], [639.0, 75.0], [403.0, 471.0], [382.0, 471.0], [323.0, 449.0], [304.0, 449.0], [96.0, 112.0], [96.0, 17.0], [381.0, 448.0], [369.0, 448.0], [198.0, 439.0], [162.0, 439.0], [476.0, 74.51851851851852], [462.0, 74.51851851851852], [198.0, 505.0], [521.0, 449.0], [497.0, 449.0], [381.0, 471.0], [588.0, 535.0], [560.0, 535.0], [668.0, 520.0], [640.0, 520.0], [147.0, 17.0], [247.0, 358.47058823529414], [229.0, 358.47058823529414], [433.0, 141.48695652173913], [404.0, 141.48695652173913], [302.0, 379.0], [302.0, 358.0], [726.0, 520.020618556701], [693.0, 520.020618556701], [315.0, 141.0], [286.0, 141.0], [714.0576923076923, 132.0], [714.0576923076923, 121.0], [287.0, 358.0], [137.0, 439.0], [96.0, 439.0], [496.0, 471.0], [476.0, 471.0], [534.0, 370.0], [534.0, 348.0], [300.0, 282.0], [287.0, 282.0], [726.0277777777778, 253.0], [726.0277777777778, 240.0], [497.0, 471.0], [714.0697674418604, 164.0], [714.0697674418604, 153.0], [216.0, 505.0], [383.0, 382.0], [383.0, 372.0], [560.0, 449.0], [538.0, 449.1276595744681], [304.0, 505.0], [286.0, 505.02127659574467], [200.5, 56.0], [200.0, 74.0], [213.0, 74.0], [613.0, 535.5], [640.0, 535.0]]}