{"vertices": [[64.0, 260.0], [64.0, 38.0], [166.0, 387.96019900497515], [129.0, 387.96019900497515], [744.8840937114674, 307.0], [744.8840937114674, 248.0], [745.0, 226.0], [745.0, 192.0], [598.0, 192.0], [277.0, 37.80726538849647], [195.0, 37.80726538849647], [435.0, 37.80726538849647], [400.0, 37.80726538849647], [102.0, 38.0], [535.0, 38.0], [524.0, 38.0], [166.0, 411.0], [166.0, 388.0], [165.87878787878788, 346.0], [165.87878787878788, 325.0], [165.87878787878788, 360.0], [165.87878787878788, 350.0], [292.7248576850095, 412.0], [292.7248576850095, 316.0], [236.15, 165.0], [236.15, 106.0], [524.0, 53.0], [524.2852664576802, 96.0], [524.2852664576802, 84.0], [535.0, 54.0], [535.4850746268656, 99.0], [535.4850746268656, 83.0], [252.14589665653494, 124.0], [252.14589665653494, 108.0], [252.14589665653494, 179.0], [252.14589665653494, 154.0], [675.0, 540.0], [640.0, 540.0], [598.0, 158.0], [598.0, 211.0], [227.0, 307.3059701492537], [168.0, 307.3059701492537], [244.0, 127.0], [255.00000000000003, 116.00000000000003], [640.0, 518.896875], [604.0, 518.896875], [562.0, 519.0], [524.0, 519.0], [243.98159509202455, 170.0], [243.98159509202455, 153.0], [243.98159509202455, 127.0], [243.98159509202455, 108.0], [596.0, 283.81094527363183], [525.0, 283.81094527363183], [309.46521739130435, 344.0], [309.46521739130435, 314.0], [309.46521739130435, 258.0], [309.46521739130435, 242.0], [216.0, 441.12380952380954], [196.0, 441.12380952380954], [263.0, 441.12380952380954], [242.0, 441.12380952380954], [424.0, 451.0], [398.0, 451.0], [424.0, 466.0], [381.5, 339.0], [381.5, 316.0], [640.0, 519.0], [639.578947368421, 235.0], [639.578947368421, 201.0], [579.9320388349514, 140.0679611650486], [84.0, 356.0], [69.0, 356.0], [64.31870229007633, 322.0], [64.0, 388.0], [107.0, 388.0], [744.8840937114674, 474.0], [744.0, 540.0], [707.0, 540.0019011406844], [398.0, 339.0], [382.0, 339.0], [524.0, 451.0], [496.0, 451.04918032786884]], "weights": [[2.25], [2.25, 2.15], [6.2], [6.2], [2.45], [2.45], [2.85], [2.85, 3.05], [3.05, 1.95, 0.3], [3.95], [3.95], [2.65], [2.65], [2.15], [1.95, 3.3], [1.95, 0.25], [6.25], [6.25], [0.35], [0.35], [0.25], [0.25], [2.65], [2.65], [7.749999999999997], [7.749999999999997], [0.25], [0.25], [0.25], [3.3], [2.45], [2.45], [1.5], [1.5], [6.8], [6.8], [5.15], [5.15, 3.25], [1.95, 2.3000000000000025], [0.3], [0.85], [0.85], [1.5], [1.5], [4.45], [4.45], [1.8], [1.8, 1.75], [1.5], [1.5], [1.5], [1.5], [0.9], [0.9], [3.65], [3.65], [0.25], [0.25], [2.5], [2.5], [2.65], [2.65], [3.65, 2.65], [3.65, 1.95], [2.65], [5.4], [5.4], [3.25], [0.25], [0.25], [2.3000000000000025], [0.8], [0.8], [3.15], [3.15, 2.25], [2.25], [2.35], [2.35, 3.25], [3.25], [1.95, 3.0], [3.0], [1.75, 2.25], [2.25]], "edges": [[1], [0, 13], [3], [2], [5], [4], [7], [6, 8], [7, 38, 39], [10], [9], [12], [11], [1], [15, 29], [14, 26], [17], [16], [19], [18], [21], [20], [23], [22], [25], [24], [15], [28], [27], [14], [31], [30], [33], [32], [35], [34], [37], [36, 67], [8, 70], [8], [41], [40], [43], [42], [45], [44], [47], [46, 81], [49], [48], [51], [50], [53], [52], [55], [54], [57], [56], [59], [58], [61], [60], [63, 64], [62, 79], [62], [66], [65], [37], [69], [68], [38], [72], [71], [74], [73, 75], [74], [77], [76, 78], [77], [63, 80], [79], [47, 82], [81]]}