{"weights": [[2.25], [2.25, 2.5], [1.95], [1.95], [3.25], [3.25], [2.75], [2.75], [3.45], [3.45], [2.75], [2.75], [5.45], [5.45], [2.75], [2.75, 4.75], [4.35, 1.85], [4.35, 3.8], [1.5], [1.5], [5.25], [5.25, 3.4], [2.55], [2.55], [2.5], [5.55], [5.55], [0.95], [0.95], [1.5], [1.5], [1.4], [1.4], [1.85], [1.4], [1.4], [4.65], [4.65], [3.15], [3.15], [1.1], [1.1], [1.5], [1.5], [2.85], [2.85], [3.8], [1.4], [1.4], [3.65, 3.25], [3.65, 2.25], [3.25], [3.1], [3.1], [1.0], [1.0], [3.4], [2.350000000000007, 2.25], [2.350000000000007], [0.5], [0.5], [2.35], [2.35], [0.5], [0.5], [0.5], [0.5], [1.9], [1.9, 3.65], [3.65], [2.25], [2.25, 3.25], [3.25], [4.75, 2.25], [2.25, 3.2], [3.2], [1.9], [1.9, 2.05], [2.05]], "edges": [[1], [0, 24], [3], [2], [5], [4], [7], [6], [9], [8], [11], [10], [13], [12], [15], [14, 73], [17, 33], [16, 46], [19], [18], [21], [20, 56], [23], [22], [1], [26], [25], [28], [27], [30], [29], [32], [31], [16], [35], [34], [37], [36], [39], [38], [41], [40], [43], [42], [45], [44], [17], [48], [47], [50, 51], [49, 74], [49], [53], [52], [55], [54], [21], [58, 73], [57], [60], [59], [62], [61], [64], [63], [66], [65], [68], [67, 69], [68], [71], [70, 72], [71], [15, 57], [50, 75], [74], [77], [76, 78], [77]], "vertices": [[64.0, 260.0], [64.0, 37.0], [744.9862542955326, 307.0], [744.9862542955326, 248.0], [277.0, 38.2347670250896], [195.0, 38.2347670250896], [165.0, 411.0], [165.0, 388.0], [292.7248576850095, 412.0], [292.7248576850095, 316.0], [435.0, 37.65714285714286], [400.0, 37.65714285714286], [236.15, 165.0], [236.15, 106.0], [745.0, 226.0], [745.0, 192.0], [524.0, 519.0], [524.0, 451.0], [251.9391304347826, 124.0], [251.9391304347826, 108.0], [675.0, 540.0], [637.0, 540.0], [165.0, 387.9340659340659], [129.0, 387.9340659340659], [102.0, 37.0], [250.18118466898954, 179.0], [250.18118466898954, 153.0], [227.0, 307.3059701492537], [168.0, 307.3059701492537], [244.0, 127.0], [255.00000000000003, 116.00000000000003], [637.0, 518.8987341772151], [604.0, 518.8987341772151], [562.0, 519.0], [596.0, 283.81094527363183], [525.0, 283.81094527363183], [309.915, 344.0], [309.915, 314.0], [216.0, 441.3333333333333], [196.0, 441.3333333333333], [168.0, 346.0], [168.0, 325.0], [243.88888888888889, 127.0], [243.88888888888889, 108.0], [263.0, 440.9142857142857], [242.0, 440.9142857142857], [496.0, 451.0], [306.46666666666664, 258.0], [306.46666666666664, 242.0], [424.0, 451.0], [398.0, 451.0], [424.0, 466.0], [381.5, 339.0], [381.5, 316.0], [597.0, 211.0], [597.0, 192.0], [637.0, 519.0], [598.0, 158.0], [579.9320388349514, 140.0679611650486], [647.0, 235.0], [647.0, 201.0], [535.0833333333334, 99.0], [535.0833333333334, 83.0], [84.0, 356.0], [69.0, 356.0], [168.0, 360.0], [168.0, 350.0], [107.0, 388.0], [65.0, 388.0], [65.10176991150442, 322.0], [744.9883381924199, 474.0], [744.0, 540.0], [707.0, 540.0122950819672], [598.0, 192.0], [398.0, 339.0], [382.0, 339.0], [535.0, 54.0], [535.0, 36.0], [520.0, 36.46]]}