{"vertices": [[673.0, 416.50757575757575], [624.0, 416.50757575757575], [454.0, 416.50757575757575], [433.0, 416.50757575757575], [599.0, 416.50757575757575], [574.0, 416.50757575757575], [369.0, 417.0], [347.0, 417.0], [718.0, 319.0], [718.0, 150.0], [161.0, 167.0], [161.0, 140.0], [160.63420158550397, 315.0], [160.63420158550397, 186.0], [160.63420158550397, 364.0], [160.63420158550397, 333.0], [160.63420158550397, 526.0], [160.63420158550397, 511.0], [411.0, 98.0], [380.0, 98.0], [199.0, 530.4383088869715], [106.0, 530.4383088869715], [275.0, 530.4383088869715], [233.0, 530.4383088869715], [380.0, 159.0], [379.86384976525824, 268.0], [379.86384976525824, 253.0], [295.0, 140.0], [377.0, 139.93272171253824], [350.0, 139.93272171253824], [458.0, 466.0], [458.0, 396.0], [289.0, 335.1118881118881], [267.0, 335.1118881118881], [611.0, 149.5094936708861], [573.0, 149.5094936708861], [718.0, 149.5094936708861], [674.0, 149.5094936708861], [604.0551181102362, 339.0], [604.0551181102362, 307.0], [468.0, 256.3333333333333], [447.0, 256.3333333333333], [553.7153284671533, 214.0], [553.7153284671533, 190.0], [553.7153284671533, 172.0], [553.7153284671533, 153.0], [488.0, 396.0], [569.0, 395.5141509433962], [540.0, 395.5141509433962], [289.0, 335.0], [264.0, 309.0], [249.028, 294.972], [468.0, 264.8313253012048], [449.0, 264.8313253012048], [479.0, 466.0], [620.0, 323.0], [610.0, 323.0], [693.0, 416.50757575757575], [718.0, 416.0], [718.3525456292027, 341.0], [569.0, 199.0], [569.0, 98.0], [519.0, 98.06763285024155], [569.0, 396.0], [569.0, 466.0], [550.0, 466.5], [347.0, 530.0], [311.0, 530.4383088869715], [247.0, 256.0], [227.0, 256.0], [227.01754385964912, 209.0]], "weights": [[1.75], [1.75], [1.75], [1.75], [1.75], [1.75], [1.85], [1.85, 2.85], [1.95], [1.95], [1.5], [1.5, 3.85], [1.95], [1.95], [2.05], [2.05], [2.25], [2.25], [2.35], [2.35, 2.65], [4.85], [4.85], [2.75], [2.75], [2.65], [2.5], [2.5], [3.85], [2.45], [2.45], [5.55, 3.1], [5.55, 1.75], [5.3], [5.3], [1.55], [1.55], [1.75], [1.75], [4.4], [4.4], [0.25], [0.25], [3.45], [3.45], [1.5], [1.5], [1.75], [2.05], [2.05], [3.000000000000008], [3.000000000000008, 2.8500000000000005], [2.8500000000000005], [2.4], [2.4], [3.1], [4.9], [4.9], [1.85], [1.85, 2.35], [2.35], [1.35], [1.35, 2.45], [2.45], [2.3], [2.3, 3.1], [3.1], [2.85, 2.45], [2.45], [0.25], [0.25, 1.1], [1.1]], "edges": [[1], [0], [3], [2], [5], [4], [7], [6, 66], [9], [8], [11], [10, 27], [13], [12], [15], [14], [17], [16], [19], [18, 24], [21], [20], [23], [22], [19], [26], [25], [11], [29], [28], [31, 54], [30, 46], [33], [32], [35], [34], [37], [36], [39], [38], [41], [40], [43], [42], [45], [44], [31], [48], [47], [50], [49, 51], [50], [53], [52], [30], [56], [55], [58], [57, 59], [58], [61], [60, 62], [61], [64], [63, 65], [64], [7, 67], [66], [69], [68, 70], [69]]}