{"weights": [[1.95], [1.95], [1.85], [1.85], [2.25], [2.25, 2.95], [2.05], [2.05], [1.85], [1.85], [2.75, 2.8], [2.75, 1.85], [3.65], [3.65], [5.25], [5.25, 2.25], [2.25], [2.25], [2.95], [4.8, 3.2], [4.8, 1.8], [2.25], [2.0], [2.0], [7.55], [7.55], [2.75], [2.75], [2.8], [4.95], [4.95], [1.8], [1.5], [1.5], [2.65], [2.65], [1.55], [1.55], [1.65], [1.65], [2.15], [2.15], [2.2], [2.2], [3.0000000000000044, 6.85], [3.0000000000000044], [2.45], [2.45], [3.2], [2.25], [2.25], [5.1], [5.1], [1.85], [1.95], [1.95, 1.75], [1.75], [6.35], [6.35, 3.0], [3.0], [6.85], [1.0], [1.0, 0.85], [0.85], [6.1], [6.1, 2.35], [2.35]], "edges": [[1], [0], [3], [2], [5], [4, 18], [7], [6], [9], [8], [11, 28], [10, 53], [13], [12], [15], [14, 21], [17], [16], [5], [20, 48], [19, 31], [15], [23], [22], [25], [24], [27], [26], [10], [30], [29], [20], [33], [32], [35], [34], [37], [36], [39], [38], [41], [40], [43], [42], [45, 60], [44], [47], [46], [19], [50], [49], [52], [51], [11], [55], [54, 56], [55], [58], [57, 59], [58], [44], [62], [61, 63], [62], [65], [64, 66], [65]], "vertices": [[673.0, 416.4845360824742], [624.0, 416.4845360824742], [719.0, 319.0], [719.0, 150.0], [160.0, 167.0], [160.0, 140.0], [160.79328621908127, 315.0], [160.79328621908127, 186.0], [160.52459016393442, 364.0], [160.52459016393442, 333.0], [347.0, 531.0], [347.0, 417.0], [199.0, 530.2813333333334], [106.0, 530.2813333333334], [380.0, 159.0], [380.0, 98.0], [380.5975609756098, 268.0], [380.5975609756098, 253.0], [295.0, 140.0], [458.0, 466.0], [458.0, 396.0], [411.0, 98.0], [611.0, 149.5], [573.0, 149.5], [604.0551181102362, 339.0], [604.0551181102362, 307.0], [275.0, 530.5409836065573], [233.0, 530.5409836065573], [311.0, 531.0], [552.3563218390805, 214.0], [552.3563218390805, 190.0], [488.0, 396.0], [554.7130801687764, 172.0], [554.7130801687764, 153.0], [468.0, 264.25961538461536], [447.0, 264.25961538461536], [719.0, 149.51807228915663], [674.0, 149.51807228915663], [570.0, 395.51428571428573], [540.0, 395.51428571428573], [454.0, 416.51807228915663], [433.0, 416.51807228915663], [599.0, 416.5], [574.0, 416.5], [289.0, 335.0], [249.0, 295.0], [377.0, 138.9699248120301], [350.0, 138.9699248120301], [479.0, 466.0], [160.94915254237287, 526.0], [160.94915254237287, 511.0], [620.0, 323.0], [610.0, 323.0], [369.0, 417.0], [718.0694444444445, 341.0], [718.0, 416.0], [693.0, 416.50588235294117], [570.0, 396.0], [570.0, 466.0], [550.0, 466.5], [267.0, 335.1118881118881], [247.0, 254.0], [227.0, 254.0], [227.01754385964912, 209.0], [568.0, 199.0], [568.0, 99.0], [519.0, 98.11111111111111]]}