{"vertices": [[373.0, 67.50992555831266], [160.0, 67.50992555831266], [506.0, 67.50992555831266], [439.0, 67.50992555831266], [572.0, 67.50992555831266], [533.0, 67.50992555831266], [634.0, 68.0], [573.0, 68.0], [732.0, 67.50992555831266], [700.0, 67.50992555831266], [733.0, 356.0], [733.0, 45.0], [151.0, 518.0], [151.0, 281.0], [88.0, 281.0], [88.0, 221.0], [88.0, 111.0], [88.0, 68.0], [470.0, 193.0], [470.0, 69.0], [470.0, 391.0], [470.0, 356.0], [604.0, 391.0], [604.0, 243.0], [279.0, 281.0], [233.0, 281.0], [197.0, 281.0], [342.0, 281.0], [370.0, 356.0], [342.0, 356.0], [436.0, 356.0], [638.0, 356.0], [606.0, 356.0], [705.0, 356.0], [651.7153846153846, 225.2846153846153], [613.2153846153847, 186.78461538461536], [573.0, 156.0], [500.0, 391.0], [575.0, 391.0], [732.0, 196.0], [623.0, 196.0], [178.0, 518.0], [503.0, 156.0], [471.0, 156.0], [572.0, 130.0], [538.0, 130.0], [710.0, 45.0], [538.0, 156.0], [710.0, 66.0], [587.241935483871, 225.758064516129], [584.2272727272727, 157.22727272727275], [602.2272727272727, 139.22727272727275], [279.0, 517.0], [252.0, 517.5]], "weights": [[0.75], [0.75], [0.95], [0.95], [0.7], [0.7], [1.0], [1.0, 7.8], [0.85], [0.85], [0.5, 0.5], [0.5, 0.75], [0.9, 1.1], [0.9, 0.5, 0.5], [0.5, 0.5], [0.5], [0.5], [0.5], [0.5], [0.5], [0.5, 0.5], [0.5, 0.7], [0.75, 0.5], [0.75, 0.49999999999996386], [0.5, 0.5, 0.5], [0.5], [0.5], [0.5], [0.7], [0.7], [0.7], [0.5], [0.5], [0.5], [0.649999999999969], [0.649999999999969], [7.8], [0.5], [0.5], [0.7], [0.7], [1.1], [0.7], [0.7], [1.1], [1.1, 0.5], [0.75, 0.5], [0.5], [0.5], [0.49999999999996386], [0.5499999999999683], [0.5499999999999683], [0.5, 1.0], [1.0]], "edges": [[1], [0], [3], [2], [5], [4], [7], [6, 36], [9], [8], [11, 33], [10, 46], [13, 41], [12, 26, 14], [15, 13], [14], [17], [16], [19], [18], [21, 37], [20, 30], [23, 38], [22, 49], [25, 27, 52], [24], [13], [24], [29], [28], [21], [32], [31], [10], [35], [34], [7], [20], [22], [40], [39], [12], [43], [42], [45], [44, 47], [11, 48], [45], [46], [23], [51], [50], [24, 53], [52]]}