{"weights": [[1.0], [1.0], [0.5, 0.5], [0.5, 0.85], [1.0, 1.1], [1.0, 0.5, 0.6], [1.0], [1.0], [0.5, 0.6], [0.5], [0.5], [0.5], [0.75, 0.5], [0.75, 0.49999999999996386], [0.5, 0.5, 0.5], [0.5], [0.8], [0.8], [0.65], [0.65], [0.5499999999999683], [0.5499999999999683], [0.6], [0.6, 1.0], [0.5], [1.0], [0.75], [0.75], [0.5], [0.5, 0.5], [0.5], [0.5], [0.5], [0.5], [0.5], [0.5, 0.5], [0.5], [0.5], [0.5], [0.5], [0.5], [0.5], [1.4], [1.4, 0.5], [0.85, 0.5], [0.5], [1.1], [0.5], [0.5], [0.49999999999996386], [0.649999999999977], [0.649999999999977], [0.5, 1.0], [1.0]], "edges": [[1], [0], [3, 47], [2, 44], [5, 46], [4, 24, 8], [7], [6], [9, 5], [8], [11], [10], [13, 34], [12, 49], [15, 37, 52], [14], [17], [16], [19], [18], [21], [20], [23], [22, 25], [5], [23], [27], [26], [29], [28, 35], [31], [30], [33], [32], [12], [36, 29], [35], [14], [39], [38], [41], [40], [43], [42, 45], [3, 48], [43], [4], [2], [44], [13], [51], [50], [14, 53], [52]], "vertices": [[373.0, 67.50117647058823], [160.0, 67.50117647058823], [733.0, 356.0], [733.0, 45.0], [151.0, 518.0], [151.0, 281.0], [506.0, 67.5], [439.0, 67.5], [88.0, 281.0], [88.0, 221.0], [470.0, 193.0], [470.0, 69.0], [604.0, 391.0], [604.0, 243.0], [279.0, 281.0], [233.0, 281.0], [370.0, 356.0], [342.0, 356.0], [573.0, 67.609375], [533.0, 67.609375], [651.7153846153846, 225.2846153846153], [613.2153846153847, 186.78461538461536], [573.0, 156.0], [573.0, 68.0], [197.0, 281.0], [634.0, 68.0], [732.0, 67.5079365079365], [700.0, 67.5079365079365], [500.0, 391.0], [470.0, 391.0], [732.0, 196.0], [623.0, 196.0], [88.0, 111.0], [88.0, 68.0], [575.0, 391.0], [470.0, 356.0], [436.0, 356.0], [342.0, 281.0], [503.0, 156.0], [471.0, 156.0], [638.0, 356.0], [606.0, 356.0], [572.0, 130.0], [538.0, 130.0], [710.0, 45.0], [538.0, 156.0], [178.0, 518.0], [705.0, 356.0], [710.0, 66.0], [587.241935483871, 225.758064516129], [584.2272727272727, 157.22727272727275], [602.2272727272727, 139.22727272727275], [279.0, 517.0], [252.0, 517.5]]}