{"vertices": [[627.5407319952775, 173.0], [627.5407319952775, 118.0], [627.5407319952775, 281.0], [627.5407319952775, 236.0], [628.0, 355.0], [628.0, 335.0], [627.5407319952775, 216.0], [627.5407319952775, 200.0], [582.0, 205.50627615062763], [494.0, 205.50627615062763], [334.0, 205.50627615062763], [315.0, 205.50627615062763], [285.0, 205.50627615062763], [270.0, 205.50627615062763], [323.0, 451.96597633136093], [286.0, 451.96597633136093], [567.0, 451.96597633136093], [503.0, 451.96597633136093], [474.0, 452.0], [443.0, 452.0], [233.0, 452.0], [180.0, 452.0], [179.9604743083004, 350.0], [179.9604743083004, 304.0], [179.9604743083004, 214.0], [179.9604743083004, 168.0], [180.0, 103.0], [180.0, 66.0], [179.9604743083004, 452.0], [179.9604743083004, 415.0], [285.0, 313.0], [255.0, 313.0], [328.0, 313.35185185185185], [316.0, 313.35185185185185], [408.0, 313.35185185185185], [398.0, 313.35185185185185], [423.0, 313.35185185185185], [412.0, 313.35185185185185], [447.0, 313.35185185185185], [436.0, 313.35185185185185], [464.0, 313.35185185185185], [454.0, 313.35185185185185], [443.0, 66.0], [443.0, 45.0], [265.0, 335.1857142857143], [215.0, 335.1857142857143], [375.0, 89.0], [375.0, 45.0], [487.0, 66.0], [232.0, 66.0], [255.0, 279.0], [255.0, 228.0], [255.0, 327.0], [255.0, 293.0], [351.0, 473.0], [323.0, 473.0], [502.5, 244.0], [502.5, 207.0], [397.0, 45.0], [431.0, 45.0], [323.1648936170213, 93.0], [323.1648936170213, 79.0], [323.0, 452.0], [339.0, 365.5357142857143], [326.0, 365.5357142857143], [453.0, 365.5357142857143], [438.0, 365.5357142857143], [559.4727272727273, 236.0], [559.4727272727273, 207.0], [255.0, 189.0], [233.0, 189.0], [337.0, 117.0], [327.0, 117.0], [232.0, 293.0], [254.0, 258.5], [225.0, 258.5], [279.0, 239.48888888888888], [256.0, 239.48888888888888], [279.0, 279.0], [628.0, 90.0], [628.0, 66.0], [582.0, 66.00188679245284], [627.5407319952775, 302.0], [627.0, 335.0], [627.5407319952775, 420.0], [627.0, 451.0], [595.0, 451.96597633136093], [354.0, 205.50627615062763], [375.0, 205.0], [375.0, 114.0], [341.0, 313.35185185185185], [361.0, 313.0], [361.0, 365.0], [443.0, 472.0], [415.0, 472.53333333333336], [442.70854271356785, 128.0], [442.0, 151.0], [376.0, 151.0], [287.0, 66.00188679245284], [323.0, 66.0], [323.1648936170213, 44.0], [255.0, 224.0], [234.0, 224.48717948717947], [502.5, 311.0], [502.0, 335.0]], "weights": [[1.75], [1.75], [1.75], [1.75], [1.75], [1.75], [2.05], [2.05], [0.75], [0.75], [0.9], [0.9], [0.75], [0.75], [1.35], [1.35], [1.45], [1.45], [1.85], [1.85, 1.5], [1.35], [1.35], [1.85], [1.85], [1.45], [1.45], [6.35], [6.35, 1.35], [1.45], [1.45], [0.5], [0.5, 0.5, 0.7], [0.75], [0.75], [0.8], [0.8], [0.5], [0.5], [0.5], [0.5], [0.25], [0.25], [2.25, 6.0], [2.25, 1.6], [0.25], [0.25], [0.6], [0.6, 1.8], [6.0], [1.35], [3.699999999999997, 1.05], [3.699999999999997], [0.5], [0.7, 0.5], [1.85], [1.85, 2.95], [1.0], [1.0], [1.8], [1.6], [0.25], [0.25], [2.95], [0.5], [0.5], [1.0], [1.0], [0.95], [0.95], [0.7, 0.7], [0.7], [1.1], [1.1], [0.5], [1.2], [1.2], [0.75], [0.75], [1.05], [1.95], [1.95, 1.4], [1.4], [1.75], [1.75, 0.25], [1.75], [1.75, 4.45], [4.45], [1.15], [1.15, 0.9], [0.9], [0.5], [0.5, 0.5], [0.5], [1.5, 1.55], [1.55], [0.25], [0.25, 0.5], [0.5], [3.6], [3.6, 1.55], [1.55], [0.7, 0.7], [0.7], [1.8], [1.8, 0.25]], "edges": [[1], [0], [3], [2], [5], [4], [7], [6], [9], [8], [11], [10], [13], [12], [15], [14], [17], [16], [19], [18, 93], [21], [20], [23], [22], [25], [24], [27], [26, 49], [29], [28], [31], [30, 52, 53], [33], [32], [35], [34], [37], [36], [39], [38], [41], [40], [43, 48], [42, 59], [45], [44], [47], [46, 58], [42], [27], [51, 78], [50], [31], [31, 73], [55], [54, 62], [57], [56], [47], [43], [61], [60], [55], [64], [63], [66], [65], [68], [67], [70, 101], [69], [72], [71], [53], [75], [74], [77], [76], [50], [80], [79, 81], [80], [83], [82, 104], [85], [84, 86], [85], [88], [87, 89], [88], [91], [90, 92], [91], [19, 94], [93], [96], [95, 97], [96], [99], [98, 100], [99], [69, 102], [101], [104], [103, 83]]}