{"weights": [[1.65], [1.65], [1.65], [1.65], [1.5], [1.5, 1.6], [1.1, 0.7], [1.1], [4.55], [4.55], [2.05], [2.05], [2.5], [2.5], [0.5, 0.5], [0.5], [1.5], [1.5], [0.7], [1.8], [1.8, 0.7, 0.5], [3.9], [3.9, 2.95], [1.3], [1.3, 1.5], [1.6], [2.95, 1.8], [1.5], [0.65], [0.65], [1.0], [1.0], [1.0], [1.0], [1.5], [1.5, 0.6], [1.75], [1.75, 7.85], [0.85], [0.85], [1.8], [0.6, 0.6], [0.6], [1.75], [1.75], [0.5], [0.5], [1.7], [1.7, 1.6], [1.6], [3.75], [3.75, 3.1], [1.1], [1.1], [0.6], [0.5], [0.7, 0.8, 0.8, 1.0, 1.0], [0.7, 0.6], [0.5], [0.5], [0.6], [1.15], [1.15], [2.55], [2.55], [0.5], [0.5], [0.75], [0.75], [1.1], [1.1], [0.7], [0.6], [0.9], [0.9], [0.5, 0.5], [0.5], [0.5], [0.5], [0.75], [0.75], [0.7], [0.7], [0.75], [0.75, 0.8], [1.0], [1.0], [1.55], [1.55, 1.65], [1.65], [5.65], [5.65, 3.1], [7.85, 1.75], [1.75], [2.7], [2.7, 0.7], [2.0], [2.0, 0.7], [0.8], [1.0], [1.0], [1.25], [1.25, 2.7], [2.7]], "edges": [[1], [0], [3], [2], [5], [4, 25], [7, 18], [6], [9], [8], [11], [10], [13], [12], [15, 55], [14], [17], [16], [6], [20], [19, 71, 75], [22], [21, 26], [24], [23, 27], [5], [22, 40], [24], [29], [28], [31], [30], [33], [32], [35], [34, 60], [37], [36, 92], [39], [38], [26], [42, 54], [41], [44], [43], [46], [45], [48], [47, 49], [48], [51], [50, 91], [53], [52], [41], [14], [57, 84, 98, 99, 100], [56, 72], [59], [58], [35], [62], [61], [64], [63], [66], [65], [68], [67], [70], [69], [20], [57], [74], [73], [76, 20], [75], [78], [77], [80], [79], [82], [81], [84], [83, 56], [86], [85], [88], [87, 89], [88], [91], [90, 51], [37, 93], [92], [95], [94, 97], [97], [96, 95], [56], [56], [56], [102], [101, 103], [102]], "vertices": [[627.5137614678899, 173.0], [627.5137614678899, 118.0], [627.4916201117319, 281.0], [627.4916201117319, 236.0], [627.0, 90.0], [627.0, 66.0], [375.0, 205.0], [354.0, 205.0], [582.0, 205.56050955414014], [494.0, 205.56050955414014], [179.86486486486487, 350.0], [179.86486486486487, 304.0], [180.0, 214.0], [180.0, 168.0], [361.0, 313.0], [341.0, 313.0], [567.0, 452.0], [503.0, 452.0], [375.0, 114.0], [285.0, 312.0], [255.0, 312.0], [487.0, 66.0], [442.0, 66.0], [180.0, 103.0], [180.0, 66.0], [582.0, 66.0], [442.0, 45.0], [232.0, 66.0], [334.0, 205.5625], [315.0, 205.5625], [502.5, 244.0], [502.5, 207.0], [328.0, 312.0], [316.0, 312.0], [397.0, 45.0], [375.0, 45.0], [474.0, 452.0], [443.0, 452.0], [265.0, 328.6578947368421], [215.0, 328.6578947368421], [431.0, 45.0], [441.0, 151.0], [376.0, 151.0], [628.0, 355.0], [628.0, 338.0], [325.0, 93.0], [325.0, 79.0], [233.0, 452.0], [180.0, 452.0], [180.0, 415.0], [351.0, 473.0], [322.0, 473.0], [408.0, 312.5], [398.0, 312.5], [441.0, 128.0], [361.0, 365.0], [255.0, 258.0], [255.0, 189.0], [339.0, 365.0], [326.0, 365.0], [375.0, 89.0], [285.0, 205.6], [270.0, 205.6], [628.483870967742, 216.0], [628.483870967742, 200.0], [423.0, 313.0], [412.0, 313.0], [559.4727272727273, 236.0], [559.4727272727273, 207.0], [453.0, 366.0], [438.0, 366.0], [255.0, 327.0], [233.0, 189.0], [337.0, 117.0], [327.0, 117.0], [255.0, 293.0], [232.0, 293.0], [447.0, 313.0], [436.0, 313.0], [260.0, 258.0], [234.0, 224.48717948717947], [279.0, 239.48888888888888], [256.0, 239.48888888888888], [279.0, 279.0], [255.0, 279.0], [464.0, 322.0], [454.0, 322.0], [595.0, 451.98], [627.0, 451.0], [627.5126050420168, 420.0], [286.0, 452.0086956521739], [322.0, 452.0], [443.0, 472.0], [415.0, 472.4791666666667], [502.5, 311.0], [502.0, 338.0], [627.5, 302.0], [627.0, 338.0], [255.0, 252.0], [260.0, 258.5], [225.0, 258.5], [287.0, 66.00869565217391], [324.0, 66.0], [324.0, 44.0]]}