{"weights": [[0.75], [0.75], [0.7], [0.7], [0.95], [0.95, 1.05], [1.05], [1.4], [1.4], [0.75], [0.75], [0.75], [0.75], [0.75], [0.75], [1.2], [1.2], [0.95], [0.95], [1.0], [1.0], [1.0], [1.0, 0.75], [0.6000000000000048], [0.6000000000000048], [1.1], [1.1], [0.85], [0.85, 1.1], [1.1], [1.25], [1.25, 1.0], [1.0], [1.25], [1.25, 1.0], [1.0], [1.0], [1.0, 0.75]], "edges": [[1], [0], [3], [2], [5], [4, 6], [5], [8], [7], [10], [9], [12], [11], [14], [13], [16], [15], [18], [17], [20], [19], [22], [21, 37], [24], [23], [26], [25], [28], [27, 29], [28], [31], [30, 32], [31], [34], [33, 35], [34], [37], [36, 22]], "vertices": [[583.0, 301.5037037037037], [515.0, 301.5037037037037], [415.51785714285717, 466.0], [415.51785714285717, 438.0], [416.0, 403.0], [416.0, 302.0], [491.0, 302.0], [228.5, 235.0], [228.5, 185.0], [516.0, 102.49586776859505], [455.0, 102.49586776859505], [216.51785714285714, 263.0], [216.51785714285714, 234.0], [475.47058823529414, 161.0], [475.47058823529414, 134.0], [250.0, 417.0], [250.0, 401.0], [566.0, 245.66666666666666], [540.0, 245.66666666666666], [433.0, 466.0], [416.0, 466.0], [324.0, 417.0], [324.0, 401.0], [419.79629629629625, 214.79629629629625], [435.79629629629625, 198.79629629629625], [355.0, 102.0], [345.0, 102.0], [582.0, 267.0], [582.0, 102.0], [560.0, 102.5], [229.0033783783784, 302.0], [229.0, 400.0], [250.0, 400.0], [581.997542997543, 331.0], [581.0, 466.0], [565.0, 466.5], [346.5, 350.0], [346.0, 401.0]]}