{"vertices": [[583.0, 301.50354609929076], [515.0, 301.50354609929076], [491.0, 302.0], [416.0, 302.0], [228.87626262626262, 401.0], [228.87626262626262, 302.0], [228.87626262626262, 235.0], [228.87626262626262, 185.0], [415.50757575757575, 466.0], [415.50757575757575, 438.0], [416.0, 403.0], [516.0, 102.46783625730994], [455.0, 102.46783625730994], [355.0, 102.46783625730994], [345.0, 102.46783625730994], [216.51785714285714, 263.0], [216.51785714285714, 234.0], [475.47058823529414, 161.0], [475.47058823529414, 134.0], [566.0, 245.66666666666666], [540.0, 245.66666666666666], [433.0, 466.0], [416.0, 466.0], [324.0, 417.0], [324.0, 400.0], [419.79629629629625, 214.79629629629625], [435.79629629629625, 198.79629629629625], [582.0, 267.0], [582.0, 102.0], [560.0, 102.46783625730994], [581.8023872679045, 331.0], [581.0, 466.0], [565.0, 466.5], [346.5, 350.0], [346.0, 400.0], [250.0, 417.0], [250.0, 401.0], [229.0, 401.0]], "weights": [[1.25], [1.25], [1.3], [1.3, 0.75], [1.35], [1.35], [2.05], [2.05], [0.75], [0.75], [0.75], [0.75], [0.75], [0.7], [0.7], [0.95], [0.95], [1.05], [1.05], [0.65], [0.65], [1.0], [1.0], [1.1], [1.1, 0.7], [0.5500000000000044], [0.5500000000000044], [0.85], [0.85, 0.85], [0.85], [1.25], [1.25, 1.0], [1.0], [1.3], [1.3, 0.7], [1.0], [1.0, 0.75], [0.75]], "edges": [[1], [0], [3], [2, 10], [5], [4], [7], [6], [9], [8], [3], [12], [11], [14], [13], [16], [15], [18], [17], [20], [19], [22], [21], [24], [23, 34], [26], [25], [28], [27, 29], [28], [31], [30, 32], [31], [34], [33, 24], [36], [35, 37], [36]]}