{"weights": [[0.75], [0.75, 1.0], [0.75], [0.75], [0.5], [0.5], [0.75], [0.75], [1.0], [1.0], [0.7], [0.7, 0.85], [5.3], [5.3], [7.65], [7.65], [0.75], [0.75], [1.2, 0.6], [1.2], [1.35], [1.35], [0.65], [0.65], [0.85], [0.85], [1.0], [1.3], [1.3], [0.9], [0.9], [1.5], [1.5], [0.75], [0.75], [0.8], [0.8], [0.5], [0.5], [1.5], [1.5], [1.0], [1.0], [0.7], [0.7], [0.85], [0.85, 0.9500000000000028, 1.3], [0.7], [0.7, 0.9500000000000028], [0.5], [0.5], [0.85], [0.95], [0.95], [0.6], [1.3], [1.3], [0.5], [0.5], [1.0], [1.0, 0.7], [0.5], [0.5, 1.0], [1.0], [0.7, 1.0], [1.0], [1.3], [3.95], [3.95, 1.75], [1.75]], "edges": [[1], [0, 26], [3], [2], [5], [4], [7], [6], [9], [8], [11], [10, 51], [13], [12], [15], [14], [17], [16], [19, 54], [18], [21], [20], [23], [22], [25], [24], [1], [28], [27], [30], [29], [32], [31], [34], [33], [36], [35], [38], [37], [40], [39], [42], [41], [44], [43], [46], [45, 48, 66], [48], [47, 46], [50], [49], [11], [53], [52], [18], [56], [55], [58], [57], [60], [59, 64], [62], [61, 63], [62], [60, 65], [64], [46], [68], [67, 69], [68]], "vertices": [[171.0, 268.0], [171.0, 20.0], [633.0, 115.0], [633.0, 21.0], [333.0, 263.8048780487805], [256.0, 263.8048780487805], [336.0, 518.4967741935484], [258.0, 518.4967741935484], [385.0, 20.5], [362.0, 20.5], [239.0, 85.0], [239.0, 20.0], [632.9777777777778, 252.0], [632.9777777777778, 151.0], [651.761780104712, 161.0], [651.761780104712, 105.0], [570.0, 242.5064935064935], [531.0, 242.5064935064935], [239.0, 264.0], [239.0, 178.0], [633.0, 20.982758620689655], [610.0, 20.982758620689655], [443.0, 20.510204081632654], [418.0, 20.510204081632654], [563.0, 278.4888888888889], [517.0, 278.4888888888889], [204.0, 20.0], [460.0, 414.5], [423.0, 414.5], [223.0, 517.5], [171.0, 517.5], [642.5, 161.0], [642.5, 151.0], [202.0, 132.5084745762712], [172.0, 132.5084745762712], [380.0, 263.734375], [333.0, 263.734375], [422.0, 132.0], [422.0, 109.0], [642.547619047619, 116.0], [642.547619047619, 105.0], [631.5, 313.0], [631.5, 279.0], [201.0, 85.0], [173.0, 85.0], [467.0, 278.0], [467.0, 254.0], [532.0, 277.0], [532.0, 254.0], [379.0, 198.0], [379.0, 188.0], [256.0, 20.0], [537.0, 20.982758620689655], [516.0, 20.982758620689655], [254.0, 264.0], [239.0, 147.0], [239.0, 132.0], [422.0, 154.0], [422.0, 143.0], [577.0, 346.0], [563.0, 346.0], [422.0513698630137, 242.0], [422.0, 518.0], [371.0, 518.5], [563.0, 415.0], [526.0, 415.5], [467.5, 242.0], [631.4782608695652, 338.0], [631.0, 346.0], [616.0, 346.53846153846155]]}