{"vertices": [[171.0, 268.0], [171.0, 20.0], [422.0460122699387, 132.0], [422.0460122699387, 109.0], [422.0460122699387, 154.0], [422.0460122699387, 143.0], [632.865096359743, 252.0], [632.865096359743, 151.0], [632.865096359743, 313.0], [632.865096359743, 279.0], [336.0, 518.2128851540616], [258.0, 518.2128851540616], [223.0, 518.2128851540616], [171.0, 518.2128851540616], [380.0, 262.17857142857144], [256.0, 262.17857142857144], [254.0, 262.0], [239.0, 262.0], [486.0, 262.0], [467.0, 262.0], [385.0, 20.375816993464053], [362.0, 20.375816993464053], [443.0, 20.375816993464053], [418.0, 20.375816993464053], [204.0, 20.0], [256.0, 20.0], [239.0, 20.0], [537.0, 20.375816993464053], [516.0, 20.375816993464053], [239.0, 85.0], [239.0, 178.0], [239.0, 147.0], [239.0, 132.0], [651.761780104712, 161.0], [651.761780104712, 105.0], [570.0, 242.5064935064935], [531.0, 242.5064935064935], [460.0, 414.9861111111111], [423.0, 414.9861111111111], [563.0, 278.4888888888889], [517.0, 278.4888888888889], [642.5243902439024, 161.0], [642.5243902439024, 151.0], [642.5243902439024, 116.0], [642.5243902439024, 105.0], [202.0, 132.5084745762712], [172.0, 132.5084745762712], [577.0, 347.0], [563.0, 347.0], [201.0, 85.0], [173.0, 85.0], [467.0, 278.0], [379.0, 198.0], [379.0, 188.0], [422.0460122699387, 242.0], [422.0, 518.0], [371.0, 518.2128851540616], [633.0, 115.0], [633.0, 20.0], [610.0, 20.375816993464053], [632.865096359743, 338.0], [632.0, 346.0], [616.0, 346.5192307692308], [563.0, 414.0], [526.0, 414.9861111111111], [513.0, 262.17857142857144], [532.0, 262.0], [532.0, 277.0], [532.0, 254.0], [467.0, 254.0], [467.43333333333334, 242.0]], "weights": [[1.1], [1.1, 0.5], [0.5], [0.5], [0.5], [0.5], [2.95], [2.95], [0.25], [0.25], [0.75], [0.75], [0.5], [0.5], [0.25], [0.25], [0.25], [0.25, 0.5], [0.25], [0.25, 0.8], [0.75], [0.75], [0.65], [0.65], [0.5], [0.8], [0.8, 1.3], [1.25], [1.25], [1.3], [0.5], [1.0], [1.0], [1.5], [1.5], [0.95], [0.95], [0.85], [0.85], [0.75], [0.75], [1.5], [1.5], [1.5], [1.5], [0.95], [0.95], [0.75], [0.75, 0.75], [0.8], [0.8], [0.8], [0.6], [0.6], [0.5], [0.5, 0.85], [0.85], [0.25], [0.25, 1.35], [1.35], [0.25], [0.25, 2.25], [2.25], [0.75, 0.5], [0.5], [0.25], [0.25, 0.5], [0.5], [0.8], [0.8, 0.75], [0.75]], "edges": [[1], [0, 24], [3], [2], [5], [4], [7], [6], [9], [8], [11], [10], [13], [12], [15], [14], [17], [16, 30], [19], [18, 51], [21], [20], [23], [22], [1], [26], [25, 29], [28], [27], [26], [17], [32], [31], [34], [33], [36], [35], [38], [37], [40], [39], [42], [41], [44], [43], [46], [45], [48], [47, 63], [50], [49], [19], [53], [52], [55], [54, 56], [55], [58], [57, 59], [58], [61], [60, 62], [61], [48, 64], [63], [66], [65, 67], [66], [69], [68, 70], [69]]}