{"edges": [[2], [3], [0], [1], [6], [7], [4], [5], [10], [11], [8], [9], [14], [15], [12], [13], [18], [19], [16], [17], [22], [23], [20], [21], [25], [24], [27], [26]], "normals": [[-0.0, 1.0], [0.0, -1.0], [-0.0, 1.0], [0.0, -1.0], [0.7071067811865475, 0.7071067811865475], [-0.7071067811865475, -0.7071067811865475], [0.7071067811865475, 0.7071067811865475], [-0.7071067811865475, -0.7071067811865475], [-0.7071067811865475, 0.7071067811865475], [0.7071067811865475, -0.7071067811865475], [-0.7071067811865475, 0.7071067811865475], [0.7071067811865475, -0.7071067811865475], [-0.7071067811865475, 0.7071067811865475], [0.7071067811865475, -0.7071067811865475], [-0.7071067811865475, 0.7071067811865475], [0.7071067811865475, -0.7071067811865475], [0.7071067811865475, 0.7071067811865475], [-0.7071067811865475, -0.7071067811865475], [0.7071067811865475, 0.7071067811865475], [-0.7071067811865475, -0.7071067811865475], [-0.0, 1.0], [0.0, -1.0], [-0.0, 1.0], [0.0, -1.0], [-0.9577026366858232, -0.0010574340828544207], [-0.9577026366858228, 0.0010574340828544346], [0.9577026366858232, -0.0010574340828544207], [0.9577026366858232, 0.0010574340828544207]], "vertices": [[-2.0, 0.05], [-2.0, -0.05], [-1.0207106781186546, 0.05], [-1.0207106781186548, -0.05], [-0.9292893218813452, -4.163336342344337e-17], [-1.0207106781186548, -0.05], [4.163336342344337e-17, -0.9292893218813452], [1.5959455978986625e-16, -1.0707106781186548], [-1.0207106781186546, 0.05], [-0.9292893218813452, -4.163336342344337e-17], [-1.5265566588595902e-16, 1.0707106781186548], [-3.469446951953614e-17, 0.9292893218813452], [4.163336342344337e-17, -0.9292893218813452], [1.5959455978986625e-16, -1.0707106781186548], [0.9292893218813452, 3.469446951953614e-17], [1.0207106781186546, -0.05], [-1.5265566588595902e-16, 1.0707106781186548], [-3.469446951953614e-17, 0.9292893218813452], [1.0207106781186546, 0.05], [0.9292893218813452, 3.469446951953614e-17], [1.0207106781186546, 0.05], [1.0207106781186546, -0.05], [2.0, 0.05], [2.0, -0.05], [-2.0, 0.05], [-2.0, -0.05], [2.0, 0.05], [2.0, -0.05]]}
