{"edges": [[1, 36], [0, 32], [3], [2, 53], [5, 59], [4], [7, 39], [6, 18], [9], [8, 53], [11, 38], [10, 35], [13, 14], [12, 40], [12, 42], [16, 54], [15], [18], [17, 7], [20, 46], [19, 41], [22], [21], [24, 50], [23], [26, 43], [25], [28, 29], [27], [27, 56], [31], [30, 43], [1], [34, 54], [33], [11], [0, 37], [36, 53], [10], [6], [13], [20], [14], [25, 44, 31], [43], [46], [45, 19, 61], [48], [47, 49], [48, 58], [23, 51, 52], [50, 59], [50, 58], [3, 9, 37], [15, 55, 33], [54], [29, 57, 61], [56], [52, 49, 59], [4, 51, 58], [61], [60, 46, 56]], "weights": [[1.5499999999999972, 1.7363636363636592], [1.5499999999999972, 1.6588235294117875], [1.0999999999999943], [1.0999999999999943, 0.5999999999999943], [2.6000000000000227, 2.1000000000000227], [2.6000000000000227], [1.5999999999999943, 2.1000000000000227], [1.5999999999999943, 1.8500000000000227], [1.5999999999999943], [1.5999999999999943, 1.308333333333356], [1.5999999999999943, 1.8500000000000227], [1.5999999999999943, 2.1000000000000227], [2.1000000000000227, 1.6000000000000227], [2.1000000000000227, 1.5], [1.6000000000000227, 2.186956521739153], [2.0999999999999943, 2.1000000000000227], [2.0999999999999943], [1.6000000000000227], [1.6000000000000227, 1.8500000000000227], [12.521428571428626, 1.6000000000000014], [12.521428571428626, 2.0999999999999943], [0.48541666666666095], [0.48541666666666095], [2.1000000000000227, 1.7875000000000227], [2.1000000000000227], [2.1000000000000227, 1.6000000000000227], [2.1000000000000227], [1.5999999999999943, 6.0184210526315995], [1.5999999999999943], [6.0184210526315995, 1.7999999999999972], [4.550000000000011], [4.550000000000011, 1.183333333333356], [1.6588235294117875], [4.050000000000011, 3.138162878787882], [4.050000000000011], [2.1000000000000227], [1.7363636363636592, 0.5999999999999943], [0.5999999999999943, 1.308333333333356], [1.8500000000000227], [2.1000000000000227], [1.5], [2.0999999999999943], [2.186956521739153], [1.6000000000000227, 1.183333333333356, 1.183333333333356], [1.183333333333356], [1.5], [1.5, 1.6000000000000014, 1.6000000000000014], [0.963636363636358], [0.963636363636358, 0.963636363636358], [0.963636363636358, 2.317391304347845], [1.7875000000000227, 1.7875000000000227, 2.1000000000000227], [1.7875000000000227, 2.317391304347845], [2.1000000000000227, 2.1909090909091136], [0.5999999999999943, 1.308333333333356, 1.308333333333356], [2.1000000000000227, 3.138162878787882, 3.138162878787882], [3.138162878787882], [1.7999999999999972, 1.0999999999999943, 1.7999999999999972], [1.0999999999999943], [2.1909090909091136, 2.317391304347845, 2.317391304347845], [2.1000000000000227, 2.317391304347845, 2.317391304347845], [1.6000000000000014], [1.6000000000000014, 1.6000000000000014, 1.7999999999999972]], "vertices": [[438.0, 142.0], [489.0, 142.0], [223.0, 185.0], [223.0, 164.0], [489.0, 354.0], [489.0, 380.0], [633.0, 142.0], [794.0, 142.0], [248, 99.0], [290.0, 99.0], [532.0, 142.0], [588.0, 142.0], [633.0, 354.0], [633.0, 443.0], [532.0, 354.0], [139.0, 380.0], [139.0, 443.0], [732, 443.0], [794.0, 443.0], [38.0, 380.0], [85.0, 380.0], [340.0, 228.0], [394.0, 228.0], [394.0, 380.0], [394.0, 443.0], [340.0, 380.0], [340.0, 443.0], [184.0, 99.0], [223.0, 99.0], [184.0, 185.0], [270, 443.0], [290.0, 443.0], [489.0, 99.0], [184.0, 443.0], [223.0, 443.0], [588.0, 99.0], [438.0, 185.0], [290.0, 185.0], [532.0, 99.0], [633.0, 99.0], [699, 443], [85.0, 443.0], [532.0, 380.0], [290.0, 380.0], [290.0, 228.0], [58, 228], [38.0, 228.0], [416, 228.0], [438.0, 228.0], [466.0, 228.0], [438.0, 380.0], [466.0, 380.0], [438.0, 310.0], [290.0, 164.0], [184.0, 380.0], [184.0, 228.0], [118.0, 185.0], [118.0, 228.0], [466.0, 310.0], [466.0, 354.0], [38.0, 142.0], [38.0, 185.0]]}